material,year,watershed,forest,species,horizon,depth,sample_wt_mg,C_ug,N_ug,C_mg_g,d13C_permil,d15N_permil,TrayName,WellID,enriched,plot,tree,OurLabID,analysis_number,sample_id,d13C_comment,d15N_comment,source_file
foliage,2013,WB,,RS,,,4.29,2193.423,45.625,511.287,-26.609,1.486,BBWM Foliage3,A1,yes,D20,20,680835,5084,5100,,,SPENCER BBWM-FOLIAGE3 0314
foliage,2013,WB,,YB,,,4.18,2010.872,102.553,481.07,-30.022,4.542,BBWM Foliage3,A2,yes,D20,17,680836,5085,5101,,,SPENCER BBWM-FOLIAGE3 0314
foliage,2013,WB,,AB,,,4.21,2006.93,93.511,476.705,-30.391,6.907,BBWM Foliage3,A3,yes,E20,7,680837,5086,5102,,,SPENCER BBWM-FOLIAGE3 0314
foliage,2013,WB,,YB,,,3.97,1929.925,106.643,486.127,-30.456,14.974,BBWM Foliage3,A4,yes,E20,11,680838,5087,5104,,,SPENCER BBWM-FOLIAGE3 0314
foliage,2013,WB,,RS,,,3.9,1896.277,44.858,486.225,-29.333,6.463,BBWM Foliage3,A5,yes,F23,14,680839,5088,5105,,,SPENCER BBWM-FOLIAGE3 0314
foliage,2013,WB,,RM,,,4.3,2115.087,89.382,491.881,-28.642,2.516,BBWM Foliage3,A6,yes,F23,8,680840,5089,5106,,,SPENCER BBWM-FOLIAGE3 0314
foliage,2013,WB,,RS,,,4.42,2212.964,41.099,500.671,-27.153,11.83,BBWM Foliage3,A7,yes,F24,7,680841,5090,5107,,,SPENCER BBWM-FOLIAGE3 0314
foliage,2013,WB,,YB,,,3.98,1882.408,105.826,472.967,-29.408,9.75,BBWM Foliage3,A8,yes,F24,11,680842,5091,5108,,,SPENCER BBWM-FOLIAGE3 0314
foliage,2013,WB,,YB,,,4.2,2056.156,126.91,489.561,-28.601,7.944,BBWM Foliage3,A9,yes,F24,6,680843,5092,5109,,,SPENCER BBWM-FOLIAGE3 0314
foliage,2013,WB,,RS,,,3.9,1963.523,53.618,503.467,-29.766,7.692,BBWM Foliage3,A10,yes,H13,22,680844,5093,5110,,,SPENCER BBWM-FOLIAGE3 0314
foliage,2013,WB,,RM,,,4.03,2016.784,78.505,500.443,-28.825,5.858,BBWM Foliage3,A11,yes,H13,6,680845,5094,5111,,,SPENCER BBWM-FOLIAGE3 0314
foliage,2013,WB,,SM,,,3.95,1874.479,80.67,474.552,-30.372,9.703,BBWM Foliage3,A12,yes,I15,3,680846,5095,5112,,,SPENCER BBWM-FOLIAGE3 0314
foliage,2013,WB,,AB,,,4.31,1973.396,105.826,457.864,-30.459,20.354,BBWM Foliage3,B1,yes,K15,3,680847,5099,5113,,,SPENCER BBWM-FOLIAGE3 0314
foliage,2013,WB,,AB,,,3.99,1884.39,110.721,472.278,-29.645,11.65,BBWM Foliage3,B2,yes,K15,1,680848,5100,5114,,,SPENCER BBWM-FOLIAGE3 0314
foliage,2013,WB,,SM,,,4.3,2115.087,100.093,491.881,-31.168,3.578,BBWM Foliage3,B3,yes,L13,6,680849,5101,5115,,,SPENCER BBWM-FOLIAGE3 0314
foliage,2013,WB,,SM,,,3.98,1902.219,80.421,477.944,-29.517,1.8,BBWM Foliage3,B4,yes,N10,5,680850,5102,5116,,,SPENCER BBWM-FOLIAGE3 0314
foliage,2013,WB,,RM,,,4.33,2154.289,84.576,497.526,-28.308,8.191,BBWM Foliage3,B5,yes,N11,10,680851,5103,5117,,,SPENCER BBWM-FOLIAGE3 0314
foliage,2013,WB,,SM,,,4.03,1943.765,92.686,482.324,-29.35,5.533,BBWM Foliage3,B6,yes,N12,6,680852,5104,5118,,,SPENCER BBWM-FOLIAGE3 0314
foliage,2013,WB,,RM,,,3.98,1933.88,88.555,485.9,-27.799,2.839,BBWM Foliage3,B7,yes,P11,2,680853,5105,5119,,,SPENCER BBWM-FOLIAGE3 0314
foliage,2013,WB,,RS,,,4.11,2115.087,58.444,514.62,-28.815,4.407,BBWM Foliage3,F7,yes,Q10,2,680901,5164,5120,,,SPENCER BBWM-FOLIAGE3 0314
foliage,2013,WB,,AB,,,4.39,2134.697,104.19,486.263,-29.716,1.826,BBWM Foliage3,B8,yes,Q10,13,680854,5106,5121,,,SPENCER BBWM-FOLIAGE3 0314
foliage,2013,WB,,AB,,,4.31,2030.572,95.16,471.13,-29.973,3.906,BBWM Foliage3,B9,yes,Q10,5,680855,5107,5122,,,SPENCER BBWM-FOLIAGE3 0314
foliage,2013,WB,,SM,,,4.14,1977.343,92.686,477.619,-30.468,2.058,BBWM Foliage3,B10,yes,Q9,2,680856,5108,5123,,,SPENCER BBWM-FOLIAGE3 0314
foliage,2013,WB,,RM,,,4.07,1922.012,75.501,472.239,-29.824,1.586,BBWM Foliage3,F8,yes,Q9,1,680902,5165,5124,,,SPENCER BBWM-FOLIAGE3 0314
foliage,2013,EB,,RS,,,4.3,2154.289,48.266,500.997,-28.455,8.74,BBWM Foliage3,B11,yes,K23,12,680857,5109,5125,,,SPENCER BBWM-FOLIAGE3 0314
foliage,2013,EB,,SM,,,3.9,1916.076,80.254,491.301,-29.749,1.455,BBWM Foliage3,B12,yes,M16,5,680858,5110,5126,,,SPENCER BBWM-FOLIAGE3 0314
foliage,2013,EB,,RM,,,4.22,2095.46,84.244,496.555,-29.911,1.785,BBWM Foliage3,C1,yes,M16,1,680859,5114,5127,,,SPENCER BBWM-FOLIAGE3 0314
foliage,2013,EB,,RS,,,3.9,1779.118,27.094,456.184,-28.594,9.64,BBWM Foliage3,C2,yes,N21,8,680860,5115,5128,,,SPENCER BBWM-FOLIAGE3 0314
foliage,2013,EB,,AB,,,4.39,2232.489,119.649,508.54,-30.21,4.028,BBWM Foliage3,C5,yes,N21,11,680863,5118,5129,,,SPENCER BBWM-FOLIAGE3 0314
foliage,2013,EB,,YB,,,4.33,2075.817,95.16,479.403,-29.595,12.528,BBWM Foliage3,C6,yes,N21,9,680864,5119,5130,,,SPENCER BBWM-FOLIAGE3 0314
foliage,2013,EB,,YB,,,4.34,2115.087,114.787,487.347,-30.985,6.839,BBWM Foliage3,C7,yes,N21,12,680865,5120,5131,,,SPENCER BBWM-FOLIAGE3 0314
foliage,2013,EB,,RM,,,4.4,2446.132,86.07,555.939,-27.003,1.665,BBWM Foliage3,C8,yes,O14,2,680866,5121,5132,,,SPENCER BBWM-FOLIAGE3 0314
foliage,2013,EB,,RM,,,4.05,2056.156,88.555,507.693,-29.185,-0.18,BBWM Foliage3,C9,yes,O20,3,680867,5122,5133,,,SPENCER BBWM-FOLIAGE3 0314
foliage,2013,EB,,SM,,,3.9,1818.9,82.832,466.385,-28.13,-0.958,BBWM Foliage3,C10,yes,P19,4,680868,5123,5134,,,SPENCER BBWM-FOLIAGE3 0314
foliage,2013,EB,,AB,,,4,1862.58,91.861,465.645,-29.879,3.863,BBWM Foliage3,C11,yes,P21,1,680869,5124,5135,,,SPENCER BBWM-FOLIAGE3 0314
foliage,2013,EB,,AB,,,4.5,2134.697,115.598,474.377,-29.498,14.499,BBWM Foliage3,C12,yes,P21,2,680870,5125,5136,,,SPENCER BBWM-FOLIAGE3 0314
foliage,2013,EB,,YB,,,4.23,2368.682,100.093,559.972,-31.004,7.802,BBWM Foliage3,D1,yes,P22,17,680871,5128,5137,,,SPENCER BBWM-FOLIAGE3 0314
foliage,2013,EB,,RS,,,4.5,2212.964,54.72,491.77,-28.952,3.682,BBWM Foliage3,D2,yes,P24,10,680872,5129,5138,,,SPENCER BBWM-FOLIAGE3 0314
foliage,2013,EB,,AB,,,4.15,2075.817,106.643,500.197,-30.174,2.893,BBWM Foliage3,D3,yes,P24,1,680873,5130,5139,,,SPENCER BBWM-FOLIAGE3 0314
foliage,2013,EB,,AB,,,3.8,1701.349,95.16,447.723,-30.224,4.745,BBWM Foliage3,D4,yes,P24,2,680874,5131,5140,,,SPENCER BBWM-FOLIAGE3 0314
foliage,2013,EB,,RM,,,4.53,2290.959,93.511,505.731,-28.049,0.018,BBWM Foliage3,D5,yes,Q18,3,680875,5132,5141,,,SPENCER BBWM-FOLIAGE3 0314
foliage,2013,EB,,YB,,,4.04,1953.646,100.093,483.576,-30.222,8.533,BBWM Foliage3,D6,yes,Q18,5,680876,5133,5142,,,SPENCER BBWM-FOLIAGE3 0314
foliage,2013,EB,,YB,,,4.2,1997.072,105.008,475.493,-29.032,3.593,BBWM Foliage3,D7,yes,Q18,1,680877,5134,5143,,,SPENCER BBWM-FOLIAGE3 0314
foliage,2013,EB,,SM,,,4.56,2232.489,95.16,489.581,-29.175,0.218,BBWM Foliage3,D8,yes,Q19,6,680878,5135,5144,,,SPENCER BBWM-FOLIAGE3 0314
foliage,2013,EB,,RM,,,3.91,1862.58,66.031,476.363,-28.232,1.06,BBWM Foliage3,D9,yes,Q19,7,680879,5136,5145,,,SPENCER BBWM-FOLIAGE3 0314
foliage,2013,EB,,SM,,,4.13,1874.479,67.964,453.869,-28.303,-0.196,BBWM Foliage3,D10,yes,R15,13,680880,5137,5146,,,SPENCER BBWM-FOLIAGE3 0314
foliage,2013,EB,,RS,,,4.49,2310.416,42.894,514.569,-27.383,5.04,BBWM Foliage3,D11,yes,R20,31,680881,5138,5147,,,SPENCER BBWM-FOLIAGE3 0314
foliage,2013,EB,,SM,,,4.34,2173.864,88.555,500.89,-28.014,-0.607,BBWM Foliage3,D12,yes,S12,12,680882,5139,5148,,,SPENCER BBWM-FOLIAGE3 0314
foliage,2013,EB,,RS,,,4.59,2561.796,50.562,558.125,-29.241,-0.181,BBWM Foliage3,E1,yes,S22,11,680883,5143,5149,,,SPENCER BBWM-FOLIAGE3 0314
foliage,2014,WB,,RS,,,4.14,2120.685,46.715,512.243,-28.415,3.461,BBWMFoliage4,A1,yes,D20,20,764185,146233,5200,,,SPENCER BBWMFOLIAGE4 1014-2
foliage,2014,WB,,YB,,,4.21,1978.816,94.569,470.028,-30.35,5.402,BBWMFoliage4,A2,yes,D20,17,764186,146234,5201,,,SPENCER BBWMFOLIAGE4 1014-2
foliage,2014,WB,,AB,,,4.14,2043.278,117.939,493.545,-32.158,3.519,BBWMFoliage4,A3,yes,E20,7,764187,146235,5202,,,SPENCER BBWMFOLIAGE4 1014-2
foliage,2014,WB,,YB,,,4.09,2017.489,93.667,493.273,-28.509,10.161,BBWMFoliage4,A4,yes,E20,1,764188,146236,5203,,,SPENCER BBWMFOLIAGE4 1014-2
foliage,2014,WB,,YB,,,4.34,2017.489,114.356,464.859,-31.411,10.763,BBWMFoliage4,A5,yes,E20,11,764189,146237,5204,,,SPENCER BBWMFOLIAGE4 1014-2
foliage,2014,WB,,RS,,,4.18,1940.158,40.197,464.153,-27.473,4.928,BBWMFoliage4,A6,yes,F23,14,764190,146238,5205,,,SPENCER BBWMFOLIAGE4 1014-2
foliage,2014,WB,,RM,,,4.14,1759.94,80.548,425.106,-28.824,2.013,BBWMFoliage4,A7,yes,F23,8,764191,146239,5206,,,SPENCER BBWMFOLIAGE4 1014-2
foliage,2014,WB,,RS,,,3.95,1965.928,38.726,497.703,-25.885,10.394,BBWMFoliage4,A8,yes,F24,7,764192,146240,5207,,,SPENCER BBWMFOLIAGE4 1014-2
foliage,2014,WB,,YB,,,4.18,1991.705,123.306,476.485,-28.92,14.784,BBWMFoliage4,A9,yes,F24,11,764193,146241,5208,,,SPENCER BBWMFOLIAGE4 1014-2
foliage,2014,WB,,YB,,,4.23,2017.489,125.985,476.948,-29.454,6.421,BBWMFoliage4,A10,yes,F24,6,764194,146242,5209,,,SPENCER BBWMFOLIAGE4 1014-2
foliage,2014,WB,,RS,,,4.17,2094.876,52.029,502.368,-28.05,14.475,BBWMFoliage4,A11,yes,H13,22,764195,146243,5210,,,SPENCER BBWMFOLIAGE4 1014-2
foliage,2014,WB,,RM,,,3.96,1875.759,70.92,473.676,-28.985,6.559,BBWMFoliage4,A12,yes,H13,6,764196,146244,5211,,,SPENCER BBWMFOLIAGE4 1014-2
foliage,2014,WB,,SM,,,4.04,1940.158,97.275,480.237,-29.854,8.849,BBWMFoliage4,B1,yes,I15,3,764197,146248,5212,,,SPENCER BBWMFOLIAGE4 1014-2
foliage,2014,WB,,AB,,,4,1862.884,107.176,465.721,-28.287,9.411,BBWMFoliage4,B2,yes,K15,3,764198,146249,5213,,,SPENCER BBWMFOLIAGE4 1014-2
foliage,2014,WB,,AB,,,4.25,2146.5,108.973,505.059,-27.74,16.382,BBWMFoliage4,B3,yes,K15,1,764199,146250,5214,,,SPENCER BBWMFOLIAGE4 1014-2
foliage,2014,WB,,SM,,,3.96,1901.513,95.471,480.18,-28.884,3.103,BBWMFoliage4,B4,yes,L13,6,764200,146251,5215,,,SPENCER BBWMFOLIAGE4 1014-2
foliage,2014,WB,,SM,,,3.97,1940.158,87.521,488.705,-25.735,5.23,BBWMFoliage4,B5,yes,N10,5,764201,146252,5216,,,SPENCER BBWMFOLIAGE4 1014-2
foliage,2014,WB,,RM,,,4.07,1991.705,81.907,489.362,-26.311,10.437,BBWMFoliage4,B6,yes,N11,10,764202,146253,5217,,,SPENCER BBWMFOLIAGE4 1014-2
foliage,2014,WB,,SM,,,3.97,1914.393,79.006,482.215,-28.485,5.179,BBWMFoliage4,B7,yes,N12,6,764203,146254,5218,,,SPENCER BBWMFOLIAGE4 1014-2
foliage,2014,WB,,RM,,,4.07,1978.816,86.164,486.196,-28.125,2.449,BBWMFoliage4,B8,yes,P11,2,764204,146255,5219,,,SPENCER BBWMFOLIAGE4 1014-2
foliage,2014,WB,,RS,,,4.29,2133.591,58.157,497.341,-30.378,5.435,BBWMFoliage4,B9,yes,Q10,2,764205,146256,5220,,,SPENCER BBWMFOLIAGE4 1014-2
foliage,2014,WB,,AB,,,4.13,1862.884,74.92,451.061,-28.663,3.256,BBWMFoliage4,B10,yes,Q10,13,764206,146257,5221,,,SPENCER BBWMFOLIAGE4 1014-2
foliage,2014,WB,,AB,,,4.12,1965.928,101.78,477.167,-28.538,4.259,BBWMFoliage4,B11,yes,Q10,5,764207,146258,5222,,,SPENCER BBWMFOLIAGE4 1014-2
foliage,2014,WB,,SM,,,4.04,1772.802,76.101,438.812,-29.631,3.192,BBWMFoliage4,B12,yes,Q9,2,764208,146259,5223,,,SPENCER BBWMFOLIAGE4 1014-2
foliage,2014,WB,,RM,,,3.91,1875.759,93.667,479.734,-28.823,2.031,BBWMFoliage4,C1,yes,Q9,1,764209,146266,5224,,,SPENCER BBWMFOLIAGE4 1014-2
foliage,2014,EB,,RS,,,4.01,2004.596,34.493,499.899,-26.788,8.237,BBWMFoliage4,C2,yes,K23,12,764210,146267,5225,,,SPENCER BBWMFOLIAGE4 1014-2
foliage,2014,EB,,SM,,,4.25,2030.383,76.918,477.737,-27.859,2.415,BBWMFoliage4,C3,yes,M16,5,764211,146268,5226,,,SPENCER BBWMFOLIAGE4 1014-2
foliage,2014,EB,,RM,,,4.16,1991.705,78.008,478.775,-29.78,2.419,BBWMFoliage4,C4,yes,M16,1,764212,146269,5227,,,SPENCER BBWMFOLIAGE4 1014-2
foliage,2014,EB,,RS,,,3.96,1991.705,34.033,502.956,-27.198,8.57,BBWMFoliage4,C5,yes,N21,8,764213,146270,5228,,,SPENCER BBWMFOLIAGE4 1014-2
foliage,2014,EB,,AB,,,4.09,1965.928,101.78,480.667,-30.066,4.615,BBWMFoliage4,C6,yes,N21,11,764214,146271,5229,,,SPENCER BBWMFOLIAGE4 1014-2
foliage,2014,EB,,YB,,,4.22,1953.042,107.176,462.806,-28.663,15.795,BBWMFoliage4,C7,yes,N21,9,764215,146272,5230,,,SPENCER BBWMFOLIAGE4 1014-2
foliage,2014,EB,,YB,,,4,1850.01,95.471,462.503,-29.931,7.293,BBWMFoliage4,C8,yes,N21,12,764216,146273,5231,,,SPENCER BBWMFOLIAGE4 1014-2
foliage,2014,EB,,RM,,,4.23,2043.278,76.01,483.044,-26.068,4.526,BBWMFoliage4,C9,yes,O14,2,764217,146274,5232,,,SPENCER BBWMFOLIAGE4 1014-2
foliage,2014,EB,,RM,,,4.29,2120.685,89.782,494.332,-27.399,0.18,BBWMFoliage4,C10,yes,O20,3,764218,146275,5233,,,SPENCER BBWMFOLIAGE4 1014-2
foliage,2014,EB,,SM,,,3.94,1850.01,85.802,469.546,-28.124,-0.061,BBWMFoliage4,C11,yes,P19,4,764219,146276,5234,,,SPENCER BBWMFOLIAGE4 1014-2
foliage,2014,EB,,AB,,,3.95,1862.884,65.275,471.616,-29.967,6.644,BBWMFoliage4,C12,yes,P21,1,764220,146277,5235,,,SPENCER BBWMFOLIAGE4 1014-2
foliage,2014,EB,,AB,,,4.17,1837.138,91.861,440.561,-30.336,8.843,BBWMFoliage4,D1,yes,P21,2,764221,146281,5236,,,SPENCER BBWMFOLIAGE4 1014-2
foliage,2014,EB,,YB,,,4.33,2030.383,90.957,468.911,-30.001,8.652,BBWMFoliage4,D2,yes,P22,17,764222,146282,5237,,,SPENCER BBWMFOLIAGE4 1014-2
foliage,2014,EB,,RS,,,4.28,2185.234,51.846,510.569,-29,6.937,BBWMFoliage4,D3,yes,P24,10,764223,146283,5238,,,SPENCER BBWMFOLIAGE4 1014-2
foliage,2014,EB,,AB,,,3.93,1798.532,89.873,457.642,-28.303,3.343,BBWMFoliage4,D4,yes,P24,1,764224,146284,5239,,,SPENCER BBWMFOLIAGE4 1014-2
foliage,2014,EB,,AB,,,4.15,1991.705,101.78,479.929,-28.617,6.562,BBWMFoliage4,D5,yes,P24,2,764225,146285,5240,,,SPENCER BBWMFOLIAGE4 1014-2
foliage,2014,EB,,RM,,,4.01,2056.175,80.094,512.762,-28.347,-0.457,BBWMFoliage4,D6,yes,Q18,3,764226,146286,5241,,,SPENCER BBWMFOLIAGE4 1014-2
foliage,2014,EB,,YB,,,3.94,1888.635,85.44,479.349,-29.649,8.109,BBWMFoliage4,D7,yes,Q18,5,764227,146287,5242,,,SPENCER BBWMFOLIAGE4 1014-2
foliage,2014,EB,,YB,,,3.98,1862.884,89.33,468.061,-29.516,8.646,BBWMFoliage4,D8,yes,Q18,1,764228,146288,5243,,,SPENCER BBWMFOLIAGE4 1014-2
foliage,2014,EB,,SM,,,3.93,1888.635,79.278,480.569,-29.233,1.447,BBWMFoliage4,D9,yes,Q19,6,764229,146289,5244,,,SPENCER BBWMFOLIAGE4 1014-2
foliage,2014,EB,,RM,,,4.15,2081.974,75.193,501.681,-29.012,0.986,BBWMFoliage4,D10,yes,Q19,7,764230,146290,5245,,,SPENCER BBWMFOLIAGE4 1014-2
foliage,2014,EB,,SM,,,4.03,1914.393,63.816,475.036,-28.238,0.769,BBWMFoliage4,D11,yes,R15,13,764231,146291,5246,,,SPENCER BBWMFOLIAGE4 1014-2
foliage,2014,EB,,RS,,,4.18,2094.876,48.915,501.167,-26.685,12.475,BBWMFoliage4,D12,yes,R20,31,764232,146292,5247,,,SPENCER BBWMFOLIAGE4 1014-2
foliage,2014,EB,,SM,,,4.35,2094.876,87.521,481.581,-26.329,-0.311,BBWMFoliage4,E1,yes,S12,12,764233,146296,5248,,,SPENCER BBWMFOLIAGE4 1014-2
foliage,2014,EB,,RS,,,3.93,1965.928,35.23,500.236,-28.769,0.012,BBWMFoliage4,E2,yes,S22,11,764234,146297,5249,,,SPENCER BBWMFOLIAGE4 1014-2
foliage,2013,WB,,RS,,,4.01,2030.383,34.401,506.33,-28.896,2.339,BBWMFoliage4,E3,yes,D20,20,764235,146298,5250,,,SPENCER BBWMFOLIAGE4 1014-2
foliage,2012,WB,,RS,,,4.13,2081.974,38.726,504.11,-28.971,1.543,BBWMFoliage4,E4,yes,D20,20,764236,146299,5251,,,SPENCER BBWMFOLIAGE4 1014-2
foliage,2013,WB,,RS,,,3.92,2004.596,47.815,511.377,-28.262,4.121,BBWMFoliage4,E5,yes,F23,14,764237,146300,5252,,,SPENCER BBWMFOLIAGE4 1014-2
foliage,2012,WB,,RS,,,4.1,2107.78,43.32,514.093,-28.2,3.356,BBWMFoliage4,E6,yes,F23,14,764238,146301,5253,,,SPENCER BBWMFOLIAGE4 1014-2
foliage,2013,WB,,RS,,,4.04,2094.876,42.677,518.534,-26.916,9.854,BBWMFoliage4,E7,yes,F24,7,764239,146302,5254,,,SPENCER BBWMFOLIAGE4 1014-2
foliage,2012,WB,,RS,,,4.16,2133.591,39.553,512.883,-26.696,6.824,BBWMFoliage4,E8,yes,F24,7,764240,146303,5255,,,SPENCER BBWMFOLIAGE4 1014-2
foliage,2013,WB,,RS,,,4,2017.489,47.632,504.372,-28.139,12.064,BBWMFoliage4,E9,yes,H13,22,764241,146304,5256,,,SPENCER BBWMFOLIAGE4 1014-2
foliage,2012,WB,,RS,,,4.06,2094.876,45.798,515.979,-27.698,9.624,BBWMFoliage4,E10,yes,H13,22,764242,146305,5257,,,SPENCER BBWMFOLIAGE4 1014-2
foliage,2013,WB,,RS,,,4.18,2133.591,50.289,510.429,-31.006,3.837,BBWMFoliage4,E11,yes,Q10,2,764243,146306,5258,,,SPENCER BBWMFOLIAGE4 1014-2
foliage,2012,WB,,RS,,,3.93,2030.383,42.952,516.637,-30.406,2.554,BBWMFoliage4,E12,yes,Q10,2,764244,146307,5259,,,SPENCER BBWMFOLIAGE4 1014-2
foliage,2013,EB,,RS,,,4.24,2159.409,39.645,509.295,-27.558,7.437,BBWMFoliage4,F1,yes,K23,12,764245,146310,5260,,,SPENCER BBWMFOLIAGE4 1014-2
foliage,2012,EB,,RS,,,4.03,2069.074,37.254,513.418,-27.497,5.981,BBWMFoliage4,F2,yes,K23,12,764246,146311,5261,,,SPENCER BBWMFOLIAGE4 1014-2
foliage,2013,EB,,RS,,,4.29,2198.148,36.426,512.389,-28.496,6.55,BBWMFoliage4,F3,yes,N21,8,764247,146312,5262,,,SPENCER BBWMFOLIAGE4 1014-2
foliage,2012,EB,,RS,,,3.93,2030.383,25.733,516.637,-28.346,3.978,BBWMFoliage4,F4,yes,N21,8,764248,146313,5263,,,SPENCER BBWMFOLIAGE4 1014-2
foliage,2013,EB,,RS,,,4.2,2133.591,42.952,507.998,-30.561,4.936,BBWMFoliage4,F5,yes,P24,10,764249,146314,5264,,,SPENCER BBWMFOLIAGE4 1014-2
foliage,2012,EB,,RS,,,3.99,2043.278,37.254,512.1,-30.348,3.284,BBWMFoliage4,F6,yes,P24,10,764250,146315,5265,,,SPENCER BBWMFOLIAGE4 1014-2
foliage,2013,EB,,RS,,,4.11,2120.685,44.146,515.982,-27.465,9.2,BBWMFoliage4,F7,yes,R20,31,764251,146316,5266,,,SPENCER BBWMFOLIAGE4 1014-2
foliage,2012,EB,,RS,,,3.92,2030.383,35.506,517.955,-27.435,6.841,BBWMFoliage4,F8,yes,R20,31,764252,146317,5267,,,SPENCER BBWMFOLIAGE4 1014-2
foliage,2013,EB,,RS,,,3.94,2030.383,34.585,515.326,-29.732,-0.792,BBWMFoliage4,F9,yes,S22,11,764253,146318,5268,,,SPENCER BBWMFOLIAGE4 1014-2
foliage,2012,EB,,RS,,,4.16,2133.591,35.322,512.883,-29.649,-1.321,BBWMFoliage4,F10,yes,S22,11,764254,146319,5269,,,SPENCER BBWMFOLIAGE4 1014-2
foliage,2012,WB,,RS,,,3.99,1994.989,52.781,499.997,-28.108,2.08,Spencer BBWM Foliage,A1,,D20,20,,,5001,,,SPENCER BBWMFOLIAGE&ROOTS2 0313
foliage,2012,WB,,AB,,,4.08,2000.796,94.586,490.391,-30.128,8.366,Spencer BBWM Foliage,A2,,E20,7,,,5003,,,SPENCER BBWMFOLIAGE&ROOTS2 0313
foliage,2012,WB,,RS,,,4.04,2139.33,53.493,529.537,-29.507,5.776,Spencer BBWM Foliage,A3,,F23,14,,,5006,,,SPENCER BBWMFOLIAGE&ROOTS2 0313
foliage,2012,WB,,RM,,,3.95,1991.133,81.222,504.084,-29.896,1.405,Spencer BBWM Foliage,A4,,F23,8,,,5007,,,SPENCER BBWMFOLIAGE&ROOTS2 0313
foliage,2012,WB,,RS,,,3.99,2037.169,44.17,510.569,-27.626,2.123,Spencer BBWM Foliage,A5,,F24,7,,,5008,,,SPENCER BBWMFOLIAGE&ROOTS2 0313
foliage,2012,WB,,SM,,,3.9,1968.289,84.486,504.69,-30.751,3.854,Spencer BBWM Foliage,A6,,I15,3,,,5013,,,SPENCER BBWMFOLIAGE&ROOTS2 0313
foliage,2012,WB,,AB,,,4.09,2161.546,126.92,528.495,-30.081,3.205,Spencer BBWM Foliage,A7,,K15,1,,,5015,,,SPENCER BBWMFOLIAGE&ROOTS2 0313
foliage,2012,WB,,SM,,,3.97,2053.858,92.436,517.345,-29.655,2.705,Spencer BBWM Foliage,A8,,N10,5,,,5017,,,SPENCER BBWMFOLIAGE&ROOTS2 0313
foliage,2012,WB,,RM,,,4.11,2336.543,93.218,568.502,-30.07,2.727,Spencer BBWM Foliage,A9,,N11,10,,,5018,Contains more carbon than the largest standard,,SPENCER BBWMFOLIAGE&ROOTS2 0313
foliage,2012,WB,,RM,,,4.02,2001.535,96.476,497.894,-29.953,1.863,Spencer BBWM Foliage,A10,,P11,2,,,5020,,,SPENCER BBWMFOLIAGE&ROOTS2 0313
foliage,2012,WB,,AB,,,3.97,1880.649,93.908,473.715,-30.413,0.442,Spencer BBWM Foliage,A11,,Q10,13,,,5022,,,SPENCER BBWMFOLIAGE&ROOTS2 0313
foliage,2012,WB,,SM,,,4.04,1969.639,78.427,487.534,-30.536,1.145,Spencer BBWM Foliage,A12,,Q9,2,,,5024,,,SPENCER BBWMFOLIAGE&ROOTS2 0313
foliage,2012,EB,,SM,,,3.95,1887.38,79.635,477.818,-31.213,-1.265,Spencer BBWM Foliage,B1,,M16,5,,,5027,,,SPENCER BBWMFOLIAGE&ROOTS2 0313
foliage,2012,EB,,RM,,,4.08,2111.91,81.103,517.625,-31.349,-1.073,Spencer BBWM Foliage,B2,,M16,1,,,5028,,,SPENCER BBWMFOLIAGE&ROOTS2 0313
foliage,2012,EB,,RM,,,4.18,2004.253,89.639,479.486,-29.821,-1.219,Spencer BBWM Foliage,B3,,O20,3,,,5034,,,SPENCER BBWMFOLIAGE&ROOTS2 0313
foliage,2012,EB,,AB,,,4,2006.779,109.519,501.695,-30.739,0.09,Spencer BBWM Foliage,B4,,P21,1,,,5036,,,SPENCER BBWMFOLIAGE&ROOTS2 0313
foliage,2012,EB,,RS,,,3.9,2025.701,60.701,519.411,-28.703,1.365,Spencer BBWM Foliage,B5,,P24,10,,,5039,,,SPENCER BBWMFOLIAGE&ROOTS2 0313
foliage,2012,EB,,AB,,,4.1,2116.718,111.71,516.273,-30.104,2.677,Spencer BBWM Foliage,B6,,P24,1,,,5040,,,SPENCER BBWMFOLIAGE&ROOTS2 0313
foliage,2012,EB,,AB,,,3.86,2078.985,96.847,538.597,-29.169,2.191,Spencer BBWM Foliage,B7,,P24,2,,,5041,,,SPENCER BBWMFOLIAGE&ROOTS2 0313
foliage,2012,EB,,RM,,,4.04,1984.802,75.702,491.288,-30.054,-1.873,Spencer BBWM Foliage,B8,,Q18,3,,,5042,,,SPENCER BBWMFOLIAGE&ROOTS2 0313
foliage,2012,EB,,RS,,,4.06,2143.65,40.696,527.993,-27.169,1.446,Spencer BBWM Foliage,B10,,R20,31,,,5058,,,SPENCER BBWMFOLIAGE&ROOTS2 0313
foliage,2012,EB,,SM,,,3.94,1836.088,70.14,466.012,-28.234,-3.368,Spencer BBWM Foliage,B11,,S12,12,,,5059,,,SPENCER BBWMFOLIAGE&ROOTS2 0313
foliage,2012,EB,,RS,,,4.05,2154.425,47.053,531.957,-28.531,-0.258,Spencer BBWM Foliage,B12,,S22,11,,,5060,,,SPENCER BBWMFOLIAGE&ROOTS2 0313
foliage,2010,WB,,YB,,,4.66,2374.465,111.248,509.542,-28.83,0.652,,,NO,D20,T17,,,V1,,,COPY OF SPENCER BBWMSOIL1&VEG1 0312
foliage,2010,WB,,YB,,,4.13,2086.673,108.903,505.248,-30.266,1.868,,,NO,E20,T11,,,V2,,,COPY OF SPENCER BBWMSOIL1&VEG1 0312
foliage,2010,WB,,YB,,,4.07,2043.236,87.807,502.023,-28.858,0.794,,,NO,F24,T11,,,V3,,,COPY OF SPENCER BBWMSOIL1&VEG1 0312
foliage,2010,WB,,YB,,,4.41,2201.329,98.322,499.168,-27.911,-1.383,,,NO,F25,T3,,,V4,,,COPY OF SPENCER BBWMSOIL1&VEG1 0312
foliage,2010,WB,,YB,,,4.67,2383.727,131.535,510.434,-30.483,1.612,,,NO,G18,T2,,,V5,,,COPY OF SPENCER BBWMSOIL1&VEG1 0312
foliage,2010,WB,,AB,,,4.43,2250.845,108.2,508.092,-29.385,1.694,,,NO,E20,T17,,,V6,,,COPY OF SPENCER BBWMSOIL1&VEG1 0312
foliage,2010,WB,,AB,,,4.14,2111.481,122.232,510.02,-28.305,1.028,,,NO,K15,T1,,,V7,,,COPY OF SPENCER BBWMSOIL1&VEG1 0312
foliage,2010,WB,,AB,,,4.39,2139.379,117.565,487.33,-28.454,1.256,,,NO,K15,T3,,,V8,,,COPY OF SPENCER BBWMSOIL1&VEG1 0312
foliage,2010,WB,,AB,,,4.39,2306.505,126.888,525.4,-27.841,-1.251,,,NO,Q10,T10,,,V9,,,COPY OF SPENCER BBWMSOIL1&VEG1 0312
foliage,2010,WB,,AB,,,4.56,2260.125,104.912,495.642,-28.467,-1.643,,,NO,Q10,T13,,,V10,,,COPY OF SPENCER BBWMSOIL1&VEG1 0312
foliage,2010,WB,,RM,,,4.55,2608.672,93.484,573.334,-27.32,-1.438,,,NO,F25,T11,,,V12,,,COPY OF SPENCER BBWMSOIL1&VEG1 0312
foliage,2010,WB,,RM,,,4.48,2584.06,108.434,576.799,-28.864,-1.963,,,NO,Q9,T1,,,V13,,,COPY OF SPENCER BBWMSOIL1&VEG1 0312
foliage,2010,WB,,RM,,,4.3,2374.465,84.844,552.201,-27.323,-0.669,,,NO,F24,T8,,,V14,,,COPY OF SPENCER BBWMSOIL1&VEG1 0312
foliage,2010,WB,,RM,,,4.56,2463.937,88.872,540.337,-26.713,-0.5,,,NO,N11,T10,,,V15,,,COPY OF SPENCER BBWMSOIL1&VEG1 0312
foliage,2010,WB,,RM,,,4.33,2488.475,103.554,574.706,-27.103,-0.452,,,NO,F23,T8,,,mean V11,,,COPY OF SPENCER BBWMSOIL1&VEG1 0312
foliage,2010,WB,,SM,,,4.38,2365.202,95.963,540.001,-28.282,0.434,,,NO,L13,T6,,,V16,,,COPY OF SPENCER BBWMSOIL1&VEG1 0312
foliage,2010,WB,,SM,,,4.1,2046.339,103.031,499.107,-30.387,0.454,,,NO,J12,T3,,,V17,,,COPY OF SPENCER BBWMSOIL1&VEG1 0312
foliage,2010,WB,,SM,,,4.55,2697.808,121.066,592.925,-31.187,1.666,,,NO,G16,T2,,,V18,,,COPY OF SPENCER BBWMSOIL1&VEG1 0312
foliage,2010,WB,,SM,,,4.5,2210.616,92.303,491.248,-28.525,-0.44,,,NO,N10,T5,,,V19,,,COPY OF SPENCER BBWMSOIL1&VEG1 0312
foliage,2010,WB,,SM,,,4.35,2114.582,81.283,486.111,-27.701,1.76,,,NO,E16,T4,,,V20,,,COPY OF SPENCER BBWMSOIL1&VEG1 0312
foliage,2010,WB,,RS,,,4.24,2139.379,46.563,504.57,-26.896,3.15,,,NO,G21,T5,,,V21,,,COPY OF SPENCER BBWMSOIL1&VEG1 0312
foliage,2010,WB,,RS,,,4.13,2114.582,41.731,512.005,-26.291,-0.295,,,NO,D20,T20,,,V22,,,COPY OF SPENCER BBWMSOIL1&VEG1 0312
foliage,2010,WB,,RS,,,4.09,2139.379,43.423,523.076,-26.596,-0.178,,,NO,F24,T7,,,V23,,,COPY OF SPENCER BBWMSOIL1&VEG1 0312
foliage,2009,WB,,RS,,,4.15,2198.233,51.143,529.695,-27.281,1.959,,,NO,G21,T5,,,V26,,,COPY OF SPENCER BBWMSOIL1&VEG1 0312
foliage,2009,WB,,RS,,,3.99,2052.546,41.61,514.423,-26.514,-0.259,,,NO,D20,T20,,,V27,,,COPY OF SPENCER BBWMSOIL1&VEG1 0312
foliage,2009,WB,,RS,,,3.91,2021.505,36.162,517.009,-26.924,-0.293,,,NO,F24,T7,,,V28,,,COPY OF SPENCER BBWMSOIL1&VEG1 0312
foliage,2008,WB,,RS,,,4.21,2238.47,52.467,531.703,-26.85,1.723,,,NO,G21,T5,,,V31,,,COPY OF SPENCER BBWMSOIL1&VEG1 0312
foliage,2008,WB,,RS,,,4.42,2260.125,48.01,511.341,-26.22,-0.317,,,NO,D20,T20,,,V32,,,COPY OF SPENCER BBWMSOIL1&VEG1 0312
foliage,2008,WB,,RS,,,4.22,2222.997,49.336,526.777,-26.778,-0.274,,,NO,F24,T7,,,V33,,,COPY OF SPENCER BBWMSOIL1&VEG1 0312
foliage,2010,EB,,YB,,,4.35,2099.079,100.207,482.547,-28.833,-2.648,,,NO,M22,T1,,,V36,,,COPY OF SPENCER BBWMSOIL1&VEG1 0312
foliage,2010,EB,,YB,,,4.27,2071.163,108.2,485.05,-29.002,-2.716,,,NO,N21,T19,,,V37,,,COPY OF SPENCER BBWMSOIL1&VEG1 0312
foliage,2010,EB,,YB,,,4.41,2179.653,95.609,494.252,-30.78,-2.706,,,NO,P16,T8,,,V38,,,COPY OF SPENCER BBWMSOIL1&VEG1 0312
foliage,2010,EB,,YB,,,4.51,2325.047,110.779,515.531,-29.994,-2.322,,,NO,P22,T3,,,V39,,,COPY OF SPENCER BBWMSOIL1&VEG1 0312
foliage,2010,EB,,YB,,,4.43,2182.75,118.966,492.72,-30.065,-1.945,,,NO,Q12,T1,,,V40,,,COPY OF SPENCER BBWMSOIL1&VEG1 0312
foliage,2010,EB,,AB,,,4.29,2247.752,109.373,523.951,-30.339,-0.901,,,NO,N21,T11,,,V41,,,COPY OF SPENCER BBWMSOIL1&VEG1 0312
foliage,2010,EB,,AB,,,4.21,2061.855,95.727,489.752,-30.095,-1.012,,,NO,P21,T1,,,V42,,,COPY OF SPENCER BBWMSOIL1&VEG1 0312
foliage,2010,EB,,AB,,,4.55,2269.404,125.725,498.77,-29.544,-1.633,,,NO,P21,T3,,,V43,,,COPY OF SPENCER BBWMSOIL1&VEG1 0312
foliage,2010,EB,,AB,,,4.23,2148.675,104.912,507.961,-28.79,1.003,,,NO,P24,T1,,,V44,,,COPY OF SPENCER BBWMSOIL1&VEG1 0312
foliage,2010,EB,,AB,,,4.6,2374.465,116.396,516.188,-28.773,-0.096,,,NO,P24,T2,,,V45,,,COPY OF SPENCER BBWMSOIL1&VEG1 0312
foliage,2010,EB,,RM,,,4.38,2315.776,85.318,528.716,-29.587,-3.892,,,NO,P15,T3,,,V46,,,COPY OF SPENCER BBWMSOIL1&VEG1 0312
foliage,2010,EB,,RM,,,4.25,2212.164,90.174,520.509,-29.237,-4.709,,,NO,L21,T29,,,mean V47,,,COPY OF SPENCER BBWMSOIL1&VEG1 0312
foliage,2010,EB,,RM,,,4.22,2123.882,76.764,503.29,-27.388,-4.364,,,NO,O14,T2,,,V48,,,COPY OF SPENCER BBWMSOIL1&VEG1 0312
foliage,2010,EB,,RM,,,4.09,2030.819,68.775,496.533,-28.3,-3.427,,,NO,M19,T10,,,V49,,,COPY OF SPENCER BBWMSOIL1&VEG1 0312
foliage,2010,EB,,RM,,,4.25,2250.845,79.5,529.611,-28.246,-4.046,,,NO,M16,T1,,,V50,,,COPY OF SPENCER BBWMSOIL1&VEG1 0312
foliage,2010,EB,,SM,,,4.43,2195.137,73.906,495.516,-30.425,-5.366,,,NO,O22,T1,,,V51,,,COPY OF SPENCER BBWMSOIL1&VEG1 0312
foliage,2010,EB,,SM,,,4.23,2423.845,93.13,573.013,-30.365,-3.823,,,NO,Q19,T6,,,V52,,,COPY OF SPENCER BBWMSOIL1&VEG1 0312
foliage,2010,EB,,SM,,,4.25,2092.876,76.05,492.441,-28.207,-3.829,,,NO,P19,T4,,,V53,,,COPY OF SPENCER BBWMSOIL1&VEG1 0312
foliage,2010,EB,,SM,,,4.51,2232.281,89.464,494.963,-29.785,-3.737,,,NO,M16,T5,,,V54,,,COPY OF SPENCER BBWMSOIL1&VEG1 0312
foliage,2010,EB,,SM,,,4.61,2337.405,81.877,507.029,-30.228,-3.467,,,NO,P26,T4,,,V55,,,COPY OF SPENCER BBWMSOIL1&VEG1 0312
foliage,2010,EB,,RS,,,4.15,2105.28,41.126,507.296,-28.251,-2.553,,,NO,K22,T12,,,V56,,,COPY OF SPENCER BBWMSOIL1&VEG1 0312
foliage,2010,EB,,RS,,,4.42,2269.404,47.528,513.44,-29.432,-2.559,,,NO,N21,T8,,,V57,,,COPY OF SPENCER BBWMSOIL1&VEG1 0312
foliage,2010,EB,,RS,,,3.94,2043.236,28.634,518.588,-28.355,-1.746,,,NO,L24,T2,,,V58,,,COPY OF SPENCER BBWMSOIL1&VEG1 0312
foliage,2009,EB,,RS,,,4.37,2291.049,45.839,524.267,-28.502,-2.355,,,NO,K22,T12,,,V61,,,COPY OF SPENCER BBWMSOIL1&VEG1 0312
foliage,2009,EB,,RS,,,4.59,2399.16,41.731,522.693,-29.825,-2.928,,,NO,N21,T8,,,V62,,,COPY OF SPENCER BBWMSOIL1&VEG1 0312
foliage,2009,EB,,RS,,,4.51,2386.814,36.526,529.227,-28.912,-1.522,,,NO,L24,T2,,,V63,,,COPY OF SPENCER BBWMSOIL1&VEG1 0312
foliage,2008,EB,,RS,,,4.41,2291.049,51.986,519.512,-28.402,-2.16,,,NO,K22,T12,,,V66,,,COPY OF SPENCER BBWMSOIL1&VEG1 0312
foliage,2008,EB,,RS,,,4.26,2278.681,32.28,534.902,-28.247,-1.526,,,NO,N21,T8,,,V67,,,COPY OF SPENCER BBWMSOIL1&VEG1 0312
foliage,2008,EB,,RS,,,4.62,2346.672,43.786,507.938,-29.338,-2.876,,,NO,L24,T2,,,V68,,,COPY OF SPENCER BBWMSOIL1&VEG1 0312
foliage,1998,WB,,SM,,,4.66,2211.24,87.072,474.515,-29.254,0.574,BBWM HFL,A1,NO,,WB-T-SM-6 Q10,734890,138277,HFL981,,,SPENCER BBWM-HFL-0814
foliage,1998,EB,,SM,,,4.67,2227.456,85.659,476.971,-28.025,-4.572,BBWM HFL,A2,NO,,EB-T-SM-2 R13,734891,138278,HFL982,,,SPENCER BBWM-HFL-0814
foliage,1998,WB,,SM,,,4.66,2308.507,115.457,495.388,-28.586,5.479,BBWM HFL,A3,NO,,WB-T-SM-12 K10,734892,138279,HFL983,,,SPENCER BBWM-HFL-0814
foliage,1998,WB,,SM,,,4.6,2211.24,118.907,480.704,-27.753,2.675,BBWM HFL,A4,NO,,WB-T-SM-13 J12,734893,138280,HFL984,,,SPENCER BBWM-HFL-0814
foliage,1998,EB,,SM,,,4.77,2308.507,80.965,483.964,-28.14,-2.858,BBWM HFL,A5,NO,,EB-T-SM-5 P14,734894,138281,HFL985,,,SPENCER BBWM-HFL-0814
foliage,1998,EB,,SM,,,4.6,2146.351,89.983,466.598,-28.034,-4.013,BBWM HFL,A6,NO,,EB-T-SM-15 R13,734895,138282,HFL986,,,SPENCER BBWM-HFL-0814
foliage,1998,WB,,SM,,,4.75,2308.507,100.688,486.002,-27.866,0.699,BBWM HFL,A7,NO,,WB-T-SM-19 P11,734896,138283,HFL987,,,SPENCER BBWM-HFL-0814
foliage,1998,EB,,SM,,,4.78,2340.913,83.535,489.731,-28.3,-4.854,BBWM HFL,A8,NO,,EB-T-SM-18 M16,734897,138284,HFL988,,,SPENCER BBWM-HFL-0814
litter,1999,WB,,SM,,,4.69,2308.507,49.464,492.219,-28.445,0.648,BBWM HFL,A9,NO,,799/WB/T/SM/19 P11,734898,138285,HFL991,,,SPENCER BBWM-HFL-0814
litter,1999,WB,,SM,,,4.65,2211.24,50.372,475.535,-27.764,2.815,BBWM HFL,A10,NO,,793/WB/T/SM/13 J12,734899,138286,HFL992,,,SPENCER BBWM-HFL-0814
litter,1999,WB,,SM,,,4.56,2195.021,36.971,481.364,-28.141,-0.457,BBWM HFL,A11,NO,,786/WB/T/SM/6 Q10,734900,138287,HFL993,,,SPENCER BBWM-HFL-0814
litter,1999,WB,,SM,,,4.66,2357.112,47.647,505.818,-28.633,3.968,BBWM HFL,A12,NO,,792/WB/T/SM/12 K10,734901,138288,HFL994,,,SPENCER BBWM-HFL-0814
litter,2000,EB,,SM,,,4.66,2308.507,29.348,495.388,-29.638,-3.081,BBWM HFL,B1,NO,,EB-T-SM 5 P14,734902,138295,HFL001,,,SPENCER BBWM-HFL-0814
litter,2000,EB,,SM,,,4.76,2308.507,32.567,484.981,-28.44,-3.78,BBWM HFL,B2,NO,,EB-T-SM-2 R13,734903,138296,HFL002,,,SPENCER BBWM-HFL-0814
litter,2000,EB,,SM,,,4.63,2357.112,36.054,509.096,-28.821,-3.261,BBWM HFL,B3,NO,,EB-T-SM-18 M16,734904,138297,HFL003,,,SPENCER BBWM-HFL-0814
litter,2000,EB,,SM,,,4.42,2146.351,27.32,485.6,-29.185,-3.797,BBWM HFL,B4,NO,,EB-T-SM-15 R13,734905,138298,HFL004,,,SPENCER BBWM-HFL-0814
foliage,2003,WB,,SM,,,4.75,2340.913,80.877,492.824,-27.887,0.577,BBWM HFL,B5,NO,,N11 T6 sun leaves,734906,138299,HFL031,,,SPENCER BBWM-HFL-0814
foliage,2003,EB,,SM,,,4.48,2276.093,69.025,508.057,-29.546,-4.949,BBWM HFL,B6,NO,,R15 T13 sun leaves,734907,138300,HFL032,,,SPENCER BBWM-HFL-0814
foliage,2003,WB,,SM,,,4.81,2389.505,89.807,496.779,-28.763,0.975,BBWM HFL,B7,NO,,I15 T3 sun leaves,734908,138301,HFL033,,,SPENCER BBWM-HFL-0814
foliage,2003,EB,,SM,,,4.69,2324.711,75.454,495.674,-28.068,-3.516,BBWM HFL,B8,NO,,N25 T6 sun leaves,734909,138302,HFL034,,,SPENCER BBWM-HFL-0814
foliage,2003,WB,,SM,,,4.45,2276.093,94.556,511.482,-29.472,2.771,BBWM HFL,B9,NO,,F18 T13 sun leaves,734910,138303,HFL035,,,SPENCER BBWM-HFL-0814
foliage,2003,WB,,SM,,,4.73,2438.078,87.778,515.45,-27.447,3.018,BBWM HFL,B10,NO,,J11 T8 sun leaves,734911,138304,HFL036,,,SPENCER BBWM-HFL-0814
foliage,2003,EB,,SM,,,4.42,2195.021,77.234,496.611,-29.375,-3.05,BBWM HFL,B11,NO,,Q19 T2 sun leaves,734912,138305,HFL037,,,SPENCER BBWM-HFL-0814
foliage,2003,EB,,SM,,,4.49,2243.671,64.543,499.704,-28.892,-5.343,BBWM HFL,B12,NO,,R15 T6 sun leaves,734913,138306,HFL038,,,SPENCER BBWM-HFL-0814
foliage,,WB,,YB,,,4.27,1973.454,102.632,462.167,-30.909,1.722,BBWM Foliage2,A1,yes,D20,17,634778,100460,5002,,,SPENCER BBWMFOLIAGE2 1213
foliage,,WB,,YB,,,4.07,1914.176,92.92,470.313,-31.371,3.054,BBWM Foliage2,A2,yes,E20,1,634779,100461,5004,,,SPENCER BBWMFOLIAGE2 1213
foliage,,WB,,YB,,,4.09,1933.914,103.514,472.84,-29.575,10.003,BBWM Foliage2,A3,yes,E20,11,634780,100462,5005,,,SPENCER BBWMFOLIAGE2 1213
foliage,,WB,,YB,,,4.22,2112.53,96.454,500.599,-27.241,1.399,BBWM Foliage2,A4,yes,F24,11,634781,100463,5009,,,SPENCER BBWMFOLIAGE2 1213
foliage,,WB,,YB,,,4.16,1953.673,108.801,469.633,-31.275,1.862,BBWM Foliage2,A5,yes,F24,6,634782,100464,5010,,,SPENCER BBWMFOLIAGE2 1213
foliage,2012,WB,,RS,,,4.09,1933.914,52.153,472.84,-29.287,5.774,BBWM Foliage2,A6,yes,H13,22,634783,100465,5011,,,SPENCER BBWMFOLIAGE2 1213
foliage,,WB,,AB,,,4.06,1872.797,95.571,461.28,-29.018,6.528,BBWM Foliage2,A7,yes,K15,3,634784,100466,5014,,,SPENCER BBWMFOLIAGE2 1213
foliage,,WB,,RM,,,4.21,2013.082,101.75,478.167,-29.686,-0.348,BBWM Foliage2,A9,yes,Q9,1,634786,100468,5025,,,SPENCER BBWMFOLIAGE2 1213
foliage,2012,EB,,RS,,,4.09,2032.928,40.985,497.048,-27.564,1.828,BBWM Foliage2,A10,yes,K23,12,634787,100469,5026,,,SPENCER BBWMFOLIAGE2 1213
foliage,2012,EB,,RS,,,3.85,1845.264,44.472,479.289,-27.576,-0.854,BBWM Foliage2,A11,yes,N21,8,634788,100470,5029,,,SPENCER BBWMFOLIAGE2 1213
foliage,,EB,,AB,,,4.14,1831.514,93.804,442.395,-31.571,-0.114,BBWM Foliage2,A12,yes,N21,11,634789,100471,5030,,,SPENCER BBWMFOLIAGE2 1213
foliage,,EB,,YB,,,4.15,1953.673,97.337,470.765,-30.009,-0.333,BBWM Foliage2,B1,yes,N21,19,634790,100475,5031,,,SPENCER BBWMFOLIAGE2 1213
foliage,,EB,,YB,,,4.1,1794.245,92.036,437.621,-30.528,0.166,BBWM Foliage2,B2,yes,N21,12,634791,100476,5032,,,SPENCER BBWMFOLIAGE2 1213
foliage,,EB,,RM,,,4.12,1973.454,76.535,478.994,-28.144,-2.875,BBWM Foliage2,B3,yes,O14,2,634792,100477,5033,,,SPENCER BBWMFOLIAGE2 1213
foliage,,EB,,SM,,,4.24,1973.454,92.036,465.437,-28.39,-2.511,BBWM Foliage2,B4,yes,P19,4,634793,100478,5035,,,SPENCER BBWMFOLIAGE2 1213
foliage,,EB,,AB,,,4.06,1894.46,87.613,466.616,-29.778,1.773,BBWM Foliage2,B5,yes,P21,2,634794,100479,5037,,,SPENCER BBWMFOLIAGE2 1213
foliage,,EB,,YB,,,4.17,1853.126,80.26,444.395,-31.072,1.602,BBWM Foliage2,B6,yes,P22,17,634795,100480,5038,,,SPENCER BBWMFOLIAGE2 1213
foliage,,EB,,YB,,,4.28,2092.597,93.804,488.924,-30.747,-0.256,BBWM Foliage2,B7,yes,Q18,5,634796,100481,5043,,,SPENCER BBWMFOLIAGE2 1213
foliage,,EB,,YB,,,4.24,1853.126,100.868,437.058,-30.396,-0.617,BBWM Foliage2,B8,yes,Q18,1,634797,100482,5044,,,SPENCER BBWMFOLIAGE2 1213
foliage,,EB,,SM,,,4.17,2013.082,75.47,482.753,-30.816,-1.583,BBWM Foliage2,B9,yes,Q19,6,634798,100483,5055,,,SPENCER BBWMFOLIAGE2 1213
foliage,,EB,,RM,,,4.23,2072.685,70.408,489.997,-29.718,-2.349,BBWM Foliage2,B10,yes,Q19,7,634799,100484,5056,,,SPENCER BBWMFOLIAGE2 1213
foliage,,EB,,SM,,,4.17,1993.257,62.759,477.999,-29.989,-2.519,BBWM Foliage2,B11,yes,R15,13,634800,100485,5057,,,SPENCER BBWMFOLIAGE2 1213
foliage,2011,WB,,RS,,,4,2052.796,48.582,513.199,-28.261,0.4,BBWM Foliage2,B12,yes,D20,20,634801,100486,5061,,,SPENCER BBWMFOLIAGE2 1213
foliage,2011,WB,,RS,,,3.85,1876.734,45.366,487.463,-30.328,5.794,BBWM Foliage2,C1,yes,F23,14,634802,100493,5062,,,SPENCER BBWMFOLIAGE2 1213
foliage,2011,WB,,RS,,,3.92,1933.914,37.673,493.345,-28.042,0.83,BBWM Foliage2,C2,yes,F24,7,634803,100494,5063,,,SPENCER BBWMFOLIAGE2 1213
foliage,2011,WB,,RS,,,3.96,2092.597,49.208,528.433,-30.443,4.115,BBWM Foliage2,C3,yes,H13,22,634804,100495,5064,,,SPENCER BBWMFOLIAGE2 1213
foliage,2011,WB,,RS,,,4.01,2013.082,40.09,502.015,-27.646,-1.233,BBWM Foliage2,C4,yes,Q10,2,634805,100496,5065,,,SPENCER BBWMFOLIAGE2 1213
foliage,2011,EB,,RS,,,3.89,2013.082,37.405,517.502,-28.308,1.174,BBWM Foliage2,C5,yes,K23,12,634806,100497,5066,,,SPENCER BBWMFOLIAGE2 1213
foliage,2011,EB,,RS,,,3.95,2032.928,40.985,514.665,-29.214,-1.762,BBWM Foliage2,C6,yes,N21,8,634807,100498,5067,,,SPENCER BBWMFOLIAGE2 1213
foliage,2011,EB,,RS,,,4.02,2013.082,48.315,500.767,-29.938,0.044,BBWM Foliage2,C7,yes,P24,10,634808,100499,5068,,,SPENCER BBWMFOLIAGE2 1213
foliage,2011,EB,,RS,,,3.95,2013.082,40.895,509.641,-29.453,-0.867,BBWM Foliage2,C8,yes,S22,11,634809,100500,5069,,,SPENCER BBWMFOLIAGE2 1213
roots,2013,EB,HW,,O,O,3.8,1845.291,41.916,485.603,-28.354,27.479,BBWM Roots3,A1,yes,3,,690713,125830,4201,,,SPENCER BBWM-ROOTS 0414
roots,2013,EB,HW,,B,0-5cm,3.93,1901.188,22.011,483.763,-26.588,4.927,BBWM Roots3,A2,yes,3,,690714,125831,4203,,,SPENCER BBWM-ROOTS 0414
roots,2013,EB,HW,,B,5-25cm,3.84,1873.238,19.298,487.822,-26.957,1.634,BBWM Roots3,A3,yes,3,,690715,125832,4204,,Precision decreases for samples containing less than 20ugN,SPENCER BBWM-ROOTS 0414
roots,2013,EB,HW,,O,O,4.25,2068.938,46.443,486.809,-28.27,36.641,BBWM Roots3,A4,yes,1,,690716,125833,4205,,,SPENCER BBWM-ROOTS 0414
roots,2013,EB,HW,,B,0-5cm,4.36,2068.938,26.697,474.527,-27.216,10.334,BBWM Roots3,A5,yes,1,,690717,125834,4207,,,SPENCER BBWM-ROOTS 0414
roots,2013,EB,HW,,B,5-25cm,3.89,1663.693,19.216,427.685,-27.156,3.191,BBWM Roots3,A6,yes,1,,690718,125835,4208,,Precision decreases for samples containing less than 20ugN,SPENCER BBWM-ROOTS 0414
roots,2013,EB,HW,,O,O,4.11,2013.012,47.02,489.784,-27.846,8.357,BBWM Roots3,A7,yes,2,,690719,125836,4209,,,SPENCER BBWM-ROOTS 0414
roots,2013,,,,E,E,4.32,2082.922,30.891,482.158,-26.27,4.536,BBWM Roots3,A8,yes,,,690720,125837,4210,,,SPENCER BBWM-ROOTS 0414
roots,2013,EB,HW,,B,0-5cm,4.24,2013.012,37.719,474.767,-27.576,3.38,BBWM Roots3,A9,yes,2,,690721,125838,4211,,,SPENCER BBWM-ROOTS 0414
roots,2013,EB,HW,,B,5-25cm,3.83,1901.188,32.865,496.394,-27.493,3.145,BBWM Roots3,A10,yes,2,,690722,125839,4212,,,SPENCER BBWM-ROOTS 0414
roots,2013,EB,HW,,O,O,4.5,2264.759,49.325,503.28,-27.571,13.133,BBWM Roots3,A11,yes,4,,690723,125840,4213,,,SPENCER BBWM-ROOTS 0414
roots,2013,,,,E,E,4.09,1971.073,28.67,481.925,-27.205,2.26,BBWM Roots3,A12,yes,,,690724,125841,4214,,,SPENCER BBWM-ROOTS 0414
roots,2013,EB,HW,,B,5-25cm,3.94,1915.164,22.422,486.082,-27.882,3.312,BBWM Roots3,B1,yes,4,,690725,125845,4216,,,SPENCER BBWM-ROOTS 0414
roots,2013,EB,HW,,O,O,4.42,2082.922,26.121,471.249,-27.946,3.466,BBWM Roots3,B2,yes,5,,690726,125846,4217,,,SPENCER BBWM-ROOTS 0414
roots,2013,EB,HW,,B,0-5cm,4.21,2040.974,32.865,484.792,-25.769,9.07,BBWM Roots3,B3,yes,5,,690727,125847,4219,,,SPENCER BBWM-ROOTS 0414
roots,2013,EB,HW,,B,5-25cm,3.8,1761.464,28.095,463.543,-25.729,8.923,BBWM Roots3,B4,yes,5,,690728,125848,4220,,,SPENCER BBWM-ROOTS 0414
roots,2013,EB,SW,,O,O,4.44,2320.73,40.435,522.687,-26.171,3.684,BBWM Roots3,B5,yes,2,,690729,125849,4221,,,SPENCER BBWM-ROOTS 0414
roots,2013,EB,SW,,O,O,3.8,2068.938,43.562,544.457,-26.274,7.126,BBWM Roots3,B6,yes,1,,690730,125850,4225,,,SPENCER BBWM-ROOTS 0414
roots,2013,EB,SW,,B,0-5cm,4.14,2138.86,26.861,516.633,-27.068,2.07,BBWM Roots3,B7,yes,1,,690731,125851,4227,,,SPENCER BBWM-ROOTS 0414
roots,2013,EB,SW,,B,5-25cm,4.12,2026.992,21.764,491.988,-26.893,1.206,BBWM Roots3,B8,yes,1,,690732,125852,4228,,,SPENCER BBWM-ROOTS 0414
roots,2013,EB,SW,,O,O,3.92,2068.938,34.181,527.79,-26.391,16.633,BBWM Roots3,B9,yes,3,,690733,125853,4229,,,SPENCER BBWM-ROOTS 0414
roots,2013,,,,E,E,4.04,1999.032,32.454,494.81,-27.056,3.443,BBWM Roots3,B10,yes,,,690734,125854,4230,,,SPENCER BBWM-ROOTS 0414
roots,2013,EB,SW,,B,0-5cm,3.81,1719.558,18.723,451.328,-26.699,0.475,BBWM Roots3,B11,yes,3,,690735,125855,4231,,Precision decreases for samples containing less than 20ugN,SPENCER BBWM-ROOTS 0414
roots,2013,EB,SW,,B,5-25cm,4.01,2166.834,39.941,540.358,-26.348,21.992,BBWM Roots3,B12,yes,3,,690736,125856,4233,,,SPENCER BBWM-ROOTS 0414
roots,2013,EB,SW,,B,0-5cm,4.19,1957.095,26.121,467.087,-27.936,2.597,BBWM Roots3,C1,yes,4,,690737,125863,4235,,,SPENCER BBWM-ROOTS 0414
roots,2013,EB,SW,,B,5-25cm,3.85,1915.164,21.189,497.445,-27.112,1.813,BBWM Roots3,C2,yes,4,,690738,125864,4236,,,SPENCER BBWM-ROOTS 0414
roots,2013,EB,SW,,O,O,4.37,2222.787,53.113,508.647,-27.016,7.372,BBWM Roots3,C3,yes,5,,690739,125865,4237,,,SPENCER BBWM-ROOTS 0414
roots,2013,EB,SW,,B,0-5cm,4.33,2096.905,24.559,484.274,-26.862,0.936,BBWM Roots3,C4,yes,5,,690740,125866,4239,,,SPENCER BBWM-ROOTS 0414
roots,2013,EB,SW,,B,5-25cm,3.82,1887.213,24.148,494.035,-26.707,3.061,BBWM Roots3,C5,yes,5,,690741,125867,4240,,,SPENCER BBWM-ROOTS 0414
roots,2013,WB,HW,,O,O,4.5,2334.724,56.737,518.828,-26.68,11.744,BBWM Roots3,C6,yes,2,,690742,125868,4241,,,SPENCER BBWM-ROOTS 0414
roots,2013,WB,HW,,B,0-5cm,4.05,2040.974,41.422,503.944,-27.09,4.799,BBWM Roots3,C7,yes,2,,690743,125869,4243a,,,SPENCER BBWM-ROOTS 0414
roots,2013,WB,HW,,B,5-25cm,4.05,2068.938,37.554,510.849,-26.422,4.371,BBWM Roots3,C8,yes,2,,690744,125870,4244,,,SPENCER BBWM-ROOTS 0414
roots,2013,WB,HW,,O,O,4.19,2138.86,71.16,510.468,-28.911,37.534,BBWM Roots3,C9,yes,1,,690745,125871,4245,,,SPENCER BBWM-ROOTS 0414
roots,2013,WB,HW,,B,0-5cm,4.14,2040.974,44.797,492.989,-26.379,10.755,BBWM Roots3,C10,yes,1,,690746,125872,4247,,,SPENCER BBWM-ROOTS 0414
roots,2013,WB,HW,,B,5-25cm,3.93,1929.14,38.377,490.875,-26.677,12.995,BBWM Roots3,C11,yes,1,,690747,125873,4248,,,SPENCER BBWM-ROOTS 0414
roots,2013,WB,HW,,O,O,4.05,2096.905,58.385,517.754,-27.909,28.694,BBWM Roots3,C12,yes,3,,690748,125874,4249,,,SPENCER BBWM-ROOTS 0414
roots,2013,WB,HW,,B,0-5cm,4.01,2013.012,43.644,501.998,-26.679,4.387,BBWM Roots3,D1,yes,3,,690749,125878,4251,,,SPENCER BBWM-ROOTS 0414
roots,2013,WB,HW,,B,5-25cm,4.05,2013.012,43.891,497.04,-26.384,4.883,BBWM Roots3,D2,yes,3,,690750,125879,4252,,,SPENCER BBWM-ROOTS 0414
roots,2013,WB,HW,,O,O,4.21,2096.905,57.149,498.077,-27.652,15.201,BBWM Roots3,D3,yes,4,,690751,125880,4253,,,SPENCER BBWM-ROOTS 0414
roots,2013,,,,E,E,4.06,2026.992,45.208,499.259,-27.796,10.857,BBWM Roots3,D4,yes,,,690752,125881,4254,,,SPENCER BBWM-ROOTS 0414
roots,2013,WB,HW,,B,0-5cm,4.39,2124.875,39.941,484.026,-26.689,8.601,BBWM Roots3,D5,yes,4,,690753,125882,4255,,,SPENCER BBWM-ROOTS 0414
roots,2013,WB,HW,,B,5-25cm,4.45,2152.847,38.46,483.786,-27.383,9.097,BBWM Roots3,D6,yes,4,,690754,125883,4256,,,SPENCER BBWM-ROOTS 0414
roots,2013,WB,HW,,O,O,4.02,2110.89,61.022,525.097,-28.189,11.597,BBWM Roots3,D7,yes,5,,690755,125884,4257,,,SPENCER BBWM-ROOTS 0414
roots,2013,,,,E,E,4.06,1747.494,48.666,430.417,-26.402,15.337,BBWM Roots3,D8,yes,,,690756,125885,4258,,,SPENCER BBWM-ROOTS 0414
roots,2013,WB,HW,,B,0-5cm,4.02,1971.073,41.093,490.317,-27.594,5.53,BBWM Roots3,D9,yes,5,,690757,125886,4259,,,SPENCER BBWM-ROOTS 0414
roots,2013,WB,SW,,O,O,4.43,2320.73,53.69,523.867,-26.554,7.248,BBWM Roots3,D10,yes,5,,690758,125887,4261,,,SPENCER BBWM-ROOTS 0414
roots,2013,,,,E,E,4.44,2152.847,74.459,484.875,-25.874,5.832,BBWM Roots3,D11,yes,,,690759,125888,4262,,,SPENCER BBWM-ROOTS 0414
roots,2013,WB,SW,,B,0-5cm,4.16,2124.875,41.751,510.787,-26.701,3.267,BBWM Roots3,D12,yes,5,,690760,125889,4263,,,SPENCER BBWM-ROOTS 0414
roots,2013,WB,SW,,B,5-25cm,4.45,2250.768,36.814,505.791,-26.821,2.951,BBWM Roots3,E1,yes,5,,690761,125893,4264,,,SPENCER BBWM-ROOTS 0414
roots,2013,WB,SW,,O,O,4.11,2180.821,43.233,530.613,-26.215,8.607,BBWM Roots3,E2,yes,1,,690762,125894,4265,,,SPENCER BBWM-ROOTS 0414
roots,2013,WB,SW,,B,0-5cm,4.75,2166.834,37.801,456.176,-26.546,5.805,BBWM Roots3,E3,yes,1,,690763,125895,4267,,,SPENCER BBWM-ROOTS 0414
roots,2013,WB,SW,,B,5-25cm,3.93,1957.095,18.559,497.989,-26.074,3.902,BBWM Roots3,E4,yes,1,,690764,125896,4268,,Precision decreases for samples containing less than 20ugN,SPENCER BBWM-ROOTS 0414
roots,2013,WB,SW,,O,O,4.08,2194.809,38.953,537.943,-28.123,19.357,BBWM Roots3,E5,yes,2,,690765,125897,4269,,,SPENCER BBWM-ROOTS 0414
roots,2013,WB,SW,,B,0-5cm,3.98,1943.117,25.875,488.22,-26.649,7.097,BBWM Roots3,E6,yes,2,,690766,125898,4271,,,SPENCER BBWM-ROOTS 0414
roots,2013,WB,SW,,B,5-25cm,4.37,2194.809,36.567,502.245,-26.412,8.26,BBWM Roots3,E7,yes,2,,690767,125899,4272,,,SPENCER BBWM-ROOTS 0414
roots,2013,WB,SW,,O,O,4.43,2404.705,45.785,542.823,-26.619,7.955,BBWM Roots3,E8,yes,3,,690768,125900,4273,,,SPENCER BBWM-ROOTS 0414
roots,2013,WB,SW,,B,0-5cm,4.45,2264.759,27.355,508.935,-27.378,3.522,BBWM Roots3,E9,yes,3,,690769,125901,4275,,,SPENCER BBWM-ROOTS 0414
roots,2013,WB,SW,,B,5-25cm,4.29,2194.809,39.282,511.611,-27.665,3.336,BBWM Roots3,E10,yes,3,,690770,125902,4276,,,SPENCER BBWM-ROOTS 0414
roots,2013,WB,SW,,O,O,4.47,2334.724,57.067,522.31,-26.305,6.01,BBWM Roots3,E11,yes,4,,690771,125903,4277,,,SPENCER BBWM-ROOTS 0414
roots,2013,,,,E,E,3.91,1901.188,38.213,486.237,-26.137,5.288,BBWM Roots3,E12,yes,,,690772,125904,4278,,,SPENCER BBWM-ROOTS 0414
roots,2013,WB,SW,,B,0-5cm,3.83,1915.164,37.061,500.043,-26.129,4.992,BBWM Roots3,F1,yes,4,,690773,125907,4279,,,SPENCER BBWM-ROOTS 0414
roots,2013,WB,SW,,B,5-25cm,4.3,2152.847,27.437,500.662,-25.945,4.082,BBWM Roots3,F2,yes,4,,690774,125908,4280,,,SPENCER BBWM-ROOTS 0414
roots,2013,EB,HW,,B,0-5cm,3.8,1719.558,20.531,452.515,-27.831,3.591,BBWM Roots3,F3,yes,4,,690775,125909,4215,,,SPENCER BBWM-ROOTS 0414
roots,2013,WB,HW,,B,0-5cm,3.91,2026.992,42.245,518.412,-27.183,4.742,BBWM Roots3,F4,yes,2,,690776,125910,4243b,,,SPENCER BBWM-ROOTS 0414
roots,2012,EB,HW,,O,O,4.07,2122.588,46.525,521.52,-28.042,8.666,Spencer BBWM Roots2,A1,,2,,,,4017,,,SPENCER BBWMFOLIAGE&ROOTS 0313
roots,2012,EB,HW,,B,B,3.9,2207.331,30.004,565.982,-26.889,2.874,Spencer BBWM Roots2,A2,,2,,,,4018,,,SPENCER BBWMFOLIAGE&ROOTS 0313
roots,2012,EB,HW,,O,O,3.9,1910.54,47.926,489.882,-28.293,3.611,Spencer BBWM Roots2,A3,,4,,,,4022,,,SPENCER BBWMFOLIAGE&ROOTS 0313
roots,2012,EB,HW,,B,B,3.97,1623.905,29.091,409.044,-27.867,2.546,Spencer BBWM Roots2,A4,,4,,,,4023,,,SPENCER BBWMFOLIAGE&ROOTS 0313
roots,2012,EB,HW,,O,O,4.06,2062.545,35.068,508.016,-29.244,5.24,Spencer BBWM Roots2,A5,,5,,,,4027,,,SPENCER BBWMFOLIAGE&ROOTS 0313
roots,2012,EB,HW,,B,B,4.05,1910.064,24.463,471.621,-28.194,0.903,Spencer BBWM Roots2,A6,,5,,,,4028,,,SPENCER BBWMFOLIAGE&ROOTS 0313
roots,2012,EB,SW,,O,O,4.05,2210.373,74.709,545.771,-26.986,8.798,Spencer BBWM Roots2,A7,,2,,,,4032,,,SPENCER BBWMFOLIAGE&ROOTS 0313
roots,2012,EB,SW,,O,O,3.99,2012.085,35.266,504.282,-26.019,-1.165,Spencer BBWM Roots2,A8,,2,,,,4033,,-0.377184882,SPENCER BBWMFOLIAGE&ROOTS 0313
roots,2012,EB,SW,,O,O,4.09,2137.542,35.519,522.626,-25.772,0.411,Spencer BBWM Roots2,A9,,2,,,,4034,,,SPENCER BBWMFOLIAGE&ROOTS 0313
roots,2012,EB,SW,,B,B,4,1748.922,29.287,437.23,-25.49,2.649,Spencer BBWM Roots2,A10,,2,,,,4036,,,SPENCER BBWMFOLIAGE&ROOTS 0313
roots,2012,EB,SW,,O,O,4.09,2061.951,33.846,504.144,-26.325,-0.398,Spencer BBWM Roots2,A11,,4,,,,4053,,,SPENCER BBWMFOLIAGE&ROOTS 0313
roots,2012,EB,SW,,B,B,3.95,2039.885,35.845,516.426,-26.654,1.826,Spencer BBWM Roots2,A12,,4,,,,4054,,,SPENCER BBWMFOLIAGE&ROOTS 0313
roots,2012,EB,SW,,O,O,4.07,1983.632,42.792,487.379,-27.937,4.003,Spencer BBWM Roots2,B1,,5,,,,4058,,,SPENCER BBWMFOLIAGE&ROOTS 0313
roots,2012,EB,SW,,B,B,4.12,1979.974,29.17,480.576,-26.599,1.152,Spencer BBWM Roots2,B2,,5,,,,4059,,,SPENCER BBWMFOLIAGE&ROOTS 0313
roots,2012,WB,HW,,O,O,3.99,2039.532,95.28,511.161,-26.892,37.607,Spencer BBWM Roots2,B3,,2,,,,4063,,,SPENCER BBWMFOLIAGE&ROOTS 0313
roots,2012,WB,HW,,O,O,4.12,2021.107,65.332,490.56,-27.265,17.502,Spencer BBWM Roots2,B4,,2,,,,4064,,13.49253834,SPENCER BBWMFOLIAGE&ROOTS 0313
roots,2012,WB,HW,,O,O,4.05,2142.76,39.415,529.077,-27.337,9.483,Spencer BBWM Roots2,B5,,2,,,,4065,,,SPENCER BBWMFOLIAGE&ROOTS 0313
roots,2012,WB,HW,,B,B,3.98,1861.983,45.479,467.835,-26.867,8.256,Spencer BBWM Roots2,B6,,2,,,,4067,,,SPENCER BBWMFOLIAGE&ROOTS 0313
roots,2012,WB,HW,,O,O,4.18,1950.969,86.266,466.739,-27.787,16.203,Spencer BBWM Roots2,B7,,4,,,,4084,,,SPENCER BBWMFOLIAGE&ROOTS 0313
roots,2012,WB,HW,,B,B,3.91,1796.807,41.734,459.542,-27.941,3.672,Spencer BBWM Roots2,B8,,4,,,,4085,,,SPENCER BBWMFOLIAGE&ROOTS 0313
roots,2012,WB,HW,,O,O,4.15,2074.852,63.122,499.964,-28.24,10.337,Spencer BBWM Roots2,B9,,5,,,,4089,,,SPENCER BBWMFOLIAGE&ROOTS 0313
roots,2012,WB,HW,,B,B,4.07,1520.968,41.796,373.702,-26.971,4.213,Spencer BBWM Roots2,B10,,5,,,,4090,,,SPENCER BBWMFOLIAGE&ROOTS 0313
roots,2012,WB,SW,,O,O,4.04,2090.289,72.77,517.398,-26.444,6.519,Spencer BBWM Roots2,B11,,5,,,,4094,,,SPENCER BBWMFOLIAGE&ROOTS 0313
roots,2012,WB,SW,,O,O,4,2225.546,65.411,556.387,-26.621,3.935,Spencer BBWM Roots2,B12,,5,,,,4095,,4.342733625,SPENCER BBWMFOLIAGE&ROOTS 0313
roots,2012,WB,SW,,O,O,4.11,2007.163,50.165,488.361,-26.641,4.75,Spencer BBWM Roots2,C1,,5,,,,4096,,,SPENCER BBWMFOLIAGE&ROOTS 0313
roots,2012,WB,SW,,B,B,4.18,1750.757,30.58,418.841,-27.404,5.461,Spencer BBWM Roots2,C2,,5,,,,4098,,,SPENCER BBWMFOLIAGE&ROOTS 0313
roots,2012,WB,SW,,O,O,3.93,2023.834,52.271,514.971,-27.33,14.331,Spencer BBWM Roots2,C3,,3,,,,4115,,,SPENCER BBWMFOLIAGE&ROOTS 0313
roots,2012,WB,SW,,B,B,4.06,1719.589,29.901,423.544,-26.271,4.302,Spencer BBWM Roots2,C4,,3,,,,4116,,,SPENCER BBWMFOLIAGE&ROOTS 0313
roots,2012,WB,SW,,O,O,3.95,1964.325,43.871,497.297,-26.594,5.729,Spencer BBWM Roots2,C5,,4,,,,4120,,,SPENCER BBWMFOLIAGE&ROOTS 0313
roots,2012,WB,SW,,B,B,4.11,2119.263,36.562,515.636,-26.918,2.714,Spencer BBWM Roots2,C6,,4,,,,4121,,,SPENCER BBWMFOLIAGE&ROOTS 0313
roots,,EB,HW,,O,O,4.26,2097.24,57.661,492.31,-28.225,2.669,BBWM ROOT 1,A1,NO,,,391173,145574,R1,,,FROM COPY OF SPENCER BBWMROOT1&2 0312-3
roots,,EB,HW,,O,O,4.09,2146.793,66.437,524.888,-28.787,1.611,BBWM ROOT 1,A2,NO,,,391174,145575,R2,,,FROM COPY OF SPENCER BBWMROOT1&2 0312-3
roots,,EB,HW,,O,O,4.26,2233.871,56.682,524.383,-28.771,1.472,BBWM ROOT 1,A3,NO,,,391175,145576,R3,,,FROM COPY OF SPENCER BBWMROOT1&2 0312-3
roots,,EB,HW,,O,O,4.44,2072.519,37.581,466.783,-28.476,2.297,BBWM ROOT 1,A4,NO,,,391176,145577,R4,,,FROM COPY OF SPENCER BBWMROOT1&2 0312-3
roots,,EB,HW,,O,O,4.01,1986.288,36.319,495.334,-28.918,1.071,BBWM ROOT 1,A5,NO,,,391177,145578,R5,,,FROM COPY OF SPENCER BBWMROOT1&2 0312-3
roots,,EB,HW,,O,O,4.36,2109.614,26.705,483.856,-25.681,-0.541,BBWM ROOT 1,A6,NO,,,391178,145579,R6,,,FROM COPY OF SPENCER BBWMROOT1&2 0312-3
roots,,EB,HW,,B,0-5cm,4.54,2271.329,42.287,500.293,-28.022,2.625,BBWM ROOT 1,A7,NO,,,391179,145580,R7,,,FROM COPY OF SPENCER BBWMROOT1&2 0312-3
roots,,EB,HW,,B,0-5cm,4.07,2035.507,54.067,500.124,-28.03,2.883,BBWM ROOT 1,A8,NO,,,391180,145581,R8,,,FROM COPY OF SPENCER BBWMROOT1&2 0312-3
roots,,EB,HW,,B,0-5cm,4.38,2233.871,52.953,510.016,-28.445,2.215,BBWM ROOT 1,A9,NO,,,391181,145582,R9,,,FROM COPY OF SPENCER BBWMROOT1&2 0312-3
roots,,EB,HW,,B,0-5cm,4.34,2246.348,30.52,517.592,-27.979,1.124,BBWM ROOT 1,A10,NO,,,391182,145583,R10,,,FROM COPY OF SPENCER BBWMROOT1&2 0312-3
roots,,EB,HW,,B,0-5cm,4.35,2246.348,37.847,516.402,-28.084,0.675,BBWM ROOT 1,A11,NO,,,391183,145584,R11,,,FROM COPY OF SPENCER BBWMROOT1&2 0312-3
roots,,EB,HW,,B,0-5cm,4,2047.835,25.431,511.959,-27.046,-0.709,BBWM ROOT 1,A12,NO,,,391184,145585,R12,,,FROM COPY OF SPENCER BBWMROOT1&2 0312-3
roots,,EB,HW,,B,5-25cm,4.38,2084.874,30.387,475.999,-28.215,1.605,BBWM ROOT 1,B1,NO,,,391185,145589,R13,,,FROM COPY OF SPENCER BBWMROOT1&2 0312-3
roots,,EB,HW,,B,5-25cm,4.13,1998.578,32.323,483.917,-27.546,1.871,BBWM ROOT 1,B2,NO,,,391186,145590,R14,,,FROM COPY OF SPENCER BBWMROOT1&2 0312-3
roots,,EB,HW,,B,5-25cm,4.34,2196.496,44.93,506.105,-28.098,1.745,BBWM ROOT 1,B3,NO,,,391187,145591,R15,,,FROM COPY OF SPENCER BBWMROOT1&2 0312-3
roots,,EB,HW,,B,5-25cm,4.1,2072.519,30.32,505.492,-27.973,0.822,BBWM ROOT 1,B4,NO,,,391188,145592,R16,,,FROM COPY OF SPENCER BBWMROOT1&2 0312-3
roots,,EB,HW,,B,5-25cm,4.09,2023.188,27.51,494.667,-27.474,0.527,BBWM ROOT 1,B5,NO,,,391189,145593,R17,,,FROM COPY OF SPENCER BBWMROOT1&2 0312-3
roots,,EB,HW,,B,5-25cm,4.18,2060.172,29.183,492.864,-26.946,-0.057,BBWM ROOT 1,B6,NO,,,391190,145594,R18,,,FROM COPY OF SPENCER BBWMROOT1&2 0312-3
roots,,EB,HW,,B,25-50cm,4,2134.391,32.856,533.598,-27.8,1.593,BBWM ROOT 1,B7,NO,,,391191,145595,R19,,,FROM COPY OF SPENCER BBWMROOT1&2 0312-3
roots,,EB,HW,,B,25-50cm,4.29,2196.496,33.123,512.004,-28.182,0.227,BBWM ROOT 1,B8,NO,,,391192,145596,R20,,,FROM COPY OF SPENCER BBWMROOT1&2 0312-3
roots,,EB,HW,,B,25-C,4.28,2459.877,38.179,574.738,-28.2,1.237,BBWM ROOT 1,B10,NO,,,391194,145598,R21,,,FROM COPY OF SPENCER BBWMROOT1&2 0312-3
roots,,EB,HW,,B,25-50cm,4.41,2121.998,29.985,481.179,-27.731,0.543,BBWM ROOT 1,B11,NO,,,391195,145599,R22,,,FROM COPY OF SPENCER BBWMROOT1&2 0312-3
roots,,EB,HW,,B,25-50cm,4.21,2023.188,25.297,480.567,-26.83,0.072,BBWM ROOT 1,B12,NO,,,391196,145600,R23,,,FROM COPY OF SPENCER BBWMROOT1&2 0312-3
roots,,EB,HW,,B,25-C,4.06,2060.172,24.088,507.432,-27.463,0.378,BBWM ROOT 1,C1,NO,,,391197,145603,R24,,,FROM COPY OF SPENCER BBWMROOT1&2 0312-3
roots,,EB,HW,,B,50-C,4.38,2283.834,38.776,521.423,-27.711,2.925,BBWM ROOT 1,C2,NO,,,391198,145604,R25,,,FROM COPY OF SPENCER BBWMROOT1&2 0312-3
roots,,EB,HW,,B,50-C,4.24,2084.874,33.19,491.716,-29.613,0.694,BBWM ROOT 1,C3,NO,,,391199,145605,R26,,,FROM COPY OF SPENCER BBWMROOT1&2 0312-3
roots,,EB,HW,,B,50-C,4.43,2296.348,33.456,518.363,-27.376,1.513,BBWM ROOT 1,C4,NO,,,391200,145606,R27,,,FROM COPY OF SPENCER BBWMROOT1&2 0312-3
roots,,EB,HW,,B,50-C,4.22,1706.167,17.959,404.305,-26.221,0.169,BBWM ROOT 1,C5,NO,,,391201,145607,R28,,Precision decreases for samples containing less than 20ugN,FROM COPY OF SPENCER BBWMROOT1&2 0312-3
roots,,EB,SW,,O,O,4.05,2233.871,50.394,551.573,-27.393,-0.649,BBWM ROOT 1,C6,NO,,,391202,145608,R29,,,FROM COPY OF SPENCER BBWMROOT1&2 0312-3
roots,,EB,SW,,O,O,4.15,2060.172,40.765,496.427,-26.153,-1.075,BBWM ROOT 1,C7,NO,,,391203,145609,R30,,,FROM COPY OF SPENCER BBWMROOT1&2 0312-3
roots,,EB,SW,,O,O,3.9,2134.391,40.765,547.28,-26.558,0.107,BBWM ROOT 1,C8,NO,,,391204,145610,R31,,,FROM COPY OF SPENCER BBWMROOT1&2 0312-3
roots,,EB,SW,,O,O,4.3,2109.614,25.498,490.608,-27.126,-0.844,BBWM ROOT 1,C9,NO,,,391205,145611,R32,,,FROM COPY OF SPENCER BBWMROOT1&2 0312-3
roots,,EB,SW,,O,O,4.24,2283.834,24.424,538.64,-26.21,-2.915,BBWM ROOT 1,C10,NO,,,391206,145612,R33,,,FROM COPY OF SPENCER BBWMROOT1&2 0312-3
roots,,EB,SW,,O,O,4.12,2308.871,21.196,560.406,-26.39,-0.614,BBWM ROOT 1,C11,NO,,,391207,145613,R34,,,FROM COPY OF SPENCER BBWMROOT1&2 0312-3
roots,,EB,SW,,B,0-5cm,3.9,2047.835,31.455,525.086,-28.146,-0.241,BBWM ROOT 1,C12,NO,,,391208,145614,R35,,,FROM COPY OF SPENCER BBWMROOT1&2 0312-3
roots,,EB,SW,,B,0-5cm,3.9,2283.834,42.221,585.598,-26.859,-0.107,BBWM ROOT 1,D1,NO,,,391209,145618,R36,,,FROM COPY OF SPENCER BBWMROOT1&2 0312-3
roots,,EB,SW,,B,0-5cm,4.19,2333.946,41.162,557.028,-27.145,2.237,BBWM ROOT 1,D2,NO,,,391210,145619,R37,,,FROM COPY OF SPENCER BBWMROOT1&2 0312-3
roots,,EB,SW,,B,0-5cm,4.06,2271.329,21.6,559.441,-27.524,-0.344,BBWM ROOT 1,D3,NO,,,391211,145620,R38,,,FROM COPY OF SPENCER BBWMROOT1&2 0312-3
roots,,EB,SW,,B,0-5cm,4.2,2396.795,21.465,570.666,-25.492,-0.966,BBWM ROOT 1,D4,NO,,,391212,145621,R39,,,FROM COPY OF SPENCER BBWMROOT1&2 0312-3
roots,,EB,SW,,B,0-5cm,4.15,2097.24,27.108,505.359,-27.084,2.449,BBWM ROOT 1,D5,NO,,,391213,145622,R40,,,FROM COPY OF SPENCER BBWMROOT1&2 0312-3
roots,,EB,SW,,B,5-25cm,4.13,2308.871,34.256,559.049,-27.786,0.487,BBWM ROOT 1,D7,NO,,,391215,145624,R41,,,FROM COPY OF SPENCER BBWMROOT1&2 0312-3
roots,,EB,SW,,B,5-25cm,4.04,2371.628,33.723,587.037,-26.842,0.578,BBWM ROOT 1,D8,NO,,,391216,145625,R42,,,FROM COPY OF SPENCER BBWMROOT1&2 0312-3
roots,,EB,SW,,B,5-25cm,4.09,2233.871,38.909,546.179,-27.611,2.59,BBWM ROOT 1,D9,NO,,,391217,145626,R43,,,FROM COPY OF SPENCER BBWMROOT1&2 0312-3
roots,,EB,SW,,B,5-25cm,4.1,2072.519,12.816,505.492,-26.529,0.036,BBWM ROOT 1,D10,NO,,,391218,145627,R44,,Precision decreases for samples containing less than 20ugN,FROM COPY OF SPENCER BBWMROOT1&2 0312-3
roots,,EB,SW,,B,5-25cm,3.9,2097.24,26.169,537.754,-27.376,1.081,BBWM ROOT 1,D11,NO,,,391219,145628,R45,,,FROM COPY OF SPENCER BBWMROOT1&2 0312-3
roots,,EB,SW,,B,5-25cm,4.33,2146.793,29.584,495.795,-27.007,3.756,BBWM ROOT 1,D12,NO,,,391220,145629,R46,,,FROM COPY OF SPENCER BBWMROOT1&2 0312-3
roots,,EB,SW,,B,25-50cm,4.25,2072.519,26.303,487.651,-28.032,0.543,BBWM ROOT 1,E1,NO,,,391221,145636,R47,,,FROM COPY OF SPENCER BBWMROOT1&2 0312-3
roots,,EB,SW,,B,25-50cm,3.97,2271.329,28.514,572.123,-26.975,3.523,BBWM ROOT 1,E2,NO,,,391222,145637,R48,,,FROM COPY OF SPENCER BBWMROOT1&2 0312-3
roots,,EB,SW,,B,25-C,4.28,2346.497,27.041,548.247,-27.409,0.735,BBWM ROOT 1,E3,NO,,,391223,145638,R49,,,FROM COPY OF SPENCER BBWMROOT1&2 0312-3
roots,,EB,SW,,B,25-50cm,3.96,2359.058,22.34,595.722,-27.977,1.798,BBWM ROOT 1,E4,NO,,,391224,145639,R50,,,FROM COPY OF SPENCER BBWMROOT1&2 0312-3
roots,,EB,SW,,B,25-50cm,4.1,2023.188,33.523,493.46,-27.392,2.403,BBWM ROOT 1,E5,NO,,,391225,145640,R51,,,FROM COPY OF SPENCER BBWMROOT1&2 0312-3
roots,,EB,SW,,B,25-C,4.02,2109.614,15.864,524.78,-27.253,0.616,BBWM ROOT 1,E6,NO,,,391226,145641,R52,,Precision decreases for samples containing less than 20ugN,FROM COPY OF SPENCER BBWMROOT1&2 0312-3
roots,,EB,SW,,B,50-C,4.11,2146.793,27.978,522.334,-26.248,-0.189,BBWM ROOT 1,E7,NO,,,391227,145642,R53,,,FROM COPY OF SPENCER BBWMROOT1&2 0312-3
roots,,EB,SW,,B,50-C,4.12,2121.998,39.904,515.048,-27.587,1.67,BBWM ROOT 1,E8,NO,,,391228,145643,R54,,,FROM COPY OF SPENCER BBWMROOT1&2 0312-3
roots,,EB,SW,,B,50-C,3.89,2184.056,21.533,561.454,-27.327,1.252,BBWM ROOT 1,E9,NO,,,391229,145644,R55,,,FROM COPY OF SPENCER BBWMROOT1&2 0312-3
roots,,EB,SW,,B,50-C,4.22,2171.626,34.189,514.603,-27.077,3.821,BBWM ROOT 1,E10,NO,,,391230,145645,R56,,,FROM COPY OF SPENCER BBWMROOT1&2 0312-3
roots,,WB,HW,,O,O,4.28,2084.874,61.05,487.12,-27.54,1.247,BBWM ROOT 1,E11,NO,,,391231,145646,R57,,,FROM COPY OF SPENCER BBWMROOT1&2 0312-3
roots,,WB,HW,,O,O,4,2159.205,55.702,539.801,-28.972,1.382,BBWM ROOT 1,E12,NO,,,391232,145647,R58,,,FROM COPY OF SPENCER BBWMROOT1&2 0312-3
roots,,WB,HW,,O,O,4.5,2384.207,75.656,529.824,-29.132,2.781,BBWM ROOT 1,F1,NO,,,391233,145651,R59,,,FROM COPY OF SPENCER BBWMROOT1&2 0312-3
roots,,WB,HW,,O,O,4.08,2072.519,40.699,507.97,-27.264,1.647,BBWM ROOT 1,F2,NO,,,391234,145652,R60,,,FROM COPY OF SPENCER BBWMROOT1&2 0312-3
roots,,WB,HW,,O,O,4.44,2296.348,43.345,517.195,-27.91,2.502,BBWM ROOT 1,F4,NO,,,391236,145654,R61,,,FROM COPY OF SPENCER BBWMROOT1&2 0312-3
roots,,WB,HW,,O,O,4.15,2146.793,56.617,517.3,-28.809,4.251,BBWM ROOT 1,F5,NO,,,391237,145655,R62,,,FROM COPY OF SPENCER BBWMROOT1&2 0312-3
roots,,WB,HW,,B,0-5cm,4.13,2271.329,59.226,549.959,-27.672,1.87,BBWM ROOT 1,F6,NO,,,391238,145656,R63,,,FROM COPY OF SPENCER BBWMROOT1&2 0312-3
roots,,WB,HW,,B,0-5cm,4.15,2084.874,53.674,502.379,-28.657,2.547,BBWM ROOT 1,F7,NO,,,391239,145657,R64,,,FROM COPY OF SPENCER BBWMROOT1&2 0312-3
roots,,WB,HW,,B,0-5cm,4.13,2109.614,70.508,510.802,-27.928,4.751,BBWM ROOT 1,F8,NO,,,391240,145658,R65,,,FROM COPY OF SPENCER BBWMROOT1&2 0312-3
roots,,WB,HW,,B,0-5cm,4.25,2308.871,40.5,543.264,-26.59,1.384,BBWM ROOT 1,F9,NO,,,391241,145659,R66,,,FROM COPY OF SPENCER BBWMROOT1&2 0312-3
roots,,WB,HW,,B,0-5cm,4.06,1998.578,41.295,492.261,-27.835,2.829,BBWM ROOT 1,F10,NO,,,391242,145660,R67,,,FROM COPY OF SPENCER BBWMROOT1&2 0312-3
roots,,WB,HW,,B,0-5cm,4.37,2346.497,55.571,536.956,-28.922,3.811,BBWM ROOT 1,F11,NO,,,391243,145661,R68,,,FROM COPY OF SPENCER BBWMROOT1&2 0312-3
roots,,WB,HW,,B,5-25cm,4.44,2346.497,54.067,528.49,-27.968,2.076,BBWM ROOT 1,F12,NO,,,391244,145662,R69,,,FROM COPY OF SPENCER BBWMROOT1&2 0312-3
roots,,WB,HW,,B,5-25cm,4.46,2485.175,53.608,557.214,-28.938,2.948,BBWM ROOT 1,G1,NO,,,391245,145666,R70,,,FROM COPY OF SPENCER BBWMROOT1&2 0312-3
roots,,WB,HW,,B,5-25cm,4.2,2333.946,65.595,555.701,-28.095,4.134,BBWM ROOT 1,G2,NO,,,391246,145667,R71,,,FROM COPY OF SPENCER BBWMROOT1&2 0312-3
roots,,WB,HW,,B,5-25cm,4.22,2258.834,36.518,535.269,-27.145,2.328,BBWM ROOT 1,G3,NO,,,391247,145668,R72,,,FROM COPY OF SPENCER BBWMROOT1&2 0312-3
roots,,WB,HW,,B,5-25cm,4.05,2121.998,40.235,523.95,-28.41,2.663,BBWM ROOT 1,G4,NO,,,391248,145669,R73,,,FROM COPY OF SPENCER BBWMROOT1&2 0312-3
roots,,WB,HW,,B,5-25cm,4.39,2333.946,44.138,531.651,-28.179,4.001,BBWM ROOT 1,G5,NO,,,391249,145670,R74,,,FROM COPY OF SPENCER BBWMROOT1&2 0312-3
roots,,WB,HW,,B,25-50cm,4.5,2346.497,48.488,521.444,-27.568,1.77,BBWM ROOT 1,G6,NO,,,391250,145671,R75,,,FROM COPY OF SPENCER BBWMROOT1&2 0312-3
roots,,WB,HW,,B,25-50cm,4,2097.24,34.389,524.31,-26.327,1.26,BBWM ROOT 1,G7,NO,,,391251,145672,R76,,,FROM COPY OF SPENCER BBWMROOT1&2 0312-3
roots,,WB,HW,,B,25-50cm,4.11,2159.205,53.15,525.354,-27.793,3.304,BBWM ROOT 1,G8,NO,,,391252,145673,R77,,,FROM COPY OF SPENCER BBWMROOT1&2 0312-3
roots,,WB,HW,,B,25-50cm,4.29,2371.628,39.97,552.827,-26.763,2.52,BBWM ROOT 1,G9,NO,,,391253,145674,R78,,,FROM COPY OF SPENCER BBWMROOT1&2 0312-3
roots,,WB,HW,,B,25-50cm,4.3,2359.058,19.781,548.618,-26.349,0.904,BBWM ROOT 1,G10,NO,,,391254,145675,R79,,Precision decreases for samples containing less than 20ugN,FROM COPY OF SPENCER BBWMROOT1&2 0312-3
roots,,WB,HW,,B,25-50cm,4.21,2072.519,39.506,492.285,-28.308,3.532,BBWM ROOT 1,G11,NO,,,391255,145676,R80,,,FROM COPY OF SPENCER BBWMROOT1&2 0312-3
roots,,WB,HW,,B,50-C,4.11,2023.188,38.511,492.26,-28.358,1.924,BBWM ROOT 1,H1,NO,,,391257,145680,R81,,,FROM COPY OF SPENCER BBWMROOT1&2 0312-3
roots,,WB,HW,,B,50-C,4,2134.391,46.315,533.598,-27.5,3.16,BBWM ROOT 1,H2,NO,,,391258,145681,R82,,,FROM COPY OF SPENCER BBWMROOT1&2 0312-3
roots,,WB,HW,,B,50-C,4.02,2196.496,51.773,546.392,-27.484,3.069,BBWM ROOT 1,H3,NO,,,391259,145682,R83,,,FROM COPY OF SPENCER BBWMROOT1&2 0312-3
roots,,WB,HW,,B,50-C,4.09,2146.793,35.188,524.888,-26.766,2.378,BBWM ROOT 1,H4,NO,,,391260,145683,R84,,,FROM COPY OF SPENCER BBWMROOT1&2 0312-3
roots,,WB,HW,,B,50-C,4.48,2271.329,43.609,506.993,-27.245,2.961,BBWM ROOT 1,H5,NO,,,391261,145684,R85,,,FROM COPY OF SPENCER BBWMROOT1&2 0312-3
roots,,WB,HW,,B,50-C,4.47,2246.348,49.343,502.539,-28.429,2.99,BBWM ROOT 1,H6,NO,,,391262,145685,R86,,,FROM COPY OF SPENCER BBWMROOT1&2 0312-3
roots,,WB,SW,,O,O,4.09,2283.834,55.179,558.395,-26.369,2.084,BBWM ROOT 1,H7,NO,,,391263,145686,R87,,,FROM COPY OF SPENCER BBWMROOT1&2 0312-3
roots,,WB,SW,,O,O,4.06,2196.496,54.852,541.009,-26.44,3.648,BBWM ROOT 1,H8,NO,,,391264,145687,R88,,,FROM COPY OF SPENCER BBWMROOT1&2 0312-3
roots,,WB,SW,,O,O,3.95,2072.519,48.817,524.688,-26.527,2.145,BBWM ROOT 1,H9,NO,,,391265,145688,R89,,,FROM COPY OF SPENCER BBWMROOT1&2 0312-3
roots,,WB,SW,,O,O,4.11,2258.834,27.71,549.595,-26.61,0.016,BBWM ROOT 1,H10,NO,,,391266,145689,R90,,,FROM COPY OF SPENCER BBWMROOT1&2 0312-3
roots,,WB,SW,,O,O,4.25,2146.793,30.988,505.128,-27.258,2.765,BBWM ROOT 1,H11,NO,,,391267,145690,R91,,,FROM COPY OF SPENCER BBWMROOT1&2 0312-3
roots,,WB,SW,,O,O,4.3,2221.403,26.169,516.605,-26.66,1.343,BBWM ROOT 1,H12,NO,,,391268,145691,R92,,,FROM COPY OF SPENCER BBWMROOT1&2 0312-3
roots,,WB,SW,,B,0-5cm,4.31,2283.834,48.554,529.892,-26.527,1.387,BBWM ROOT 2,A2,NO,,,391270,145696,R93,,,FROM COPY OF SPENCER BBWMROOT1&2 0312-3
roots,,WB,SW,,B,0-5cm,3.9,2047.835,40.169,525.086,-27.638,2.978,BBWM ROOT 2,A3,NO,,,391271,145697,R94,,,FROM COPY OF SPENCER BBWMROOT1&2 0312-3
roots,,WB,SW,,B,0-5cm,4.13,2184.056,39.837,528.827,-26.856,2.855,BBWM ROOT 2,A4,NO,,,391272,145698,R95,,,FROM COPY OF SPENCER BBWMROOT1&2 0312-3
roots,,WB,SW,,B,0-5cm,4.06,2060.172,24.827,507.432,-26.273,0.451,BBWM ROOT 2,A5,NO,,,391273,145699,R96,,,FROM COPY OF SPENCER BBWMROOT1&2 0312-3
roots,,WB,SW,,B,0-5cm,3.99,2146.793,40.434,538.043,-27.853,3.43,BBWM ROOT 2,A6,NO,,,391274,145700,R97,,,FROM COPY OF SPENCER BBWMROOT1&2 0312-3
roots,,WB,SW,,B,0-5cm,4.13,2109.614,22.34,510.802,-26.564,0.857,BBWM ROOT 2,A7,NO,,,391275,145701,R98,,,FROM COPY OF SPENCER BBWMROOT1&2 0312-3
roots,,WB,SW,,B,5-25cm,4.23,2171.626,40.765,513.387,-25.998,1.676,BBWM ROOT 2,A8,NO,,,391276,145702,R99,,,FROM COPY OF SPENCER BBWMROOT1&2 0312-3
roots,,WB,SW,,B,5-25cm,3.9,1937.218,38.577,496.722,-27.956,2.384,BBWM ROOT 2,A9,NO,,,391277,145703,R100,,,FROM COPY OF SPENCER BBWMROOT1&2 0312-3
roots,,WB,SW,,B,5-25cm,4.31,2308.871,41.03,535.701,-26.893,2.864,BBWM ROOT 2,A11,NO,,,391279,145705,R101,,,FROM COPY OF SPENCER BBWMROOT1&2 0312-3
roots,,WB,SW,,B,5-25cm,4.14,2060.172,16.675,497.626,-25.119,0.421,BBWM ROOT 2,A12,NO,,,391280,145706,R102,,Precision decreases for samples containing less than 20ugN,FROM COPY OF SPENCER BBWMROOT1&2 0312-3
roots,,WB,SW,,B,5-25cm,4.2,2072.519,32.59,493.457,-27.586,3.073,BBWM ROOT 2,B1,NO,,,391281,145710,R103,,,FROM COPY OF SPENCER BBWMROOT1&2 0312-3
roots,,WB,SW,,B,5-25cm,4,2072.519,16.067,518.13,-26.804,0.944,BBWM ROOT 2,B2,NO,,,391282,145711,R104,,Precision decreases for samples containing less than 20ugN,FROM COPY OF SPENCER BBWMROOT1&2 0312-3
roots,,WB,SW,,B,25-50cm,4.32,2258.834,40.632,522.878,-27.923,3.26,BBWM ROOT 2,B3,NO,,,391283,145712,R105,,,FROM COPY OF SPENCER BBWMROOT1&2 0312-3
roots,,WB,SW,,B,25-50cm,4.27,2409.393,40.632,564.261,-27.196,2.704,BBWM ROOT 2,B4,NO,,,391284,145713,R106,,,FROM COPY OF SPENCER BBWMROOT1&2 0312-3
roots,,WB,SW,,B,25-C,4.27,2208.945,40.235,517.317,-25.426,1.609,BBWM ROOT 2,B5,NO,,,391285,145714,R107,,,FROM COPY OF SPENCER BBWMROOT1&2 0312-3
roots,,WB,SW,,B,25-50cm,4.34,2233.871,19.511,514.717,-25.776,1.902,BBWM ROOT 2,B6,NO,,,391286,145715,R108,,Precision decreases for samples containing less than 20ugN,FROM COPY OF SPENCER BBWMROOT1&2 0312-3
roots,,WB,SW,,B,25-50cm,4.08,2109.614,24.558,517.062,-26.713,2.11,BBWM ROOT 2,B7,NO,,,391287,145716,R109,,,FROM COPY OF SPENCER BBWMROOT1&2 0312-3
roots,,WB,SW,,B,25-C,4,2047.835,16.946,511.959,-25.118,0.476,BBWM ROOT 2,B8,NO,,,391288,145717,R110,,Precision decreases for samples containing less than 20ugN,FROM COPY OF SPENCER BBWMROOT1&2 0312-3
roots,,WB,SW,,B,50-C,4.15,2060.172,42.221,496.427,-27.634,3.53,BBWM ROOT 2,B9,NO,,,391289,145718,R111,,,FROM COPY OF SPENCER BBWMROOT1&2 0312-3
roots,,WB,SW,,B,50-C,4.3,2258.834,31.522,525.31,-26.748,2.204,BBWM ROOT 2,B10,NO,,,391290,145719,R112,,,FROM COPY OF SPENCER BBWMROOT1&2 0312-3
roots,,WB,SW,,B,50-C,4.22,2010.879,22.744,476.512,-25.437,1.786,BBWM ROOT 2,B11,NO,,,391291,145720,R113,,,FROM COPY OF SPENCER BBWMROOT1&2 0312-3
roots,,WB,SW,,B,50-C,4.06,2097.24,15.12,516.561,-25.449,1.516,BBWM ROOT 2,B12,NO,,,391292,145721,R114,,Precision decreases for samples containing less than 20ugN,FROM COPY OF SPENCER BBWMROOT1&2 0312-3