"material","sample_ID","sample_number","watershed","forest","species","year","C_mg_g","horizon","depth"
"foliage","5001",5001,"WB",,"RS",2012,500,,
"foliage","5002",5002,"WB",,"YB",2012,462.17,,
"foliage","5003",5003,"WB",,"AB",2012,490.39,,
"foliage","5004",5004,"WB",,"YB",2012,470.31,,
"foliage","5005",5005,"WB",,"YB",2012,472.84,,
"foliage","5006",5006,"WB",,"RS",2012,529.53,,
"foliage","5007",5007,"WB",,"RM",2012,504.08,,
"foliage","5008",5008,"WB",,"RS",2012,510.58,,
"foliage","5009",5009,"WB",,"YB",2012,500.6,,
"foliage","5010",5010,"WB",,"YB",2012,469.63,,
"foliage","5011",5011,"WB",,"RS",2012,472.84,,
"foliage","5013",5013,"WB",,"SM",2012,504.69,,
"foliage","5014",5014,"WB",,"AB",2012,461.28,,
"foliage","5015",5015,"WB",,"AB",2012,528.48,,
"foliage","5017",5017,"WB",,"SM",2012,517.36,,
"foliage","5018",5018,"WB",,"RM",2012,568.49,,
"foliage","5020",5020,"WB",,"RM",2012,497.89,,
"foliage","5022",5022,"WB",,"AB",2012,473.7,,
"foliage","5024",5024,"WB",,"SM",2012,487.52,,
"foliage","5025",5025,"WB",,"RM",2012,478.17,,
"foliage","5026",5026,"EB",,"RS",2012,497.05,,
"foliage","5027",5027,"EB",,"SM",2012,477.82,,
"foliage","5028",5028,"EB",,"RM",2012,517.62,,
"foliage","5029",5029,"EB",,"RS",2012,479.29,,
"foliage","5030",5030,"EB",,"AB",2012,442.39,,
"foliage","5031",5031,"EB",,"YB",2012,470.76,,
"foliage","5032",5032,"EB",,"YB",2012,437.62,,
"foliage","5033",5033,"EB",,"RM",2012,478.99,,
"foliage","5034",5034,"EB",,"RM",2012,479.5,,
"foliage","5035",5035,"EB",,"SM",2012,465.44,,
"foliage","5036",5036,"EB",,"AB",2012,501.7,,
"foliage","5037",5037,"EB",,"AB",2012,466.62,,
"foliage","5038",5038,"EB",,"YB",2012,444.4,,
"foliage","5039",5039,"EB",,"RS",2012,519.41,,
"foliage","5040",5040,"EB",,"AB",2012,516.27,,
"foliage","5041",5041,"EB",,"AB",2012,538.6,,
"foliage","5042",5042,"EB",,"RM",2012,491.29,,
"foliage","5043",5043,"EB",,"YB",2012,488.93,,
"foliage","5044",5044,"EB",,"YB",2012,437.06,,
"foliage","5055",5055,"EB",,"SM",2012,482.75,,
"foliage","5056",5056,"EB",,"RM",2012,490,,
"foliage","5057",5057,"EB",,"SM",2012,478,,
"foliage","5058",5058,"EB",,"RS",2012,528,,
"foliage","5059",5059,"EB",,"SM",2012,466.02,,
"foliage","5060",5060,"EB",,"RS",2012,531.95,,
"foliage","5061",5061,"WB",,"RS",2011,513.2,,
"foliage","5062",5062,"WB",,"RS",2011,487.46,,
"foliage","5063",5063,"WB",,"RS",2011,493.34,,
"foliage","5064",5064,"WB",,"RS",2011,528.43,,
"foliage","5065",5065,"WB",,"RS",2011,502.01,,
"foliage","5066",5066,"EB",,"RS",2011,517.5,,
"foliage","5067",5067,"EB",,"RS",2011,514.67,,
"foliage","5068",5068,"EB",,"RS",2011,500.77,,
"foliage","5069",5069,"EB",,"RS",2011,509.64,,
"foliage","5100",5100,"WB",,"RS",2013,511.29,,
"foliage","5101",5101,"WB",,"YB",2013,481.07,,
"foliage","5102",5102,"WB",,"AB",2013,476.71,,
"foliage","5104",5104,"WB",,"YB",2013,486.13,,
"foliage","5105",5105,"WB",,"RS",2013,486.22,,
"foliage","5106",5106,"WB",,"RM",2013,491.88,,
"foliage","5107",5107,"WB",,"RS",2013,500.67,,
"foliage","5108",5108,"WB",,"YB",2013,472.97,,
"foliage","5109",5109,"WB",,"YB",2013,489.56,,
"foliage","5110",5110,"WB",,"RS",2013,503.47,,
"foliage","5111",5111,"WB",,"RM",2013,500.44,,
"foliage","5112",5112,"WB",,"SM",2013,474.55,,
"foliage","5113",5113,"WB",,"AB",2013,457.86,,
"foliage","5114",5114,"WB",,"AB",2013,472.28,,
"foliage","5115",5115,"WB",,"SM",2013,491.88,,
"foliage","5116",5116,"WB",,"SM",2013,477.94,,
"foliage","5117",5117,"WB",,"RM",2013,497.53,,
"foliage","5118",5118,"WB",,"SM",2013,482.32,,
"foliage","5119",5119,"WB",,"RM",2013,485.9,,
"foliage","5120",5120,"WB",,"RS",2013,514.62,,
"foliage","5121",5121,"WB",,"AB",2013,486.26,,
"foliage","5122",5122,"WB",,"AB",2013,471.13,,
"foliage","5123",5123,"WB",,"SM",2013,477.62,,
"foliage","5124",5124,"WB",,"RM",2013,472.24,,
"foliage","5125",5125,"EB",,"RS",2013,501,,
"foliage","5126",5126,"EB",,"SM",2013,491.3,,
"foliage","5127",5127,"EB",,"RM",2013,496.55,,
"foliage","5128",5128,"EB",,"RS",2013,456.18,,
"foliage","5129",5129,"EB",,"AB",2013,508.54,,
"foliage","5130",5130,"EB",,"YB",2013,479.4,,
"foliage","5131",5131,"EB",,"YB",2013,487.35,,
"foliage","5132",5132,"EB",,"RM",2013,555.94,,
"foliage","5133",5133,"EB",,"RM",2013,507.69,,
"foliage","5134",5134,"EB",,"SM",2013,466.38,,
"foliage","5135",5135,"EB",,"AB",2013,465.65,,
"foliage","5136",5136,"EB",,"AB",2013,474.38,,
"foliage","5137",5137,"EB",,"YB",2013,559.97,,
"foliage","5138",5138,"EB",,"RS",2013,491.77,,
"foliage","5139",5139,"EB",,"AB",2013,500.2,,
"foliage","5140",5140,"EB",,"AB",2013,447.72,,
"foliage","5141",5141,"EB",,"RM",2013,505.73,,
"foliage","5142",5142,"EB",,"YB",2013,483.58,,
"foliage","5143",5143,"EB",,"YB",2013,475.49,,
"foliage","5144",5144,"EB",,"SM",2013,489.58,,
"foliage","5145",5145,"EB",,"RM",2013,476.36,,
"foliage","5146",5146,"EB",,"SM",2013,453.87,,
"foliage","5147",5147,"EB",,"RS",2013,514.57,,
"foliage","5148",5148,"EB",,"SM",2013,500.89,,
"foliage","5149",5149,"EB",,"RS",2013,558.13,,
"foliage","5200",5200,"WB",,"RS",2014,512.24,,
"foliage","5201",5201,"WB",,"YB",2014,470.03,,
"foliage","5202",5202,"WB",,"AB",2014,493.55,,
"foliage","5203",5203,"WB",,"YB",2014,493.27,,
"foliage","5204",5204,"WB",,"YB",2014,464.86,,
"foliage","5205",5205,"WB",,"RS",2014,464.15,,
"foliage","5206",5206,"WB",,"RM",2014,425.11,,
"foliage","5207",5207,"WB",,"RS",2014,497.7,,
"foliage","5208",5208,"WB",,"YB",2014,476.49,,
"foliage","5209",5209,"WB",,"YB",2014,476.95,,
"foliage","5210",5210,"WB",,"RS",2014,502.37,,
"foliage","5211",5211,"WB",,"RM",2014,473.68,,
"foliage","5212",5212,"WB",,"SM",2014,480.24,,
"foliage","5213",5213,"WB",,"AB",2014,465.72,,
"foliage","5214",5214,"WB",,"AB",2014,505.06,,
"foliage","5215",5215,"WB",,"SM",2014,480.18,,
"foliage","5216",5216,"WB",,"SM",2014,488.71,,
"foliage","5217",5217,"WB",,"RM",2014,489.36,,
"foliage","5218",5218,"WB",,"SM",2014,482.21,,
"foliage","5219",5219,"WB",,"RM",2014,486.2,,
"foliage","5220",5220,"WB",,"RS",2014,497.34,,
"foliage","5221",5221,"WB",,"AB",2014,451.06,,
"foliage","5222",5222,"WB",,"AB",2014,477.17,,
"foliage","5223",5223,"WB",,"SM",2014,438.81,,
"foliage","5224",5224,"WB",,"RM",2014,479.73,,
"foliage","5225",5225,"EB",,"RS",2014,499.9,,
"foliage","5226",5226,"EB",,"SM",2014,477.74,,
"foliage","5227",5227,"EB",,"RM",2014,478.78,,
"foliage","5228",5228,"EB",,"RS",2014,502.96,,
"foliage","5229",5229,"EB",,"AB",2014,480.67,,
"foliage","5230",5230,"EB",,"YB",2014,462.81,,
"foliage","5231",5231,"EB",,"YB",2014,462.5,,
"foliage","5232",5232,"EB",,"RM",2014,483.04,,
"foliage","5233",5233,"EB",,"RM",2014,494.33,,
"foliage","5234",5234,"EB",,"SM",2014,469.55,,
"foliage","5235",5235,"EB",,"AB",2014,471.62,,
"foliage","5236",5236,"EB",,"AB",2014,440.56,,
"foliage","5237",5237,"EB",,"YB",2014,468.91,,
"foliage","5238",5238,"EB",,"RS",2014,510.57,,
"foliage","5239",5239,"EB",,"AB",2014,457.64,,
"foliage","5240",5240,"EB",,"AB",2014,479.93,,
"foliage","5241",5241,"EB",,"RM",2014,512.76,,
"foliage","5242",5242,"EB",,"YB",2014,479.35,,
"foliage","5243",5243,"EB",,"YB",2014,468.06,,
"foliage","5244",5244,"EB",,"SM",2014,480.57,,
"foliage","5245",5245,"EB",,"RM",2014,501.68,,
"foliage","5246",5246,"EB",,"SM",2014,475.03,,
"foliage","5247",5247,"EB",,"RS",2014,501.17,,
"foliage","5248",5248,"EB",,"SM",2014,481.58,,
"foliage","5249",5249,"EB",,"RS",2014,500.24,,
"foliage","5250",5250,"WB",,"RS",2013,506.33,,
"foliage","5251",5251,"WB",,"RS",2012,504.11,,
"foliage","5252",5252,"WB",,"RS",2013,511.38,,
"foliage","5253",5253,"WB",,"RS",2012,514.09,,
"foliage","5254",5254,"WB",,"RS",2013,518.53,,
"foliage","5255",5255,"WB",,"RS",2012,512.88,,
"foliage","5256",5256,"WB",,"RS",2013,504.37,,
"foliage","5257",5257,"WB",,"RS",2012,515.98,,
"foliage","5258",5258,"WB",,"RS",2013,510.43,,
"foliage","5259",5259,"WB",,"RS",2012,516.64,,
"foliage","5260",5260,"EB",,"RS",2013,509.29,,
"foliage","5261",5261,"EB",,"RS",2012,513.42,,
"foliage","5262",5262,"EB",,"RS",2013,512.39,,
"foliage","5263",5263,"EB",,"RS",2012,516.64,,
"foliage","5264",5264,"EB",,"RS",2013,508,,
"foliage","5265",5265,"EB",,"RS",2012,512.1,,
"foliage","5266",5266,"EB",,"RS",2013,515.98,,
"foliage","5267",5267,"EB",,"RS",2012,517.95,,
"foliage","5268",5268,"EB",,"RS",2013,515.32,,
"foliage","5269",5269,"EB",,"RS",2012,512.88,,
"foliage","HFL031",,"WB",,"SM",2003,492.82,,
"foliage","HFL032",,"EB",,"SM",2003,508.06,,
"foliage","HFL033",,"WB",,"SM",2003,496.78,,
"foliage","HFL034",,"EB",,"SM",2003,495.67,,
"foliage","HFL035",,"WB",,"SM",2003,511.48,,
"foliage","HFL036",,"WB",,"SM",2003,515.45,,
"foliage","HFL037",,"EB",,"SM",2003,496.61,,
"foliage","HFL038",,"EB",,"SM",2003,499.7,,
"foliage","HFL981",,"WB",,"SM",1998,474.52,,
"foliage","HFL982",,"EB",,"SM",1998,476.97,,
"foliage","HFL983",,"WB",,"SM",1998,495.39,,
"foliage","HFL984",,"WB",,"SM",1998,480.7,,
"foliage","HFL985",,"EB",,"SM",1998,483.96,,
"foliage","HFL986",,"EB",,"SM",1998,466.6,,
"foliage","HFL987",,"WB",,"SM",1998,486,,
"foliage","HFL988",,"EB",,"SM",1998,489.73,,
"foliage","V1",,"WB",,"YB",2010,509.54,,
"foliage","V10",,"WB",,"AB",2010,495.64,,
"foliage","V11 mean",,"WB",,"RM",2010,574.71,,
"foliage","V12",,"WB",,"RM",2010,573.33,,
"foliage","V13",,"WB",,"RM",2010,576.8,,
"foliage","V14",,"WB",,"RM",2010,552.2,,
"foliage","V15",,"WB",,"RM",2010,540.34,,
"foliage","V16",,"WB",,"SM",2010,540,,
"foliage","V17",,"WB",,"SM",2010,499.11,,
"foliage","V18",,"WB",,"SM",2010,592.92,,
"foliage","V19",,"WB",,"SM",2010,491.25,,
"foliage","V2",,"WB",,"YB",2010,505.25,,
"foliage","V20",,"WB",,"SM",2010,486.11,,
"foliage","V21",,"WB",,"RS",2010,504.57,,
"foliage","V22",,"WB",,"RS",2010,512.01,,
"foliage","V23",,"WB",,"RS",2010,523.08,,
"foliage","V26",,"WB",,"RS",2009,529.69,,
"foliage","V27",,"WB",,"RS",2009,514.42,,
"foliage","V28",,"WB",,"RS",2009,517.01,,
"foliage","V3",,"WB",,"YB",2010,502.02,,
"foliage","V31",,"WB",,"RS",2008,531.7,,
"foliage","V32",,"WB",,"RS",2008,511.34,,
"foliage","V33",,"WB",,"RS",2008,526.78,,
"foliage","V36",,"EB",,"YB",2010,482.55,,
"foliage","V37",,"EB",,"YB",2010,485.05,,
"foliage","V38",,"EB",,"YB",2010,494.25,,
"foliage","V39",,"EB",,"YB",2010,515.53,,
"foliage","V4",,"WB",,"YB",2010,499.17,,
"foliage","V40",,"EB",,"YB",2010,492.72,,
"foliage","V41",,"EB",,"AB",2010,523.95,,
"foliage","V42",,"EB",,"AB",2010,489.75,,
"foliage","V43",,"EB",,"AB",2010,498.77,,
"foliage","V44",,"EB",,"AB",2010,507.96,,
"foliage","V45",,"EB",,"AB",2010,516.19,,
"foliage","V46",,"EB",,"RM",2010,528.72,,
"foliage","V47 mean",,"EB",,"RM",2010,520.51,,
"foliage","V48",,"EB",,"RM",2010,503.29,,
"foliage","V49",,"EB",,"RM",2010,496.53,,
"foliage","V5",,"WB",,"YB",2010,510.43,,
"foliage","V50",,"EB",,"RM",2010,529.61,,
"foliage","V51",,"EB",,"SM",2010,495.52,,
"foliage","V52",,"EB",,"SM",2010,573.01,,
"foliage","V53",,"EB",,"SM",2010,492.44,,
"foliage","V54",,"EB",,"SM",2010,494.96,,
"foliage","V55",,"EB",,"SM",2010,507.03,,
"foliage","V56",,"EB",,"RS",2010,507.3,,
"foliage","V57",,"EB",,"RS",2010,513.44,,
"foliage","V58",,"EB",,"RS",2010,518.59,,
"foliage","V6",,"WB",,"AB",2010,508.09,,
"foliage","V61",,"EB",,"RS",2009,524.27,,
"foliage","V62",,"EB",,"RS",2009,522.69,,
"foliage","V63",,"EB",,"RS",2009,529.23,,
"foliage","V66",,"EB",,"RS",2008,519.51,,
"foliage","V67",,"EB",,"RS",2008,534.9,,
"foliage","V68",,"EB",,"RS",2008,507.94,,
"foliage","V7",,"WB",,"AB",2010,510.02,,
"foliage","V8",,"WB",,"AB",2010,487.33,,
"foliage","V9",,"WB",,"AB",2010,525.4,,
"wood","C1",,"EB",,"RS",2001,476.85,,
"wood","C2",,"EB",,"RS",2001,474.83,,
"wood","C5",,"EB",,"RS",2001,476.08,,
"wood","C7",,"EB",,"RM",2001,475.57,,
"wood","C8",,"EB",,"RM",2001,493.88,,
"wood","C9",,"EB",,"RM",2001,468.96,,
"wood","C11",,"EB",,"YB",2001,469.34,,
"wood","C12",,"EB",,"YB",2001,457.82,,
"wood","C13",,"EB",,"YB",2001,473.17,,
"wood","C14",,"EB",,"YB",2001,475.33,,
"wood","C15",,"EB",,"YB",2001,465.88,,
"wood","C16",,"EB",,"AB",2001,523.98,,
"wood","C17",,"EB",,"AB",2001,492.09,,
"wood","C18",,"EB",,"AB",2001,476.64,,
"wood","C19",,"EB",,"SM",2001,498.11,,
"wood","C20",,"EB",,"SM",2001,552.23,,
"wood","C21",,"EB",,"SM",2001,484.75,,
"wood","C22",,"EB",,"SM",2001,467.01,,
"wood","C23",,"EB",,"SM",2001,485.89,,
"wood","C24",,"WB",,"RS",2001,470.8,,
"wood","C25",,"WB",,"RS",2001,478.7,,
"wood","C26",,"WB",,"RS",2001,501.08,,
"wood","C27",,"WB",,"RS",2001,481.1,,
"wood","C30",,"WB",,"RM",2001,474.47,,
"wood","C31",,"WB",,"RM",2001,482.1,,
"wood","C32",,"WB",,"RM",2001,475.91,,
"wood","C33",,"WB",,"RM",2001,505.4,,
"wood","C34",,"WB",,"YB",2001,472.47,,
"wood","C35",,"WB",,"YB",2001,482.81,,
"wood","C36",,"WB",,"YB",2001,482.3,,
"wood","C37",,"WB",,"YB",2001,471.34,,
"wood","C38",,"WB",,"YB",2001,588.38,,
"wood","C39",,"WB",,"AB",2001,498.88,,
"wood","C40",,"WB",,"AB",2001,473.23,,
"wood","C41",,"WB",,"AB",2001,483.53,,
"wood","C42",,"WB",,"SM",2001,492.74,,
"wood","C43",,"WB",,"SM",2001,488.95,,
"wood","C45",,"WB",,"SM",2001,484.76,,
"wood","C47",,"EB",,"RS",2004,501.21,,
"wood","C48",,"EB",,"RS",2004,501.19,,
"wood","C49",,"EB",,"RS",2004,501.53,,
"wood","C50",,"EB",,"RS",2004,497.94,,
"wood","C51",,"EB",,"RS",2004,485.93,,
"wood","C52",,"EB",,"RM",2004,489.92,,
"wood","C53",,"EB",,"RM",2004,484.45,,
"wood","C54",,"EB",,"RM",2004,504.54,,
"wood","C55",,"EB",,"RM",2004,528.32,,
"wood","C56",,"EB",,"RM",2004,485.35,,
"wood","C57",,"EB",,"YB",2004,493.57,,
"wood","C58",,"EB",,"YB",2004,582.08,,
"wood","C59",,"EB",,"YB",2004,480.66,,
"wood","C60",,"EB",,"YB",2004,480.3,,
"wood","C61",,"EB",,"YB",2004,496.7,,
"wood","C62",,"EB",,"AB",2004,506.7,,
"wood","C63",,"EB",,"AB",2004,583.12,,
"wood","C64",,"EB",,"AB",2004,514.29,,
"wood","C65",,"EB",,"SM",2004,772.35,,
"wood","C66",,"EB",,"SM",2004,892.21,,
"wood","C67",,"EB",,"SM",2004,500.63,,
"wood","C68",,"EB",,"SM",2004,515.43,,
"wood","C69",,"EB",,"SM",2004,499.13,,
"wood","C70",,"WB",,"RS",2004,488.22,,
"wood","C71",,"WB",,"RS",2004,496.46,,
"wood","C72",,"WB",,"RS",2004,515.11,,
"wood","C73",,"WB",,"RS",2004,560.94,,
"wood","C74",,"WB",,"RS",2004,476.42,,
"wood","C75",,"WB",,"RM",2004,487.96,,
"wood","C76",,"WB",,"RM",2004,475.03,,
"wood","C77",,"WB",,"RM",2004,480.81,,
"wood","C78",,"WB",,"RM",2004,502.03,,
"wood","C79",,"WB",,"RM",2004,456.41,,
"wood","C80",,"WB",,"YB",2004,487.17,,
"wood","C81",,"WB",,"YB",2004,564.24,,
"wood","C82",,"WB",,"YB",2004,503.72,,
"wood","C83",,"WB",,"YB",2004,505.93,,
"wood","C85",,"WB",,"AB",2004,402.23,,
"wood","C86",,"WB",,"AB",2004,440.22,,
"wood","C87",,"WB",,"AB",2004,641.29,,
"wood","C88",,"WB",,"AB",2004,547.37,,
"wood","C89",,"WB",,"SM",2004,485.99,,
"wood","C90",,"WB",,"SM",2004,462.1,,
"wood","C91",,"WB",,"SM",2004,495.59,,
"wood","C92",,"WB",,"SM",2004,473.71,,
"wood","C93",,"WB",,"SM",2004,538.92,,
"wood","C94",,"EB",,"RS",2006,495.51,,
"wood","C95",,"EB",,"RS",2006,516.49,,
"wood","C96",,"EB",,"RS",2006,486.15,,
"wood","C97",,"EB",,"RS",2006,488.01,,
"wood","C99",,"EB",,"RM",2006,493.29,,
"wood","C100",,"EB",,"RM",2006,479.78,,
"wood","C102",,"EB",,"RM",2006,582.68,,
"wood","C103",,"EB",,"RM",2006,493.15,,
"wood","C104",,"EB",,"YB",2006,486.64,,
"wood","C105",,"EB",,"YB",2006,470.21,,
"wood","C106",,"EB",,"YB",2006,546.61,,
"wood","C107",,"EB",,"YB",2006,480.92,,
"wood","C108",,"EB",,"YB",2006,783.17,,
"wood","C109",,"EB",,"AB",2006,472.72,,
"wood","C110",,"EB",,"AB",2006,536.49,,
"wood","C111",,"EB",,"AB",2006,531.14,,
"wood","C112",,"EB",,"SM",2006,529.56,,
"wood","C113",,"EB",,"SM",2006,510.78,,
"wood","C114",,"EB",,"SM",2006,636.98,,
"wood","C115",,"EB",,"SM",2006,532.86,,
"wood","C116",,"EB",,"SM",2006,515.85,,
"wood","C118",,"WB",,"RS",2006,515.51,,
"wood","C119",,"WB",,"RS",2006,502.91,,
"wood","C120",,"WB",,"RS",2006,489.43,,
"wood","C121",,"WB",,"RS",2006,495.77,,
"wood","C122",,"WB",,"RM",2006,482.84,,
"wood","C123",,"WB",,"RM",2006,486.3,,
"wood","C124",,"WB",,"RM",2006,464.84,,
"wood","C125",,"WB",,"RM",2006,510.65,,
"wood","C126",,"WB",,"RM",2006,46.5,,
"wood","C127",,"WB",,"YB",2006,478.23,,
"wood","C128",,"WB",,"YB",2006,498.76,,
"wood","C129",,"WB",,"YB",2006,475.63,,
"wood","C131",,"WB",,"YB",2006,579.87,,
"wood","C132",,"WB",,"AB",2006,724.48,,
"wood","C133",,"WB",,"AB",2006,475.47,,
"wood","C134",,"WB",,"AB",2006,491.36,,
"wood","C135",,"WB",,"AB",2006,567.46,,
"wood","C136",,"WB",,"SM",2006,491.36,,
"wood","C137",,"WB",,"SM",2006,492.53,,
"wood","C138",,"WB",,"SM",2006,494.65,,
"wood","C139",,"WB",,"SM",2006,821.64,,
"wood","C140",,"WB",,"SM",2006,467,,
"wood","C141",,"EB",,"RS",,490.74,,
"wood","C142",,"EB",,"RS",,510.78,,
"wood","C146",,"EB",,"RM",,490.37,,
"wood","C150",,"EB",,"RM",,503.4,,
"wood","C152",,"EB",,"YB",,493.59,,
"wood","C155",,"EB",,"YB",,481.42,,
"wood","C157",,"EB",,"AB",,535.08,,
"wood","C161",,"EB",,"SM",,489.88,,
"wood","C162",,"EB",,"SM",,512.06,,
"wood","C163",,"EB",,"SM",,483.09,,
"wood","C168",,"WB",,"RS",,564.8,,
"wood","C171",,"WB",,"RM",,499.17,,
"wood","C172",,"WB",,"RM",,501.6,,
"wood","C173",,"WB",,"RM",,489.03,,
"wood","C175",,"WB",,"RM",,477.9,,
"wood","C176",,"WB",,"YB",,1663,,
"wood","C179",,"WB",,"YB",,509.27,,
"wood","C181",,"WB",,"AB",,474.87,,
"wood","C184",,"WB",,"AB",,482.04,,
"wood","C190",,"WB",,"SM",,490.59,,
"woody_litter","13-027",,"EB","HW","woody",2013,512.463636363636,,
"woody_litter","13-017",,"EB","HW","woody",2013,515.847826086957,,
"woody_litter","13-037",,"EB","HW","woody",2013,500.240990990991,,
"woody_litter","13-047",,"EB","HW","woody",2013,514.507829977629,,
"woody_litter","13-057",,"EB","SW","woody",2013,537.8568329718,,
"woody_litter","13-067",,"EB","SW","woody",2013,531.190265486726,,
"woody_litter","13-087",,"EB","SW","woody",2013,534.858093126386,,
"woody_litter","13-097",,"EB","SW","woody",2013,540.065789473684,,
"woody_litter","13-117",,"WB","HW","woody",2013,498.828442437923,,
"woody_litter","13-127",,"WB","HW","woody",2013,521.605263157895,,
"woody_litter","13-137",,"WB","HW","woody",2013,514.929046563193,,
"woody_litter","13-147",,"WB","HW","woody",2013,499.155507559395,,
"woody_litter","13-167",,"WB","SW","woody",2013,522.837719298246,,
"woody_litter","13-177",,"WB","SW","woody",2013,506.831838565022,,
"woody_litter","13-187",,"WB","SW","woody",2013,519.054298642534,,
"woody_litter","13-197",,"WB","SW","woody",2013,499.562231759657,,
"loose_litter","LL1001",,"EB","HW",,2012,484.64,,
"loose_litter","LL1002",,"EB","HW",,2012,487.43,,
"loose_litter","LL1003",,"EB","HW",,2012,474.15,,
"loose_litter","LL1004",,"EB","HW",,2012,532.09,,
"loose_litter","LL1005",,"EB","HW",,2012,522.08,,
"loose_litter","LL1011",,"EB","SW",,2012,510.01,,
"loose_litter","LL1012",,"EB","SW",,2012,498.24,,
"loose_litter","LL1013",,"EB","SW",,2012,500.82,,
"loose_litter","LL1014",,"EB","SW",,2012,548.94,,
"loose_litter","LL1015",,"EB","SW",,2012,519.45,,
"loose_litter","LL1021",,"WB","HW",,2012,393.53,,
"loose_litter","LL1022",,"WB","HW",,2012,458.5,,
"loose_litter","LL1023",,"WB","HW",,2012,476.14,,
"loose_litter","LL1024",,"WB","HW",,2012,458.34,,
"loose_litter","LL1025",,"WB","HW",,2012,501.86,,
"loose_litter","LL1031",,"WB","SW",,2012,515.85,,
"loose_litter","LL1032",,"WB","SW",,2012,531.1,,
"loose_litter","LL1033",,"WB","SW",,2012,543.5,,
"loose_litter","LL1034",,"WB","SW",,2012,544.06,,
"loose_litter","LL1035",,"WB","SW",,2012,546.71,,
"loose_litter","LL1041",,"EB","RT",,2012,427.12,,
"loose_litter","LL1042",,"EB","RT",,2012,359.06,,
"loose_litter","LL1043",,"EB","RT",,2012,465.51,,
"loose_litter","LL1047",,"WB","RT",,2012,487.21,,
"loose_litter","LL1048",,"WB","RT",,2012,480.61,,
"loose_litter","LL1201",,"EB","HW",,2012,493.85,,
"loose_litter","LL1202",,"EB","HW",,2012,353.85,,
"loose_litter","LL1203",,"EB","HW",,2012,454.82,,
"loose_litter","LL1204",,"EB","HW",,2012,468.5,,
"loose_litter","LL1205",,"EB","HW",,2012,493.39,,
"loose_litter","LL1211",,"EB","SW",,2012,514.63,,
"loose_litter","LL1212",,"EB","SW",,2012,557.82,,
"loose_litter","LL1213",,"EB","SW",,2012,502.8,,
"loose_litter","LL1214",,"EB","SW",,2012,509.99,,
"loose_litter","LL1215",,"EB","SW",,2012,485.3,,
"loose_litter","LL1221",,"WB","HW",,2012,412.58,,
"loose_litter","LL1222",,"WB","HW",,2012,519.37,,
"loose_litter","LL1223",,"WB","HW",,2012,445.85,,
"loose_litter","LL1224",,"WB","HW",,2012,448.23,,
"loose_litter","LL1225",,"WB","HW",,2012,538.97,,
"loose_litter","LL1231",,"WB","SW",,2012,498.62,,
"loose_litter","LL1232",,"WB","SW",,2012,488.88,,
"loose_litter","LL1233",,"WB","SW",,2012,498.38,,
"loose_litter","LL1234",,"WB","SW",,2012,521.91,,
"loose_litter","LL1235",,"WB","SW",,2012,533.02,,
"loose_litter","LL1241",,"EB","RT",,2012,426.71,,
"loose_litter","LL1242",,"EB","RT",,2012,459.79,,
"loose_litter","LL1243",,"EB","RT",,2012,467.7,,
"loose_litter","LL1247",,"WB","RT",,2012,489.79,,
"loose_litter","LL1248",,"WB","RT",,2012,464.34,,
"loose_litter","LL1249",,"WB","RT",,2012,368.59,,
"loose_litter","LL1401",,"EB","HW",,2012,498.15,,
"loose_litter","LL1402",,"EB","HW",,2012,565.59,,
"loose_litter","LL1403",,"EB","HW",,2012,431.9,,
"loose_litter","LL1404",,"EB","HW",,2012,503.52,,
"loose_litter","LL1405",,"EB","HW",,2012,514.13,,
"loose_litter","LL1411",,"EB","SW",,2012,2.46,,
"loose_litter","LL1412",,"EB","SW",,2012,544.74,,
"loose_litter","LL1413",,"EB","SW",,2012,519.02,,
"loose_litter","LL1414",,"EB","SW",,2012,519.4,,
"loose_litter","LL1415",,"EB","SW",,2012,558.04,,
"loose_litter","LL1421",,"WB","HW",,2012,413.04,,
"loose_litter","LL1422",,"WB","HW",,2012,527.01,,
"loose_litter","LL1423",,"WB","HW",,2012,480.46,,
"loose_litter","LL1424",,"WB","HW",,2012,508.56,,
"loose_litter","LL1425",,"WB","HW",,2012,483.92,,
"loose_litter","LL1431",,"WB","SW",,2012,524.12,,
"loose_litter","LL1432",,"WB","SW",,2012,485.38,,
"loose_litter","LL1433",,"WB","SW",,2012,516.19,,
"loose_litter","LL1434",,"WB","SW",,2012,519.42,,
"loose_litter","LL1435",,"WB","SW",,2012,522.39,,
"loose_litter","LL1441",,"EB","RT",,2012,432.36,,
"loose_litter","LL1442",,"EB","RT",,2012,376.62,,
"loose_litter","LL1443",,"EB","RT",,2012,473,,
"loose_litter","LL1447",,"WB","RT",,2012,337.77,,
"loose_litter","LL1448",,"WB","RT",,2012,470.46,,
"loose_litter","LL1449",,"WB","RT",,2012,470.84,,
"loose_litter","LL1601",,"EB","HW",,2012,486.99,,
"loose_litter","LL1602",,"EB","HW",,2012,477.93,,
"loose_litter","LL1603",,"EB","HW",,2012,431,,
"loose_litter","LL1604",,"EB","HW",,2012,469.26,,
"loose_litter","LL1605",,"EB","HW",,2012,469.94,,
"loose_litter","LL1612",,"EB","SW",,2012,502.24,,
"loose_litter","LL1613",,"EB","SW",,2012,505.25,,
"loose_litter","LL1614",,"EB","SW",,2012,505.9,,
"loose_litter","LL1615",,"EB","SW",,2012,475.01,,
"loose_litter","LL1621",,"WB","HW",,2012,479.01,,
"loose_litter","LL1622",,"WB","HW",,2012,463.16,,
"loose_litter","LL1623",,"WB","HW",,2012,485.54,,
"loose_litter","LL1624",,"WB","HW",,2012,429.75,,
"loose_litter","LL1625",,"WB","HW",,2012,404.05,,
"loose_litter","LL1631",,"WB","SW",,2012,506.89,,
"loose_litter","LL1632",,"WB","SW",,2012,494.04,,
"loose_litter","LL1633",,"WB","SW",,2012,508.78,,
"loose_litter","LL1634",,"WB","SW",,2012,478.22,,
"loose_litter","LL1635",,"WB","SW",,2012,541.49,,
"loose_litter","LL1641",,"EB","RT",,2012,454.83,,
"loose_litter","LL1642",,"EB","RT",,2012,425.7,,
"loose_litter","LL1643",,"EB","RT",,2012,457.93,,
"loose_litter","LL1647",,"WB","RT",,2012,474.67,,
"loose_litter","LL1648",,"WB","RT",,2012,428.72,,
"loose_litter","LL1649",,"WB","RT",,2012,467,,
"loose_litter","LL1801",,"EB","HW",,2012,477.38,,
"loose_litter","LL1802",,"EB","HW",,2012,373.85,,
"loose_litter","LL1803",,"EB","HW",,2012,458.72,,
"loose_litter","LL1804",,"EB","HW",,2012,504.6,,
"loose_litter","LL1805",,"EB","HW",,2012,462.24,,
"loose_litter","LL1811",,"EB","SW",,2012,477.11,,
"loose_litter","LL1812",,"EB","SW",,2012,468.28,,
"loose_litter","LL1813",,"EB","SW",,2012,502.72,,
"loose_litter","LL1814",,"EB","SW",,2012,516.71,,
"loose_litter","LL1815",,"EB","SW",,2012,510.82,,
"loose_litter","LL1821",,"WB","HW",,2012,460.11,,
"loose_litter","LL1822",,"WB","HW",,2012,468.19,,
"loose_litter","LL1823",,"WB","HW",,2012,440.97,,
"loose_litter","LL1824",,"WB","HW",,2012,397.58,,
"loose_litter","LL1825",,"WB","HW",,2012,437.23,,
"loose_litter","LL1831",,"WB","SW",,2012,512.67,,
"loose_litter","LL1832",,"WB","SW",,2012,502.06,,
"loose_litter","LL1833",,"WB","SW",,2012,459.53,,
"loose_litter","LL1834",,"WB","SW",,2012,499.23,,
"loose_litter","LL1835",,"WB","SW",,2012,519.23,,
"loose_litter","LL1841",,"EB","RT",,2012,434.58,,
"loose_litter","LL1842",,"EB","RT",,2012,484.47,,
"loose_litter","LL1843",,"EB","RT",,2012,466,,
"loose_litter","LL1847",,"WB","RT",,2012,432.36,,
"loose_litter","LL1848",,"WB","RT",,2012,481.97,,
"loose_litter","LL1849",,"WB","RT",,2012,476.38,,
"loose_litter","LL2002",,"EB","HW",,2013,470.42,,
"loose_litter","LL2004",,"EB","HW",,2013,437.01,,
"loose_litter","LL2005",,"EB","HW",,2013,445.14,,
"loose_litter","LL2012",,"EB","SW",,2013,485.65,,
"loose_litter","LL2014",,"EB","SW",,2013,481.41,,
"loose_litter","LL2015",,"EB","SW",,2013,485.91,,
"loose_litter","LL2022",,"WB","HW",,2013,453.87,,
"loose_litter","LL2024",,"WB","HW",,2013,458.66,,
"loose_litter","LL2025",,"WB","HW",,2013,452.42,,
"loose_litter","LL2033",,"WB","SW",,2013,488.71,,
"loose_litter","LL2034",,"WB","SW",,2013,503.5,,
"loose_litter","LL2035",,"WB","SW",,2013,502.83,,
"loose_litter","LL2202",,"EB","HW",,2013,449.76,,
"loose_litter","LL2204",,"EB","HW",,2013,483.77,,
"loose_litter","LL2205",,"EB","HW",,2013,453.97,,
"loose_litter","LL2212",,"EB","SW",,2013,490.69,,
"loose_litter","LL2214",,"EB","SW",,2013,499.8,,
"loose_litter","LL2215",,"EB","SW",,2013,498.51,,
"loose_litter","LL2222",,"WB","HW",,2013,474.83,,
"loose_litter","LL2224",,"WB","HW",,2013,477.15,,
"loose_litter","LL2225",,"WB","HW",,2013,491.19,,
"loose_litter","LL2233",,"WB","SW",,2013,452.55,,
"loose_litter","LL2234",,"WB","SW",,2013,484.81,,
"loose_litter","LL2235",,"WB","SW",,2013,425.99,,
"roots","4201",,"EB","HW",,2013,485.6,"O","O"
"roots","4203",,"EB","HW",,2013,483.76,"B","0-5cm"
"roots","4204",,"EB","HW",,2013,487.82,"B","5-25cm"
"roots","4205",,"EB","HW",,2013,486.81,"O","O"
"roots","4207",,"EB","HW",,2013,474.53,"B","0-5cm"
"roots","4208",,"EB","HW",,2013,427.68,"B","5-25cm"
"roots","4209",,"EB","HW",,2013,489.78,"O","O"
"roots","4210",,,,,2013,482.16,"E","E"
"roots","4211",,"EB","HW",,2013,474.77,"B","0-5cm"
"roots","4212",,"EB","HW",,2013,496.39,"B","5-25cm"
"roots","4213",,"EB","HW",,2013,503.28,"O","O"
"roots","4214",,,,,2013,481.92,"E","E"
"roots","4216",,"EB","HW",,2013,486.08,"B","5-25cm"
"roots","4217",,"EB","HW",,2013,471.25,"O","O"
"roots","4219",,"EB","HW",,2013,484.79,"B","0-5cm"
"roots","4220",,"EB","HW",,2013,463.54,"B","5-25cm"
"roots","4221",,"EB","SW",,2013,522.69,"O","O"
"roots","4225",,"EB","SW",,2013,544.46,"O","O"
"roots","4227",,"EB","SW",,2013,516.63,"B","0-5cm"
"roots","4228",,"EB","SW",,2013,491.99,"B","5-25cm"
"roots","4229",,"EB","SW",,2013,527.79,"O","O"
"roots","4230",,,,,2013,494.81,"E","E"
"roots","4231",,"EB","SW",,2013,451.33,"B","0-5cm"
"roots","4233",,"EB","SW",,2013,540.36,"B","5-25cm"
"roots","4235",,"EB","SW",,2013,467.09,"B","0-5cm"
"roots","4236",,"EB","SW",,2013,497.44,"B","5-25cm"
"roots","4237",,"EB","SW",,2013,508.65,"O","O"
"roots","4239",,"EB","SW",,2013,484.27,"B","0-5cm"
"roots","4240",,"EB","SW",,2013,494.03,"B","5-25cm"
"roots","4241",,"WB","HW",,2013,518.83,"O","O"
"roots","4243a",,"WB","HW",,2013,503.94,"B","0-5cm"
"roots","4244",,"WB","HW",,2013,510.85,"B","5-25cm"
"roots","4245",,"WB","HW",,2013,510.47,"O","O"
"roots","4247",,"WB","HW",,2013,492.99,"B","0-5cm"
"roots","4248",,"WB","HW",,2013,490.88,"B","5-25cm"
"roots","4249",,"WB","HW",,2013,517.76,"O","O"
"roots","4251",,"WB","HW",,2013,502,"B","0-5cm"
"roots","4252",,"WB","HW",,2013,497.04,"B","5-25cm"
"roots","4253",,"WB","HW",,2013,498.08,"O","O"
"roots","4254",,,,,2013,499.26,"E","E"
"roots","4255",,"WB","HW",,2013,484.03,"B","0-5cm"
"roots","4256",,"WB","HW",,2013,483.79,"B","5-25cm"
"roots","4257",,"WB","HW",,2013,525.1,"O","O"
"roots","4258",,,,,2013,430.42,"E","E"
"roots","4259",,"WB","HW",,2013,490.32,"B","0-5cm"
"roots","4261",,"WB","SW",,2013,523.87,"O","O"
"roots","4262",,,,,2013,484.88,"E","E"
"roots","4263",,"WB","SW",,2013,510.79,"B","0-5cm"
"roots","4264",,"WB","SW",,2013,505.79,"B","5-25cm"
"roots","4265",,"WB","SW",,2013,530.61,"O","O"
"roots","4267",,"WB","SW",,2013,456.17,"B","0-5cm"
"roots","4268",,"WB","SW",,2013,497.99,"B","5-25cm"
"roots","4269",,"WB","SW",,2013,537.94,"O","O"
"roots","4271",,"WB","SW",,2013,488.22,"B","0-5cm"
"roots","4272",,"WB","SW",,2013,502.24,"B","5-25cm"
"roots","4273",,"WB","SW",,2013,542.82,"O","O"
"roots","4275",,"WB","SW",,2013,508.93,"B","0-5cm"
"roots","4276",,"WB","SW",,2013,511.61,"B","5-25cm"
"roots","4277",,"WB","SW",,2013,522.31,"O","O"
"roots","4278",,,,,2013,486.24,"E","E"
"roots","4279",,"WB","SW",,2013,500.04,"B","0-5cm"
"roots","4280",,"WB","SW",,2013,500.66,"B","5-25cm"
"roots","4215",,"EB","HW",,2013,452.52,"B","0-5cm"
"roots","4243b",,"WB","HW",,2013,518.41,"B","0-5cm"
"roots","4017",,"EB","HW",,2012,521.52,"O","O"
"roots","4018",,"EB","HW",,2012,565.98,"B","B"
"roots","4022",,"EB","HW",,2012,489.88,"O","O"
"roots","4023",,"EB","HW",,2012,409.05,"B","B"
"roots","4027",,"EB","HW",,2012,508.01,"O","O"
"roots","4028",,"EB","HW",,2012,471.62,"B","B"
"roots","4032",,"EB","SW",,2012,545.77,"O","O"
"roots","4033",,"EB","SW",,2012,504.28,"O","O"
"roots","4034",,"EB","SW",,2012,522.63,"O","O"
"roots","4036",,"EB","SW",,2012,437.23,"B","B"
"roots","4053",,"EB","SW",,2012,504.14,"O","O"
"roots","4054",,"EB","SW",,2012,516.43,"B","B"
"roots","4058",,"EB","SW",,2012,487.38,"O","O"
"roots","4059",,"EB","SW",,2012,480.58,"B","B"
"roots","4063",,"WB","HW",,2012,511.16,"O","O"
"roots","4064",,"WB","HW",,2012,490.56,"O","O"
"roots","4065",,"WB","HW",,2012,529.08,"O","O"
"roots","4067",,"WB","HW",,2012,467.83,"B","B"
"roots","4084",,"WB","HW",,2012,466.74,"O","O"
"roots","4085",,"WB","HW",,2012,459.54,"B","B"
"roots","4089",,"WB","HW",,2012,499.96,"O","O"
"roots","4090",,"WB","HW",,2012,373.7,"B","B"
"roots","4094",,"WB","SW",,2012,517.4,"O","O"
"roots","4095",,"WB","SW",,2012,556.39,"O","O"
"roots","4096",,"WB","SW",,2012,488.36,"O","O"
"roots","4098",,"WB","SW",,2012,418.84,"B","B"
"roots","4115",,"WB","SW",,2012,514.97,"O","O"
"roots","4116",,"WB","SW",,2012,423.54,"B","B"
"roots","4120",,"WB","SW",,2012,497.3,"O","O"
"roots","4121",,"WB","SW",,2012,515.64,"B","B"
"roots","R1",,"EB","HW",,,492.31,"O","O"
"roots","R2",,"EB","HW",,,524.89,"O","O"
"roots","R3",,"EB","HW",,,524.38,"O","O"
"roots","R4",,"EB","HW",,,466.78,"O","O"
"roots","R5",,"EB","HW",,,495.33,"O","O"
"roots","R6",,"EB","HW",,,483.86,"O","O"
"roots","R7",,"EB","HW",,,500.29,"B","0-5cm"
"roots","R8",,"EB","HW",,,500.13,"B","0-5cm"
"roots","R9",,"EB","HW",,,510.02,"B","0-5cm"
"roots","R10",,"EB","HW",,,517.59,"B","0-5cm"
"roots","R11",,"EB","HW",,,516.4,"B","0-5cm"
"roots","R12",,"EB","HW",,,511.96,"B","0-5cm"
"roots","R13",,"EB","HW",,,476,"B","5-25cm"
"roots","R14",,"EB","HW",,,483.92,"B","5-25cm"
"roots","R15",,"EB","HW",,,506.11,"B","5-25cm"
"roots","R16",,"EB","HW",,,505.49,"B","5-25cm"
"roots","R17",,"EB","HW",,,494.67,"B","5-25cm"
"roots","R18",,"EB","HW",,,492.86,"B","5-25cm"
"roots","R19",,"EB","HW",,,533.6,"B","25-50cm"
"roots","R20",,"EB","HW",,,512,"B","25-50cm"
"roots","R21",,"EB","HW",,,574.74,"B","25-C"
"roots","R22",,"EB","HW",,,481.18,"B","25-50cm"
"roots","R23",,"EB","HW",,,480.57,"B","25-50cm"
"roots","R24",,"EB","HW",,,507.43,"B","25-C"
"roots","R25",,"EB","HW",,,521.42,"B","50-C"
"roots","R26",,"EB","HW",,,491.71,"B","50-C"
"roots","R27",,"EB","HW",,,518.36,"B","50-C"
"roots","R28",,"EB","HW",,,404.31,"B","50-C"
"roots","R29",,"EB","SW",,,551.57,"O","O"
"roots","R30",,"EB","SW",,,496.43,"O","O"
"roots","R31",,"EB","SW",,,547.28,"O","O"
"roots","R32",,"EB","SW",,,490.61,"O","O"
"roots","R33",,"EB","SW",,,538.64,"O","O"
"roots","R34",,"EB","SW",,,560.41,"O","O"
"roots","R35",,"EB","SW",,,525.08,"B","0-5cm"
"roots","R36",,"EB","SW",,,585.6,"B","0-5cm"
"roots","R37",,"EB","SW",,,557.03,"B","0-5cm"
"roots","R38",,"EB","SW",,,559.44,"B","0-5cm"
"roots","R39",,"EB","SW",,,570.67,"B","0-5cm"
"roots","R40",,"EB","SW",,,505.36,"B","0-5cm"
"roots","R41",,"EB","SW",,,559.05,"B","5-25cm"
"roots","R42",,"EB","SW",,,587.04,"B","5-25cm"
"roots","R43",,"EB","SW",,,546.18,"B","5-25cm"
"roots","R44",,"EB","SW",,,505.49,"B","5-25cm"
"roots","R45",,"EB","SW",,,537.75,"B","5-25cm"
"roots","R46",,"EB","SW",,,495.79,"B","5-25cm"
"roots","R47",,"EB","SW",,,487.65,"B","25-50cm"
"roots","R48",,"EB","SW",,,572.12,"B","25-50cm"
"roots","R49",,"EB","SW",,,548.25,"B","25-C"
"roots","R50",,"EB","SW",,,595.72,"B","25-50cm"
"roots","R51",,"EB","SW",,,493.46,"B","25-50cm"
"roots","R52",,"EB","SW",,,524.78,"B","25-C"
"roots","R53",,"EB","SW",,,522.33,"B","50-C"
"roots","R54",,"EB","SW",,,515.05,"B","50-C"
"roots","R55",,"EB","SW",,,561.46,"B","50-C"
"roots","R56",,"EB","SW",,,514.6,"B","50-C"
"roots","R57",,"WB","HW",,,487.12,"O","O"
"roots","R58",,"WB","HW",,,539.8,"O","O"
"roots","R59",,"WB","HW",,,529.82,"O","O"
"roots","R60",,"WB","HW",,,507.97,"O","O"
"roots","R61",,"WB","HW",,,517.2,"O","O"
"roots","R62",,"WB","HW",,,517.3,"O","O"
"roots","R63",,"WB","HW",,,549.96,"B","0-5cm"
"roots","R64",,"WB","HW",,,502.38,"B","0-5cm"
"roots","R65",,"WB","HW",,,510.8,"B","0-5cm"
"roots","R66",,"WB","HW",,,543.26,"B","0-5cm"
"roots","R67",,"WB","HW",,,492.26,"B","0-5cm"
"roots","R68",,"WB","HW",,,536.96,"B","0-5cm"
"roots","R69",,"WB","HW",,,528.49,"B","5-25cm"
"roots","R70",,"WB","HW",,,557.21,"B","5-25cm"
"roots","R71",,"WB","HW",,,555.7,"B","5-25cm"
"roots","R72",,"WB","HW",,,535.27,"B","5-25cm"
"roots","R73",,"WB","HW",,,523.95,"B","5-25cm"
"roots","R74",,"WB","HW",,,531.65,"B","5-25cm"
"roots","R75",,"WB","HW",,,521.44,"B","25-50cm"
"roots","R76",,"WB","HW",,,524.31,"B","25-50cm"
"roots","R77",,"WB","HW",,,525.36,"B","25-50cm"
"roots","R78",,"WB","HW",,,552.83,"B","25-50cm"
"roots","R79",,"WB","HW",,,548.62,"B","25-50cm"
"roots","R80",,"WB","HW",,,492.29,"B","25-50cm"
"roots","R81",,"WB","HW",,,492.26,"B","50-C"
"roots","R82",,"WB","HW",,,533.6,"B","50-C"
"roots","R83",,"WB","HW",,,546.39,"B","50-C"
"roots","R84",,"WB","HW",,,524.89,"B","50-C"
"roots","R85",,"WB","HW",,,506.99,"B","50-C"
"roots","R86",,"WB","HW",,,502.54,"B","50-C"
"roots","R87",,"WB","SW",,,558.39,"O","O"
"roots","R88",,"WB","SW",,,541.01,"O","O"
"roots","R89",,"WB","SW",,,524.69,"O","O"
"roots","R90",,"WB","SW",,,549.59,"O","O"
"roots","R91",,"WB","SW",,,505.13,"O","O"
"roots","R92",,"WB","SW",,,516.6,"O","O"
"roots","R93",,"WB","SW",,,529.89,"B","0-5cm"
"roots","R94",,"WB","SW",,,525.08,"B","0-5cm"
"roots","R95",,"WB","SW",,,528.83,"B","0-5cm"
"roots","R96",,"WB","SW",,,507.43,"B","0-5cm"
"roots","R97",,"WB","SW",,,538.04,"B","0-5cm"
"roots","R98",,"WB","SW",,,510.8,"B","0-5cm"
"roots","R99",,"WB","SW",,,513.39,"B","5-25cm"
"roots","R100",,"WB","SW",,,496.72,"B","5-25cm"
"roots","R101",,"WB","SW",,,535.7,"B","5-25cm"
"roots","R102",,"WB","SW",,,497.63,"B","5-25cm"
"roots","R103",,"WB","SW",,,493.46,"B","5-25cm"
"roots","R104",,"WB","SW",,,518.13,"B","5-25cm"
"roots","R105",,"WB","SW",,,522.88,"B","25-50cm"
"roots","R106",,"WB","SW",,,564.26,"B","25-50cm"
"roots","R107",,"WB","SW",,,517.32,"B","25-C"
"roots","R108",,"WB","SW",,,514.72,"B","25-50cm"
"roots","R109",,"WB","SW",,,517.06,"B","25-50cm"
"roots","R110",,"WB","SW",,,511.96,"B","25-C"
"roots","R111",,"WB","SW",,,496.43,"B","50-C"
"roots","R112",,"WB","SW",,,525.31,"B","50-C"
"roots","R113",,"WB","SW",,,476.51,"B","50-C"
"roots","R114",,"WB","SW",,,516.56,"B","50-C"
"herb",,6011,"EB","HW",,2012,468.73,,
"herb",,6013,"EB","HW",,2012,486.52,,
"herb",,6026,"EB","HW",,2012,481.19,,
"herb",,6028,"EB","HW",,2012,480.34,,
"herb",,6028,"EB","HW",,2012,491.74,,
"herb",,6037,"EB","HW",,2012,482.25,,
"herb",,6038,"EB","HW",,2012,473,,
"herb",,6045,"EB","SW",,2012,523.62,,
"herb",,6055,"EB","SW",,2012,557.46,,
"herb",,6056,"EB","SW",,2012,549.87,,
"herb",,6062,"WB","HW",,2012,489.26,,
"herb",,6065,"WB","HW",,2012,534.78,,
"herb",,6072,"WB","HW",,2012,519.51,,
"herb",,6076,"WB","HW",,2012,535.4,,
"herb",,6080,"WB","HW",,2012,537.11,,
"herb",,6092,"WB","SW",,2012,508.76,,
"herb",,6098,"WB","SW",,2012,510.83,,
"herb",,6102,"WB","SW",,2012,489.36,,
"herb",,6201,"EB","HW",,2013,474.76,,
"herb",,6202,"EB","HW",,2013,480.9,,
"herb",,6204,"EB","HW",,2013,485.19,,
"herb",,6205,"EB","HW",,2013,485.27,,
"herb",,6206,"EB","HW",,2013,483.23,,
"herb",,6207,"EB","HW",,2013,449.72,,
"herb",,6208,"EB","HW",,2013,470.46,,
"herb",,6210,"EB","HW",,2013,486.79,,
"herb",,6212,"EB","HW",,2013,454.14,,
"herb",,6213,"EB","HW",,2013,431.15,,
"herb",,6214,"EB","HW",,2013,456.82,,
"herb",,6215,"EB","HW",,2013,417.36,,
"herb",,6216,"EB","HW",,2013,431.23,,
"herb",,6217,"EB","HW",,2013,418.16,,
"herb",,6218,"EB","HW",,2013,471.62,,
"herb",,6219,"EB","HW",,2013,491.69,,
"herb",,6220,"EB","HW",,2013,459.7,,
"herb",,6224,"EB","HW",,2013,443.77,,
"herb",,6225,"EB","HW",,2013,485.58,,
"herb",,6226,"EB","HW",,2013,466.77,,
"herb",,6227,"EB","HW",,2013,385.56,,
"herb",,6228,"EB","HW",,2013,389.51,,
"herb",,6230,"EB","HW",,2013,425.36,,
"herb",,6231,"EB","SW",,2013,527.97,,
"herb",,6232,"EB","SW",,2013,475.95,,
"herb",,6237,"EB","SW",,2013,487.36,,
"herb",,6248,"EB","SW",,2013,456.25,,
"herb",,6254,"EB","SW",,2013,499.2,,
"herb",,6254,"EB","SW",,2013,453.64,,
"herb",,6255,"EB","SW",,2013,508.85,,
"herb",,6260,"WB","HW",,2013,430.86,,
"herb",,6261,"WB","HW",,2013,435.43,,
"herb",,6262,"WB","HW",,2013,443.91,,
"herb",,6263,"WB","HW",,2013,493.55,,
"herb",,6264,"WB","HW",,2013,454.14,,
"herb",,6265,"WB","HW",,2013,465.84,,
"herb",,6266,"WB","HW",,2013,437.04,,
"herb",,6267,"WB","HW",,2013,427.41,,
"herb",,6272,"WB","HW",,2013,464.04,,
"herb",,6274,"WB","HW",,2013,521.24,,
"herb",,6278,"WB","HW",,2013,451.92,,
"herb",,6279,"WB","HW",,2013,486.2,,
"herb",,6281,"WB","HW",,2013,441.02,,
"herb",,6284,"WB","HW",,2013,441.83,,
"herb",,6285,"WB","HW",,2013,456.42,,
"herb",,6286,"WB","HW",,2013,439.34,,
"herb",,6287,"WB","HW",,2013,490.91,,
"herb",,6288,"WB","HW",,2013,473.98,,
"herb",,6289,"WB","HW",,2013,443.44,,
"herb",,6290,"WB","SW",,2013,500.19,,
"herb",,6291,"WB","SW",,2013,441,,
"herb",,6292,"WB","SW",,2013,446.16,,
"herb",,6293,"WB","SW",,2013,491.56,,
"herb",,6295,"WB","SW",,2013,483.42,,
"herb",,6296,"WB","SW",,2013,522.89,,
"herb",,6302,"WB","SW",,2013,506.86,,
"herb",,6307,"WB","SW",,2013,477.99,,
"herb",,6308,"WB","SW",,2013,511.98,,
"herb",,6314,"WB","SW",,2013,516.82,,
"herb",,6319,"WB","SW",,2013,483.76,,
"herb",,6401,,,,,398.99,,
"herb",,6402,,,,,437.03,,
"herb",,6403,,,,,440.84,,
"herb",,6404,,,,,456.95,,
"herb",,6405,,,,,400.97,,
"herb",,6406,,,,,451.42,,
"herb",,6407,,,,,481.77,,
"herb",,6408,,,,,467.95,,
"herb",,6409,,,,,479.15,,
"herb",,6410,,,,,490.92,,
"herb",,6411,,,,,431.27,,
"herb",,6412,,,,,491.02,,
"herb",,6413,,,,,476.42,,
"herb",,6414,,,,,466.96,,
"herb",,6415,,,,,416.96,,
"herb",,6416,,,,,455.92,,
"herb",,6417,,,,,485.69,,
"herb",,6418,,,,,438.66,,
"herb",,6419,,,,,453.85,,
"herb",,6420,,,,,478.59,,
"herb",,6421,,,,,448.06,,
"herb",,6422,,,,,459.98,,
"herb",,6423,,,,,463.89,,
"herb",,6424,,,,,468.92,,
"herb",,6425,,,,,480.64,,
"herb",,6426,,,,,471.98,,
"herb",,6427,,,,,464.6,,
"herb",,6428,,,,,485.69,,
"herb",,6429,,,,,435.44,,
"herb",,6430,,,,,456.12,,
"herb",,6431,,,,,506.39,,
"herb",,6431,,,,,507.98,,
"herb",,6432,,,,,503.35,,
"herb",,6437,,,,,494.82,,
"herb",,6438,,,,,456.85,,
"herb",,6439,,,,,472.85,,
"herb",,6440,,,,,457.68,,
"herb",,6442,,,,,464.65,,
"herb",,6448,,,,,508.71,,
"herb",,6448,,,,,503.18,,
"herb",,6449,,,,,483.51,,
"herb",,6450,,,,,458.89,,
"herb",,6454,,,,,490.11,,
"herb",,6454,,,,,465.54,,
"herb",,6455,,,,,430.26,,
"herb",,6456,,,,,456.69,,
"herb",,6461,,,,,466.92,,
"herb",,6462,,,,,467.27,,
"herb",,6463,,,,,452.72,,
"herb",,6464,,,,,470.36,,
"herb",,6465,,,,,444.88,,
"herb",,6466,,,,,411.99,,
"herb",,6467,,,,,473.8,,
"herb",,6468,,,,,448.05,,
"herb",,6469,,,,,484.99,,
"herb",,6469,,,,,464.75,,
"herb",,6470,,,,,488.07,,
"herb",,6472,,,,,484.37,,
"herb",,6472,,,,,483.38,,
"herb",,6473,,,,,475.25,,
"herb",,6474,,,,,461.89,,
"herb",,6475,,,,,429.27,,
"herb",,6476,,,,,508.44,,
"herb",,6478,,,,,419.41,,
"herb",,6479,,,,,434.29,,
"herb",,6480,,,,,434.68,,
"herb",,6481,,,,,445.88,,
"herb",,6482,,,,,476.79,,
"herb",,6484,,,,,478.83,,
"herb",,6485,,,,,482.37,,
"herb",,6485,,,,,449.78,,
"herb",,6486,,,,,451.6,,
"herb",,6487,,,,,468.78,,
"herb",,6488,,,,,450.7,,
"herb",,6489,,,,,451.24,,
"herb",,6490,,,,,491.24,,
"herb",,6490,,,,,506.71,,
"herb",,6491,,,,,491.43,,
"herb",,6492,,,,,464.96,,
"herb",,6496,,,,,489.79,,
"herb",,6497,,,,,471.65,,
"herb",,6498,,,,,473.17,,
"herb",,6499,,,,,439.27,,
"herb",,6500,,,,,452.46,,
"herb",,6502,,,,,501.88,,
"herb",,6503,,,,,474.37,,
"herb",,6504,,,,,452.03,,
"herb",,6508,,,,,471.32,,
"herb",,6509,,,,,459.23,,
"herb",,6514,,,,,483.5,,
