skip,sample_ID,material,year,pit_type,SampleID,watershed,vegetation,plot,horizon,amount_mg,d13C,C_amount_ug,d13C Comment,d15N,N_amount_ug,d15N Comment,Tray Name,Well Id,Type of Material,Analysis,Enriched?,Estimated Enrichment,OurLabID,Analysis Number,C/N,[N] mg/g,source,tab,oi-oe-oa mean[N],oi-oe-oa mean C/N,13C (at-%),[C] mg/g,15N (at-%),Sample Identifier,Pit Nr,Thickness/depth (cm),,Diameter,root wt g
,4201,Roots,2013,mini pit,4201,EB,HW,3,O,3.8,-28.35,1845.29,,27.48,41.92,,BBWM Roots3,A1,Plant Roots,"13C, 15N",yes,,690713,125830,44.0235936,11.03051332,SPENCER BBWM-ROOTS 0414,roots2,,,,,,,,,,,
,4203,Roots,2013,mini pit,4203,EB,HW,3,B05,3.93,-26.59,1901.19,,4.93,22.01,,BBWM Roots3,A2,Plant Roots,"13C, 15N",yes,,690714,125831,86.37568637,5.600682869,SPENCER BBWM-ROOTS 0414,roots2,,,,,,,,,,,
,4204,Roots,2013,mini pit,4204,EB,HW,3,B525,3.84,-26.96,1873.24,,1.63,19.3,Precision decreases for samples containing less than 20ugN,BBWM Roots3,A3,Plant Roots,"13C, 15N",yes,,690715,125832,97.06783296,5.025582733,SPENCER BBWM-ROOTS 0414,roots2,,,,,,,,,,,
,4205,Roots,2013,mini pit,4205,EB,HW,1,O,4.25,-28.27,2068.94,,36.64,46.44,,BBWM Roots3,A4,Plant Roots,"13C, 15N",yes,,690716,125833,44.547607,10.92783774,SPENCER BBWM-ROOTS 0414,roots2,,,,,,,,,,,
,4207,Roots,2013,mini pit,4207,EB,HW,1,B05,4.36,-27.22,2068.94,,10.33,26.7,,BBWM Roots3,A5,Plant Roots,"13C, 15N",yes,,690717,125834,77.49733513,6.123141412,SPENCER BBWM-ROOTS 0414,roots2,,,,,,,,,,,
,4208,Roots,2013,mini pit,4208,EB,HW,1,B525,3.89,-27.16,1663.69,,3.19,19.22,Precision decreases for samples containing less than 20ugN,BBWM Roots3,A6,Plant Roots,"13C, 15N",yes,,690718,125835,86.57830664,4.939858487,SPENCER BBWM-ROOTS 0414,roots2,,,,,,,,,,,
,4209,Roots,2013,mini pit,4209,EB,HW,2,O,4.11,-27.85,2013.01,,8.36,47.02,,BBWM Roots3,A7,Plant Roots,"13C, 15N",yes,,690719,125836,42.81217231,11.44029467,SPENCER BBWM-ROOTS 0414,roots2,,,,,,,,,,,
,4210,Roots,2013,mini pit,,,,,E,4.32,-26.27,2082.92,,4.54,30.89,,BBWM Roots3,A8,Plant Roots,"13C, 15N",yes,,690720,125837,67.42814196,7.150690342,SPENCER BBWM-ROOTS 0414,roots2,,,,,,,,,,,
,4211,Roots,2013,mini pit,4211,EB,HW,2,B05,4.24,-27.58,2013.01,,3.38,37.72,,BBWM Roots3,A9,Plant Roots,"13C, 15N",yes,,690721,125838,53.36865264,8.895988282,SPENCER BBWM-ROOTS 0414,roots2,,,,,,,,,,,
,4212,Roots,2013,mini pit,4212,EB,HW,2,B525,3.83,-27.49,1901.19,,3.15,32.87,,BBWM Roots3,A10,Plant Roots,"13C, 15N",yes,,690722,125839,57.84832251,8.580952544,SPENCER BBWM-ROOTS 0414,roots2,,,,,,,,,,,
,4213,Roots,2013,mini pit,4213,EB,HW,4,O,4.5,-27.57,2264.76,,13.13,49.33,,BBWM Roots3,A11,Plant Roots,"13C, 15N",yes,,690723,125840,45.91501583,10.96111556,SPENCER BBWM-ROOTS 0414,roots2,,,,,,,,,,,
,4214,Roots,2013,mini pit,,,,,E,4.09,-27.2,1971.07,,2.26,28.67,,BBWM Roots3,A12,Plant Roots,"13C, 15N",yes,,690724,125841,68.74929841,7.009889406,SPENCER BBWM-ROOTS 0414,roots2,,,,,,,,,,,
,4216,Roots,2013,mini pit,4216,EB,HW,4,B525,3.94,-27.88,1915.16,,3.31,22.42,,BBWM Roots3,B1,Plant Roots,"13C, 15N",yes,,690725,125845,85.4156333,5.690786878,SPENCER BBWM-ROOTS 0414,roots2,,,,,,,,,,,
,4217,Roots,2013,mini pit,4217,EB,HW,5,O,4.42,-27.95,2082.92,,3.47,26.12,,BBWM Roots3,B2,Plant Roots,"13C, 15N",yes,,690726,125846,79.74027689,5.909801611,SPENCER BBWM-ROOTS 0414,roots2,,,,,,,,,,,
,4219,Roots,2013,mini pit,4219,EB,HW,5,B05,4.21,-25.77,2040.97,,9.07,32.87,,BBWM Roots3,B3,Plant Roots,"13C, 15N",yes,,690727,125847,62.10165191,7.806424761,SPENCER BBWM-ROOTS 0414,roots2,,,,,,,,,,,
,4220,Roots,2013,mini pit,4220,EB,HW,5,B525,3.8,-25.73,1761.46,,8.92,28.09,,BBWM Roots3,B4,Plant Roots,"13C, 15N",yes,,690728,125848,62.69712881,7.39336936,SPENCER BBWM-ROOTS 0414,roots2,,,,,,,,,,,
,4221,Roots,2013,mini pit,4221,EB,SW,2,O,4.44,-26.17,2320.73,,3.68,40.43,,BBWM Roots3,B5,Plant Roots,"13C, 15N",yes,,690729,125849,57.39473407,9.106879635,SPENCER BBWM-ROOTS 0414,roots2,,,,,,,,,,,
,4225,Roots,2013,mini pit,4225,EB,SW,1,O,3.8,-26.27,2068.94,,7.13,43.56,,BBWM Roots3,B6,Plant Roots,"13C, 15N",yes,,690730,125850,47.49398164,11.46371475,SPENCER BBWM-ROOTS 0414,roots2,,,,,,,,,,,
,4227,Roots,2013,mini pit,4227,EB,SW,1,B05,4.14,-27.07,2138.86,,2.07,26.86,,BBWM Roots3,B7,Plant Roots,"13C, 15N",yes,,690731,125851,79.62594921,6.488248767,SPENCER BBWM-ROOTS 0414,roots2,,,,,,,,,,,
,4228,Roots,2013,mini pit,4228,EB,SW,1,B525,4.12,-26.89,2026.99,,1.21,21.76,,BBWM Roots3,B8,Plant Roots,"13C, 15N",yes,,690732,125852,93.1347683,5.282543386,SPENCER BBWM-ROOTS 0414,roots2,,,,,,,,,,,
,4229,Roots,2013,mini pit,4229,EB,SW,3,O,3.92,-26.39,2068.94,,16.63,34.18,,BBWM Roots3,B9,Plant Roots,"13C, 15N",yes,,690733,125853,60.52849859,8.71970072,SPENCER BBWM-ROOTS 0414,roots2,,,,,,,,,,,
,4230,Roots,2013,mini pit,,,,,E,4.04,-27.06,1999.03,,3.44,32.45,,BBWM Roots3,B10,Plant Roots,"13C, 15N",yes,,690734,125854,61.59629235,8.03311003,SPENCER BBWM-ROOTS 0414,roots2,,,,,,,,,,,
,4231,Roots,2013,mini pit,4231,EB,SW,3,B05,3.81,-26.7,1719.56,,0.48,18.72,Precision decreases for samples containing less than 20ugN,BBWM Roots3,B11,Plant Roots,"13C, 15N",yes,,690735,125855,91.84236969,4.91415466,SPENCER BBWM-ROOTS 0414,roots2,,,,,,,,,,,
,4233,Roots,2013,mini pit,4232,EB,SW,3,B525,4.01,-26.35,2166.83,,21.99,39.94,,BBWM Roots3,B12,Plant Roots,"13C, 15N",yes,,690736,125856,54.25116782,9.960292815,SPENCER BBWM-ROOTS 0414,roots2,,,,,,,,,,,
,4235,Roots,2013,mini pit,4235,EB,SW,4,B05,4.19,-27.94,1957.09,,2.6,26.12,,BBWM Roots3,C1,Plant Roots,"13C, 15N",yes,,690737,125863,74.92326761,6.234205995,SPENCER BBWM-ROOTS 0414,roots2,,,,,,,,,,,
,4236,Roots,2013,mini pit,4236,EB,SW,4,B525,3.85,-27.11,1915.16,,1.81,21.19,,BBWM Roots3,C2,Plant Roots,"13C, 15N",yes,,690738,125864,90.38616621,5.50355376,SPENCER BBWM-ROOTS 0414,roots2,,,,,,,,,,,
,4237,Roots,2013,mini pit,4237,EB,SW,5,O,4.37,-27.02,2222.79,,7.37,53.11,,BBWM Roots3,C3,Plant Roots,"13C, 15N",yes,,690739,125865,41.85000373,12.15404884,SPENCER BBWM-ROOTS 0414,roots2,,,,,,,,,,,
,4239,Roots,2013,mini pit,4239,EB,SW,5,B05,4.33,-26.86,2096.91,,0.94,24.56,,BBWM Roots3,C4,Plant Roots,"13C, 15N",yes,,690740,125866,85.38181565,5.671860567,SPENCER BBWM-ROOTS 0414,roots2,,,,,,,,,,,
,4240,Roots,2013,mini pit,4240,EB,SW,5,B525,3.82,-26.71,1887.21,,3.06,24.15,,BBWM Roots3,C5,Plant Roots,"13C, 15N",yes,,690741,125867,78.15165086,6.321488207,SPENCER BBWM-ROOTS 0414,roots2,,,,,,,,,,,
,4241,Roots,2013,mini pit,4241,WB,HW,2,O,4.5,-26.68,2334.72,,11.74,56.74,,BBWM Roots3,C6,Plant Roots,"13C, 15N",yes,,690742,125868,41.14958185,12.60833256,SPENCER BBWM-ROOTS 0414,roots2,,,,,,,,,,,
,4243a,Roots,2013,mini pit,4243,WB,HW,2,B05,4.05,-27.09,2040.97,,4.8,41.42,,BBWM Roots3,C7,Plant Roots,"13C, 15N",yes,,690743,125869,49.27254101,10.22768736,SPENCER BBWM-ROOTS 0414,roots2,,,,,,,,,,,
,4244,Roots,2013,mini pit,4244,WB,HW,2,B525,4.05,-26.42,2068.94,,4.37,37.55,,BBWM Roots3,C8,Plant Roots,"13C, 15N",yes,,690744,125870,55.09173122,9.27269776,SPENCER BBWM-ROOTS 0414,roots2,,,,,,,,,,,
,4245,Roots,2013,mini pit,4245,WB,HW,1,O,4.19,-28.91,2138.86,,37.53,71.16,,BBWM Roots3,C9,Plant Roots,"13C, 15N",yes,,690745,125871,30.05689295,16.98338868,SPENCER BBWM-ROOTS 0414,roots2,,,,,,,,,,,
,4247,Roots,2013,mini pit,4247,WB,HW,1,B05,4.14,-26.38,2040.97,,10.75,44.8,,BBWM Roots3,C10,Plant Roots,"13C, 15N",yes,,690746,125872,45.56065353,10.8204953,SPENCER BBWM-ROOTS 0414,roots2,,,,,,,,,,,
,4248,Roots,2013,mini pit,4248,WB,HW,1,B525,3.93,-26.68,1929.14,,13,38.38,,BBWM Roots3,C11,Plant Roots,"13C, 15N",yes,,690747,125873,50.267787,9.765207298,SPENCER BBWM-ROOTS 0414,roots2,,,,,,,,,,,
,4249,Roots,2013,mini pit,4249,WB,HW,3,O,4.05,-27.91,2096.91,,28.69,58.39,,BBWM Roots3,C12,Plant Roots,"13C, 15N",yes,,690748,125874,35.91502995,14.41609289,SPENCER BBWM-ROOTS 0414,roots2,,,,,,,,,,,
,4251,Roots,2013,mini pit,4251,WB,HW,3,B05,4.01,-26.68,2013.01,,4.39,43.64,,BBWM Roots3,D1,Plant Roots,"13C, 15N",yes,,690749,125878,46.12299326,10.88389744,SPENCER BBWM-ROOTS 0414,roots2,,,,,,,,,,,
,4252,Roots,2013,mini pit,4252,WB,HW,3,B525,4.05,-26.38,2013.01,,4.88,43.89,,BBWM Roots3,D2,Plant Roots,"13C, 15N",yes,,690750,125879,45.86349716,10.83737514,SPENCER BBWM-ROOTS 0414,roots2,,,,,,,,,,,
,4253,Roots,2013,mini pit,4253,WB,HW,4,O,4.21,-27.65,2096.91,,15.2,57.15,,BBWM Roots3,D3,Plant Roots,"13C, 15N",yes,,690751,125880,36.69164204,13.57467949,SPENCER BBWM-ROOTS 0414,roots2,,,,,,,,,,,
,4254,Roots,2013,mini pit,,,,,E,4.06,-27.8,2026.99,,10.86,45.21,,BBWM Roots3,D4,Plant Roots,"13C, 15N",yes,,690752,125881,44.83658352,11.13508614,SPENCER BBWM-ROOTS 0414,roots2,,,,,,,,,,,
,4255,Roots,2013,mini pit,4255,WB,HW,4,B05,4.39,-26.69,2124.87,,8.6,39.94,,BBWM Roots3,D5,Plant Roots,"13C, 15N",yes,,690753,125882,53.20064188,9.098126239,SPENCER BBWM-ROOTS 0414,roots2,,,,,,,,,,,
,4256,Roots,2013,mini pit,4256,WB,HW,4,B525,4.45,-27.38,2152.85,,9.1,38.46,,BBWM Roots3,D6,Plant Roots,"13C, 15N",yes,,690754,125883,55.97690839,8.642595701,SPENCER BBWM-ROOTS 0414,roots2,,,,,,,,,,,
,4257,Roots,2013,mini pit,4257,WB,HW,5,O,4.02,-28.19,2110.89,,11.6,61.02,,BBWM Roots3,D7,Plant Roots,"13C, 15N",yes,,690755,125884,34.59238023,15.17955564,SPENCER BBWM-ROOTS 0414,roots2,,,,,,,,,,,
,4258,Roots,2013,mini pit,,,,,E,4.06,-26.4,1747.49,,15.34,48.67,,BBWM Roots3,D8,Plant Roots,"13C, 15N",yes,,690756,125885,35.90769236,11.98677293,SPENCER BBWM-ROOTS 0414,roots2,,,,,,,,,,,
,4259,Roots,2013,mini pit,4259,WB,HW,5,B05,4.02,-27.59,1971.07,,5.53,41.09,,BBWM Roots3,D9,Plant Roots,"13C, 15N",yes,,690757,125886,47.96623446,10.22212214,SPENCER BBWM-ROOTS 0414,roots2,,,,,,,,,,,
,4261,Roots,2013,mini pit,4261,WB,SW,5,O,4.43,-26.55,2320.73,,7.25,53.69,,BBWM Roots3,D10,Plant Roots,"13C, 15N",yes,,690758,125887,43.22483791,12.11957847,SPENCER BBWM-ROOTS 0414,roots2,,,,,,,,,,,
,4262,Roots,2013,mini pit,,,,,E,4.44,-25.87,2152.85,,5.83,74.46,,BBWM Roots3,D11,Plant Roots,"13C, 15N",yes,,690759,125888,28.91323409,16.7700159,SPENCER BBWM-ROOTS 0414,roots2,,,,,,,,,,,
,4263,Roots,2013,mini pit,4263,WB,SW,5,B05,4.16,-26.7,2124.87,,3.27,41.75,,BBWM Roots3,D12,Plant Roots,"13C, 15N",yes,,690760,125889,50.89356785,10.03638061,SPENCER BBWM-ROOTS 0414,roots2,,,,,,,,,,,
,4264,Roots,2013,mini pit,4264,WB,SW,5,B525,4.45,-26.82,2250.77,,2.95,36.81,,BBWM Roots3,E1,Plant Roots,"13C, 15N",yes,,690761,125893,61.13906578,8.272788094,SPENCER BBWM-ROOTS 0414,roots2,,,,,,,,,,,
,4265,Roots,2013,mini pit,4265,WB,SW,1,O,4.11,-26.22,2180.82,,8.61,43.23,,BBWM Roots3,E2,Plant Roots,"13C, 15N",yes,,690762,125894,50.44359007,10.51894635,SPENCER BBWM-ROOTS 0414,roots2,,,,,,,,,,,
,4267,Roots,2013,mini pit,4267,WB,SW,1,B05,4.75,-26.55,2166.83,,5.81,37.8,,BBWM Roots3,E3,Plant Roots,"13C, 15N",yes,,690763,125895,57.32171071,7.958162766,SPENCER BBWM-ROOTS 0414,roots2,,,,,,,,,,,
,4268,Roots,2013,mini pit,4268,WB,SW,1,B525,3.93,-26.07,1957.09,,3.9,18.56,Precision decreases for samples containing less than 20ugN,BBWM Roots3,E4,Plant Roots,"13C, 15N",yes,,690764,125896,105.455109,4.722279694,SPENCER BBWM-ROOTS 0414,roots2,,,,,,,,,,,
,4269,Roots,2013,mini pit,4269,WB,SW,2,O,4.08,-28.12,2194.81,,19.36,38.95,,BBWM Roots3,E5,Plant Roots,"13C, 15N",yes,,690765,125897,56.34466321,9.547371773,SPENCER BBWM-ROOTS 0414,roots2,,,,,,,,,,,
,4271,Roots,2013,mini pit,4271,WB,SW,2,B05,3.98,-26.65,1943.12,,7.1,25.87,,BBWM Roots3,E6,Plant Roots,"13C, 15N",yes,,690766,125898,75.09731858,6.501169623,SPENCER BBWM-ROOTS 0414,roots2,,,,,,,,,,,
,4272,Roots,2013,mini pit,4272,WB,SW,2,B525,4.37,-26.41,2194.81,,8.26,36.57,,BBWM Roots3,E7,Plant Roots,"13C, 15N",yes,,690767,125899,60.02146102,8.367751705,SPENCER BBWM-ROOTS 0414,roots2,,,,,,,,,,,
,4273,Roots,2013,mini pit,4273,WB,SW,3,O,4.43,-26.62,2404.7,,7.95,45.78,,BBWM Roots3,E8,Plant Roots,"13C, 15N",yes,,690768,125900,52.52201022,10.33514814,SPENCER BBWM-ROOTS 0414,roots2,,,,,,,,,,,
,4275,Roots,2013,mini pit,4275,WB,SW,3,B05,4.45,-27.38,2264.76,,3.52,27.35,,BBWM Roots3,E9,Plant Roots,"13C, 15N",yes,,690769,125901,82.7922594,6.147128092,SPENCER BBWM-ROOTS 0414,roots2,,,,,,,,,,,
,4276,Roots,2013,mini pit,4276,WB,SW,3,B525,4.29,-27.66,2194.81,,3.34,39.28,,BBWM Roots3,E10,Plant Roots,"13C, 15N",yes,,690770,125902,55.87253474,9.156744962,SPENCER BBWM-ROOTS 0414,roots2,,,,,,,,,,,
,4277,Roots,2013,mini pit,4277,WB,SW,4,O,4.47,-26.3,2334.72,,6.01,57.07,,BBWM Roots3,E11,Plant Roots,"13C, 15N",yes,,690771,125903,40.91197154,12.76667092,SPENCER BBWM-ROOTS 0414,roots2,,,,,,,,,,,
,4278,Roots,2013,mini pit,,,,,E,3.91,-26.14,1901.19,,5.29,38.21,,BBWM Roots3,E12,Plant Roots,"13C, 15N",yes,,690772,125904,49.75278455,9.773067408,SPENCER BBWM-ROOTS 0414,roots2,,,,,,,,,,,
,4279,Roots,2013,mini pit,4279,WB,SW,4,B05,3.83,-26.13,1915.16,,4.99,37.06,,BBWM Roots3,F1,Plant Roots,"13C, 15N",yes,,690773,125907,51.6763449,9.67643417,SPENCER BBWM-ROOTS 0414,roots2,,,,,,,,,,,
,4280,Roots,2013,mini pit,4280,WB,SW,4,B525,4.3,-25.94,2152.85,,4.08,27.44,,BBWM Roots3,F2,Plant Roots,"13C, 15N",yes,,690774,125908,78.46523643,6.380686007,SPENCER BBWM-ROOTS 0414,roots2,,,,,,,,,,,
,4215,Roots,2013,mini pit,4215,EB,HW,4,B05,3.8,-27.83,1719.56,,3.59,20.53,,BBWM Roots3,F3,Plant Roots,"13C, 15N",yes,,690775,125909,83.75378217,5.402923922,SPENCER BBWM-ROOTS 0414,roots2,,,,,,,,,,,
,4243b,Roots,2013,mini pit,4243,WB,HW,2,B05,3.91,-27.18,2026.99,,4.74,42.25,,BBWM Roots3,F4,Plant Roots,"13C, 15N",yes,,690776,125910,47.9816372,10.80439136,SPENCER BBWM-ROOTS 0414,roots2,,,,,,,,,,,
,,,,,,,,,,,,,,,,,,,,,,,,,,,,,,,,,,,,,,,
,,,,,,,,,,,,,,,,,,,,,,,,,,,,,,,,,,,,,,,
,,,,,,,,,,,,,,,,,,,,,,,,,,,,,,,,,,,,,,,
,,,,,,,,,,,,,,,,,,,,,,,,,,,,,,,,,,,,,,,
,4017,,2012,mini pit,,EB,HW,2,O,4.07,-28.04,2122.59,,8.67,46.52,,Spencer BBWM Roots2,A1,roots mini pit 2012,"13C, 15N",,,,,45.62282486,11.43,SPENCER BBWMFOLIAGE&ROOTS 0313,roots3,,,1.08,521.5,0.369,4017,3,,,,
,4018,,2012,mini pit,,EB,HW,2,B,3.9,-26.89,2207.33,,2.87,30,,Spencer BBWM Roots2,A2,roots mini pit 2012,"13C, 15N",,,,,73.56886161,7.69,SPENCER BBWMFOLIAGE&ROOTS 0313,roots3,,,1.082,566,0.367,4018,3,0-5,,,
,4022,,2012,mini pit,,EB,HW,4,O,3.9,-28.29,1910.54,,3.61,47.93,,Spencer BBWM Roots2,A3,roots mini pit 2012,"13C, 15N",,,,,39.86455,12.29,SPENCER BBWMFOLIAGE&ROOTS 0313,roots3,,,1.08,489.9,0.368,4022,4,,,,
,4023,,2012,mini pit,,EB,HW,4,B,3.97,-27.87,1623.91,,2.55,29.09,,Spencer BBWM Roots2,A4,roots mini pit 2012,"13C, 15N",,,,,55.82102839,7.33,SPENCER BBWMFOLIAGE&ROOTS 0313,roots3,,,1.081,409,0.367,4023,4,0-5,,,
,4027,,2012,mini pit,,EB,HW,5,O,4.06,-29.24,2062.54,,5.24,35.07,,Spencer BBWM Roots2,A5,roots mini pit 2012,"13C, 15N",,,,,58.81608154,8.64,SPENCER BBWMFOLIAGE&ROOTS 0313,roots3,,,1.079,508,0.368,4027,5,,,,
,4028,,2012,mini pit,,EB,HW,5,B,4.05,-28.19,1910.06,,0.9,24.46,,Spencer BBWM Roots2,A6,roots mini pit 2012,"13C, 15N",,,,,78.08115342,6.04,SPENCER BBWMFOLIAGE&ROOTS 0313,roots3,,,1.08,471.6,0.367,4028,5,0-5,,,
,4032,,2012,mini pit,,EB,SW,2,Oi,4.05,-26.99,2210.37,,8.8,74.71,,Spencer BBWM Roots2,A7,roots mini pit 2012,"13C, 15N",,,,,29.58631722,18.45,SPENCER BBWMFOLIAGE&ROOTS 0313,roots3,,,1.082,545.8,0.37,4032,6,,,,
,4033,,2012,mini pit,,EB,SW,2,Oe,3.99,-26.02,2012.09,,-1.16,35.27,-0.377,Spencer BBWM Roots2,A8,roots mini pit 2012,"13C, 15N",,,,,57.05518938,8.84,SPENCER BBWMFOLIAGE&ROOTS 0313,roots3,11.99,48.94,1.083,504.3,0.366,4033,6,,,,
,4034,,2012,mini pit,,EB,SW,2,Oa,4.09,-25.77,2137.54,,0.41,35.52,,Spencer BBWM Roots2,A9,roots mini pit 2012,"13C, 15N",,,,,60.17941048,8.68,SPENCER BBWMFOLIAGE&ROOTS 0313,roots3,,,1.083,522.6,0.366,4034,6,,,,
,4036,,2012,mini pit,,EB,SW,2,B,4,-25.49,1748.92,,2.65,29.29,,Spencer BBWM Roots2,A10,roots mini pit 2012,"13C, 15N",,,,,59.71649955,7.32,SPENCER BBWMFOLIAGE&ROOTS 0313,roots3,,,1.083,437.2,0.367,4036,6,0-5,,,
,4053,,2012,mini pit,,EB,SW,4,O,4.09,-26.32,2061.95,,-0.4,33.85,,Spencer BBWM Roots2,A11,roots mini pit 2012,"13C, 15N",,,,,60.92152966,8.28,SPENCER BBWMFOLIAGE&ROOTS 0313,roots3,,,1.082,504.1,0.366,4053,9,,,,
,4054,,2012,mini pit,,EB,SW,4,B,3.95,-26.65,2039.88,,1.83,35.84,,Spencer BBWM Roots2,A12,roots mini pit 2012,"13C, 15N",,,,,56.90926313,9.07,SPENCER BBWMFOLIAGE&ROOTS 0313,roots3,,,1.082,516.4,0.367,4054,9,0-5,,,
,4058,,2012,mini pit,,EB,SW,5,O,4.07,-27.94,1983.63,,4,42.79,,Spencer BBWM Roots2,B1,roots mini pit 2012,"13C, 15N",,,,,46.35558753,10.51,SPENCER BBWMFOLIAGE&ROOTS 0313,roots3,,,1.081,487.4,0.368,4058,10,,,,
,4059,,2012,mini pit,,EB,SW,5,B,4.12,-26.6,1979.97,,1.15,29.17,,Spencer BBWM Roots2,B2,roots mini pit 2012,"13C, 15N",,,,,67.87668357,7.08,SPENCER BBWMFOLIAGE&ROOTS 0313,roots3,,,1.082,480.6,0.367,4059,10,0-5,,,
,4063,,2012,mini pit,,WB,HW,2,Oi,3.99,-26.89,2039.53,,37.61,95.28,,Spencer BBWM Roots2,B3,roots mini pit 2012,"13C, 15N",,,,,21.40573189,23.88,SPENCER BBWMFOLIAGE&ROOTS 0313,roots3,,,1.082,511.2,0.38,4063,11,,,,
,4064,,2012,mini pit,,WB,HW,2,Oe,4.12,-27.27,2021.11,,17.5,65.33,13.493,Spencer BBWM Roots2,B4,roots mini pit 2012,"13C, 15N",,,,,30.93604267,15.86,SPENCER BBWMFOLIAGE&ROOTS 0313,roots3,16.49,35.568,1.081,490.6,0.373,4064,11,,,,
,4065,,2012,mini pit,,WB,HW,2,Oa,4.05,-27.34,2142.76,,9.48,39.42,,Spencer BBWM Roots2,B5,roots mini pit 2012,"13C, 15N",,,,,54.36362711,9.73,SPENCER BBWMFOLIAGE&ROOTS 0313,roots3,,,1.081,529.1,0.37,4065,11,,,,
,4067,,2012,mini pit,,WB,HW,2,B,3.98,-26.87,1861.98,,8.26,45.48,,Spencer BBWM Roots2,B6,roots mini pit 2012,"13C, 15N",,,,,40.94148015,11.43,SPENCER BBWMFOLIAGE&ROOTS 0313,roots3,,,1.082,467.8,0.369,4067,11,0-5,,,
,4084,,2012,mini pit,,WB,HW,4,O,4.18,-27.79,1950.97,,16.2,86.27,,Spencer BBWM Roots2,B7,roots mini pit 2012,"13C, 15N",,,,,22.61579822,20.64,SPENCER BBWMFOLIAGE&ROOTS 0313,roots3,,,1.081,466.7,0.372,4084,14,,,,
,4085,,2012,mini pit,,WB,HW,4,B,3.91,-27.94,1796.81,,3.67,41.73,,Spencer BBWM Roots2,B8,roots mini pit 2012,"13C, 15N",,,,,43.05366705,10.67,SPENCER BBWMFOLIAGE&ROOTS 0313,roots3,,,1.081,459.5,0.368,4085,14,0-5,,,
,4089,,2012,mini pit,,WB,HW,5,O,4.15,-28.24,2074.85,,10.34,63.12,,Spencer BBWM Roots2,B9,roots mini pit 2012,"13C, 15N",,,,,32.87073708,15.21,SPENCER BBWMFOLIAGE&ROOTS 0313,roots3,,,1.08,500,0.37,4089,15,,,,
,4090,,2012,mini pit,,WB,HW,5,B,4.07,-26.97,1520.97,,4.21,41.8,,Spencer BBWM Roots2,B10,roots mini pit 2012,"13C, 15N",,,,,36.39010832,10.27,SPENCER BBWMFOLIAGE&ROOTS 0313,roots3,,,1.082,373.7,0.368,4090,15,0-5,,,
,4094,,2012,mini pit,,WB,SW,5,Oi,4.04,-26.44,2090.29,,6.52,72.77,,Spencer BBWM Roots2,B11,roots mini pit 2012,"13C, 15N",,,,,28.72473653,18.01,SPENCER BBWMFOLIAGE&ROOTS 0313,roots3,,,1.082,517.4,0.369,4094,16,,,,
,4095,,2012,mini pit,,WB,SW,5,Oe,4,-26.62,2225.55,,3.93,65.41,4.343,Spencer BBWM Roots2,B12,roots mini pit 2012,"13C, 15N",,,,,34.02418886,16.35,SPENCER BBWMFOLIAGE&ROOTS 0313,roots3,15.524,34.253,1.082,556.4,0.368,4095,16,,,,
,4096,,2012,mini pit,,WB,SW,5,Oa,4.11,-26.64,2007.16,,4.75,50.17,,Spencer BBWM Roots2,C1,roots mini pit 2012,"13C, 15N",,,,,40.01122241,12.21,SPENCER BBWMFOLIAGE&ROOTS 0313,roots3,,,1.082,488.4,0.368,4096,16,,,,
,4098,,2012,mini pit,,WB,SW,5,B,4.18,-27.4,1750.76,,5.46,30.58,,Spencer BBWM Roots2,C2,roots mini pit 2012,"13C, 15N",,,,,57.25189006,7.32,SPENCER BBWMFOLIAGE&ROOTS 0313,roots3,,,1.081,418.8,0.368,4098,16,0-5,,,
,4115,,2012,mini pit,,WB,SW,3,O,3.93,-27.33,2023.83,,14.33,52.27,,Spencer BBWM Roots2,C3,roots mini pit 2012,"13C, 15N",,,,,38.71823604,13.3,SPENCER BBWMFOLIAGE&ROOTS 0313,roots3,,,1.081,515,0.372,4115,19,,,,
,4116,,2012,mini pit,,WB,SW,3,B,4.06,-26.27,1719.59,,4.3,29.9,,Spencer BBWM Roots2,C4,roots mini pit 2012,"13C, 15N",,,,,57.50979604,7.36,SPENCER BBWMFOLIAGE&ROOTS 0313,roots3,,,1.082,423.5,0.368,4116,19,0-5,,,
,4120,,2012,mini pit,,WB,SW,4,O,3.95,-26.59,1964.32,,5.73,43.87,,Spencer BBWM Roots2,C5,roots mini pit 2012,"13C, 15N",,,,,44.77530099,11.11,SPENCER BBWMFOLIAGE&ROOTS 0313,roots3,,,1.082,497.3,0.368,4120,20,,,,
,4121,,2012,mini pit,,WB,SW,4,B,4.11,-26.92,2119.26,,2.71,36.56,,Spencer BBWM Roots2,C6,roots mini pit 2012,"13C, 15N",,,,,57.96293495,8.9,SPENCER BBWMFOLIAGE&ROOTS 0313,roots3,,,1.082,515.6,0.367,4121,20,0-5,,,
skip,4121,,2012,mini pit,,WB,SW,4,B,4.13,-26.72,1943.3,,2.88,33.72,,Spencer BBWM Roots2,C7,roots mini pit 2012,"13C, 15N",,,,,57.62493288,8.17,SPENCER BBWMFOLIAGE&ROOTS 0313,roots3,,,1.082,470.5,0.367,R4121,20,0-5,,,
skip,4121,,2012,mini pit,,WB,SW,4,B,4.12,-26.82,2031.28,,2.8,35.14,,Spencer BBWM Roots2,--,roots mini pit 2012,"13C, 15N",,,,,57.80076036,8.53,SPENCER BBWMFOLIAGE&ROOTS 0313,roots3,,,1.082,493,0.367,mean4121,20,0-5,,,
,,,,,,,,,,,,,,,,,,,,,,,,,,,,,,,,,,,,,,,
,,,,,,,,,,,,,,,,,,,,,,,,,,,,,,,,,,,,,,,
,,,,,,,,,,,,,,,,,,,,,,,,,,,,,,,,,,,,,,,
,R1,,,,R1,EB,HW,,O,4.26,-28.23,2097.24,,2.67,57.66,,BBWM ROOT 1,A1,Plant Roots,"13C, 15N",NO,,391173,145574,36,13.54,FROM COPY OF SPENCER BBWMROOT1&2 0312-3,roots4,,,,492.31,,,12,,,<1,242.3
,R2,,,,R2,EB,HW,,O,4.09,-28.79,2146.79,,1.61,66.44,,BBWM ROOT 1,A2,Plant Roots,"13C, 15N",NO,,391174,145575,32,16.24,FROM COPY OF SPENCER BBWMROOT1&2 0312-3,roots4,,,,524.89,,,13,,,<1,75.08
,R3,,,,R3,EB,HW,,O,4.26,-28.77,2233.87,,1.47,56.68,,BBWM ROOT 1,A3,Plant Roots,"13C, 15N",NO,,391175,145576,39,13.31,FROM COPY OF SPENCER BBWMROOT1&2 0312-3,roots4,,,,524.38,,,14,,,<1,245.9
,R4,,,,R4,EB,HW,,O,4.44,-28.48,2072.52,,2.3,37.58,,BBWM ROOT 1,A4,Plant Roots,"13C, 15N",NO,,391176,145577,55,8.46,FROM COPY OF SPENCER BBWMROOT1&2 0312-3,roots4,,,,466.78,,,12,,,>1,
,R5,,,,R5,EB,HW,,O,4.01,-28.92,1986.29,,1.07,36.32,,BBWM ROOT 1,A5,Plant Roots,"13C, 15N",NO,,391177,145578,55,9.06,FROM COPY OF SPENCER BBWMROOT1&2 0312-3,roots4,,,,495.33,,,13,,,>1,
,R6,,,,R6,EB,HW,,O,4.36,-25.68,2109.61,,-0.54,26.71,,BBWM ROOT 1,A6,Plant Roots,"13C, 15N",NO,,391178,145579,79,6.13,FROM COPY OF SPENCER BBWMROOT1&2 0312-3,roots4,,,,483.86,,,14,,,>1,
,R7,,,,R7,EB,HW,,B05,4.54,-28.02,2271.33,,2.63,42.29,,BBWM ROOT 1,A7,Plant Roots,"13C, 15N",NO,,391179,145580,54,9.31,FROM COPY OF SPENCER BBWMROOT1&2 0312-3,roots4,,,,500.29,,,12,,,<1,101.48
,R8,,,,R8,EB,HW,,B05,4.07,-28.03,2035.51,,2.88,54.07,,BBWM ROOT 1,A8,Plant Roots,"13C, 15N",NO,,391180,145581,38,13.28,FROM COPY OF SPENCER BBWMROOT1&2 0312-3,roots4,,,,500.12,,,13,,,<1,62.33
,R9,,,,R9,EB,HW,,B05,4.38,-28.45,2233.87,,2.21,52.95,,BBWM ROOT 1,A9,Plant Roots,"13C, 15N",NO,,391181,145582,42,12.09,FROM COPY OF SPENCER BBWMROOT1&2 0312-3,roots4,,,,510.02,,,14,,,<1,113.57
,R10,,,,R10,EB,HW,,B05,4.34,-27.98,2246.35,,1.12,30.52,,BBWM ROOT 1,A10,Plant Roots,"13C, 15N",NO,,391182,145583,74,7.03,FROM COPY OF SPENCER BBWMROOT1&2 0312-3,roots4,,,,517.59,,,12,,,>1,
,R11,,,,R11,EB,HW,,B05,4.35,-28.08,2246.35,,0.67,37.85,,BBWM ROOT 1,A11,Plant Roots,"13C, 15N",NO,,391183,145584,59,8.7,FROM COPY OF SPENCER BBWMROOT1&2 0312-3,roots4,,,,516.4,,,13,,,>1,
,R12,,,,R12,EB,HW,,B05,4,-27.05,2047.83,,-0.71,25.43,,BBWM ROOT 1,A12,Plant Roots,"13C, 15N",NO,,391184,145585,81,6.36,FROM COPY OF SPENCER BBWMROOT1&2 0312-3,roots4,,,,511.96,,,14,,,>1,
,R13,,,,R13,EB,HW,,B525,4.38,-28.22,2084.87,,1.6,30.39,,BBWM ROOT 1,B1,Plant Roots,"13C, 15N",NO,,391185,145589,69,6.94,FROM COPY OF SPENCER BBWMROOT1&2 0312-3,roots4,,,,476,,,12,,,<1,220
,R14,,,,R14,EB,HW,,B525,4.13,-27.55,1998.58,,1.87,32.32,,BBWM ROOT 1,B2,Plant Roots,"13C, 15N",NO,,391186,145590,62,7.83,FROM COPY OF SPENCER BBWMROOT1&2 0312-3,roots4,,,,483.92,,,13,,,<1,191.45
,R15,,,,R15,EB,HW,,B525,4.34,-28.1,2196.5,,1.75,44.93,,BBWM ROOT 1,B3,Plant Roots,"13C, 15N",NO,,391187,145591,49,10.35,FROM COPY OF SPENCER BBWMROOT1&2 0312-3,roots4,,,,506.11,,,14,,,<1,206.33
,R16,,,,R16,EB,HW,,B525,4.1,-27.97,2072.52,,0.82,30.32,,BBWM ROOT 1,B4,Plant Roots,"13C, 15N",NO,,391188,145592,68,7.4,FROM COPY OF SPENCER BBWMROOT1&2 0312-3,roots4,,,,505.49,,,12,,,>1,
,R17,,,,R17,EB,HW,,B525,4.09,-27.47,2023.19,,0.53,27.51,,BBWM ROOT 1,B5,Plant Roots,"13C, 15N",NO,,391189,145593,74,6.73,FROM COPY OF SPENCER BBWMROOT1&2 0312-3,roots4,,,,494.67,,,13,,,>1,
,R18,,,,R18,EB,HW,,B525,4.18,-26.95,2060.17,,-0.06,29.18,,BBWM ROOT 1,B6,Plant Roots,"13C, 15N",NO,,391190,145594,71,6.98,FROM COPY OF SPENCER BBWMROOT1&2 0312-3,roots4,,,,492.86,,,14,,,>1,
,R19,,,,R19,EB,HW,,B2550,4,-27.8,2134.39,,1.59,32.86,,BBWM ROOT 1,B7,Plant Roots,"13C, 15N",NO,,391191,145595,65,8.21,FROM COPY OF SPENCER BBWMROOT1&2 0312-3,roots4,,,,533.6,,,13,,,<1,51.37
,R20,,,,R20,EB,HW,,B2550,4.29,-28.18,2196.5,,0.23,33.12,,BBWM ROOT 1,B8,Plant Roots,"13C, 15N",NO,,391192,145596,66,7.72,FROM COPY OF SPENCER BBWMROOT1&2 0312-3,roots4,,,,512,,,14,,,<1,92.54
skip,RR20,,,,R20,EB,HW,,B2550,4.41,-28.24,2447.24,,0.62,37.65,,BBWM ROOT 1,B9,Plant Roots,"13C, 15N",NO,,391193,145597,65,8.54,FROM COPY OF SPENCER BBWMROOT1&2 0312-3,roots4,,,,554.93,,,14,,,<1,92.54
,R21,,,,R21,EB,HW,,25-C,4.28,-28.2,2459.88,,1.24,38.18,,BBWM ROOT 1,B10,Plant Roots,"13C, 15N",NO,,391194,145598,64,8.92,FROM COPY OF SPENCER BBWMROOT1&2 0312-3,roots4,,,,574.74,,,12,,,<1,132.8
,R22,,,,R22,EB,HW,,B2550,4.41,-27.73,2122,,0.54,29.99,,BBWM ROOT 1,B11,Plant Roots,"13C, 15N",NO,,391195,145599,71,6.8,FROM COPY OF SPENCER BBWMROOT1&2 0312-3,roots4,,,,481.18,,,13,,,>1,
,R23,,,,R23,EB,HW,,B2550,4.21,-26.83,2023.19,,0.07,25.3,,BBWM ROOT 1,B12,Plant Roots,"13C, 15N",NO,,391196,145600,80,6.01,FROM COPY OF SPENCER BBWMROOT1&2 0312-3,roots4,,,,480.57,,,14,,,>1,
,R24,,,,R24,EB,HW,,25-C,4.06,-27.46,2060.17,,0.38,24.09,,BBWM ROOT 1,C1,Plant Roots,"13C, 15N",NO,,391197,145603,86,5.93,FROM COPY OF SPENCER BBWMROOT1&2 0312-3,roots4,,,,507.43,,,12,,,>1,
,R25,,,,R25,EB,HW,,50-C,4.38,-27.71,2283.83,,2.93,38.78,,BBWM ROOT 1,C2,Plant Roots,"13C, 15N",NO,,391198,145604,59,8.85,FROM COPY OF SPENCER BBWMROOT1&2 0312-3,roots4,,,,521.42,,,13,,,<1,8
,R26,,,,R26,EB,HW,,50-C,4.24,-29.61,2084.87,,0.69,33.19,,BBWM ROOT 1,C3,Plant Roots,"13C, 15N",NO,,391199,145605,63,7.83,FROM COPY OF SPENCER BBWMROOT1&2 0312-3,roots4,,,,491.72,,,14,,,<1,3.32
,R27,,,,R27,EB,HW,,50-C,4.43,-27.38,2296.35,,1.51,33.46,,BBWM ROOT 1,C4,Plant Roots,"13C, 15N",NO,,391200,145606,69,7.55,FROM COPY OF SPENCER BBWMROOT1&2 0312-3,roots4,,,,518.36,,,13,,,>1,
,R28,,,,R28,EB,HW,,50-C,4.22,-26.22,1706.17,,0.17,17.96,Precision decreases for samples containing less than 20ugN,BBWM ROOT 1,C5,Plant Roots,"13C, 15N",NO,,391201,145607,95,4.26,FROM COPY OF SPENCER BBWMROOT1&2 0312-3,roots4,,,,404.31,,,14,,,>1,
,R29,,,,R29,EB,SW,,O,4.05,-27.39,2233.87,,-0.65,50.39,,BBWM ROOT 1,C6,Plant Roots,"13C, 15N",NO,,391202,145608,44,12.44,FROM COPY OF SPENCER BBWMROOT1&2 0312-3,roots4,,,,551.57,,,5,,,<1,76.24
,R30,,,,R30,EB,SW,,O,4.15,-26.15,2060.17,,-1.07,40.76,,BBWM ROOT 1,C7,Plant Roots,"13C, 15N",NO,,391203,145609,51,9.82,FROM COPY OF SPENCER BBWMROOT1&2 0312-3,roots4,,,,496.43,,,16,,,<1,242.63
,R31,,,,R31,EB,SW,,O,3.9,-26.56,2134.39,,0.11,40.76,,BBWM ROOT 1,C8,Plant Roots,"13C, 15N",NO,,391204,145610,52,10.45,FROM COPY OF SPENCER BBWMROOT1&2 0312-3,roots4,,,,547.28,,,17,,,<1,484.13
,R32,,,,R32,EB,SW,,O,4.3,-27.13,2109.61,,-0.84,25.5,,BBWM ROOT 1,C9,Plant Roots,"13C, 15N",NO,,391205,145611,83,5.93,FROM COPY OF SPENCER BBWMROOT1&2 0312-3,roots4,,,,490.61,,,5,,,>1,
,R33,,,,R33,EB,SW,,O,4.24,-26.21,2283.83,,-2.92,24.42,,BBWM ROOT 1,C10,Plant Roots,"13C, 15N",NO,,391206,145612,94,5.76,FROM COPY OF SPENCER BBWMROOT1&2 0312-3,roots4,,,,538.64,,,16,,,>1,
,R34,,,,R34,EB,SW,,O,4.12,-26.39,2308.87,,-0.61,21.2,,BBWM ROOT 1,C11,Plant Roots,"13C, 15N",NO,,391207,145613,109,5.14,FROM COPY OF SPENCER BBWMROOT1&2 0312-3,roots4,,,,560.41,,,17,,,>1,
,R35,,,,R35,EB,SW,,B05,3.9,-28.15,2047.83,,-0.24,31.46,,BBWM ROOT 1,C12,Plant Roots,"13C, 15N",NO,,391208,145614,65,8.07,FROM COPY OF SPENCER BBWMROOT1&2 0312-3,roots4,,,,525.09,,,5,,,<1,79.99
,R36,,,,R36,EB,SW,,B05,3.9,-26.86,2283.83,,-0.11,42.22,,BBWM ROOT 1,D1,Plant Roots,"13C, 15N",NO,,391209,145618,54,10.83,FROM COPY OF SPENCER BBWMROOT1&2 0312-3,roots4,,,,585.6,,,16,,,<1,7.65
,R37,,,,R37,EB,SW,,B05,4.19,-27.15,2333.95,,2.24,41.16,,BBWM ROOT 1,D2,Plant Roots,"13C, 15N",NO,,391210,145619,57,9.82,FROM COPY OF SPENCER BBWMROOT1&2 0312-3,roots4,,,,557.03,,,17,,,<1,48.62
,R38,,,,R38,EB,SW,,B05,4.06,-27.52,2271.33,,-0.34,21.6,,BBWM ROOT 1,D3,Plant Roots,"13C, 15N",NO,,391211,145620,105,5.32,FROM COPY OF SPENCER BBWMROOT1&2 0312-3,roots4,,,,559.44,,,6,,,>1,
,R39,,,,R39,EB,SW,,B05,4.2,-25.49,2396.8,,-0.97,21.47,,BBWM ROOT 1,D4,Plant Roots,"13C, 15N",NO,,391212,145621,112,5.11,FROM COPY OF SPENCER BBWMROOT1&2 0312-3,roots4,,,,570.67,,,16,,,>1,
,R40,,,,R40,EB,SW,,B05,4.15,-27.08,2097.24,,2.45,27.11,,BBWM ROOT 1,D5,Plant Roots,"13C, 15N",NO,,391213,145622,77,6.53,FROM COPY OF SPENCER BBWMROOT1&2 0312-3,roots4,,,,505.36,,,17,,,>1,
skip,RR40,,,,R40,EB,SW,,B05,4.15,-26.96,2084.87,,2.29,25.3,,BBWM ROOT 1,D6,Plant Roots,"13C, 15N",NO,,391214,145623,82,6.1,FROM COPY OF SPENCER BBWMROOT1&2 0312-3,roots4,,,,502.38,,,17,,,>1,
,R41,,,,R41,EB,SW,,B525,4.13,-27.79,2308.87,,0.49,34.26,,BBWM ROOT 1,D7,Plant Roots,"13C, 15N",NO,,391215,145624,67,8.29,FROM COPY OF SPENCER BBWMROOT1&2 0312-3,roots4,,,,559.05,,,5,,,<1,252.55
,R42,,,,R42,EB,SW,,B525,4.04,-26.84,2371.63,,0.58,33.72,,BBWM ROOT 1,D8,Plant Roots,"13C, 15N",NO,,391216,145625,70,8.35,FROM COPY OF SPENCER BBWMROOT1&2 0312-3,roots4,,,,587.04,,,16,,,<1,262.21
,R43,,,,R43,EB,SW,,B525,4.09,-27.61,2233.87,,2.59,38.91,,BBWM ROOT 1,D9,Plant Roots,"13C, 15N",NO,,391217,145626,57,9.51,FROM COPY OF SPENCER BBWMROOT1&2 0312-3,roots4,,,,546.18,,,17,,,<1,61.5
,R44,,,,R44,EB,SW,,B525,4.1,-26.53,2072.52,,0.04,12.82,Precision decreases for samples containing less than 20ugN,BBWM ROOT 1,D10,Plant Roots,"13C, 15N",NO,,391218,145627,162,3.13,FROM COPY OF SPENCER BBWMROOT1&2 0312-3,roots4,,,,505.49,,,5,,,>1,
,R45,,,,R45,EB,SW,,B525,3.9,-27.38,2097.24,,1.08,26.17,,BBWM ROOT 1,D11,Plant Roots,"13C, 15N",NO,,391219,145628,80,6.71,FROM COPY OF SPENCER BBWMROOT1&2 0312-3,roots4,,,,537.75,,,16,,,>1,
,R46,,,,R46,EB,SW,,B525,4.33,-27.01,2146.79,,3.76,29.58,,BBWM ROOT 1,D12,Plant Roots,"13C, 15N",NO,,391220,145629,73,6.83,FROM COPY OF SPENCER BBWMROOT1&2 0312-3,roots4,,,,495.8,,,17,,,>1,
,R47,,,,R47,EB,SW,,B2550,4.25,-28.03,2072.52,,0.54,26.3,,BBWM ROOT 1,E1,Plant Roots,"13C, 15N",NO,,391221,145636,79,6.19,FROM COPY OF SPENCER BBWMROOT1&2 0312-3,roots4,,,,487.65,,,16,,,<1,403.29
,R48,,,,R48,EB,SW,,B2550,3.97,-26.97,2271.33,,3.52,28.51,,BBWM ROOT 1,E2,Plant Roots,"13C, 15N",NO,,391222,145637,80,7.18,FROM COPY OF SPENCER BBWMROOT1&2 0312-3,roots4,,,,572.12,,,17,,,<1,49.08
,R49,,,,R49,EB,SW,,25-C,4.28,-27.41,2346.5,,0.74,27.04,,BBWM ROOT 1,E3,Plant Roots,"13C, 15N",NO,,391223,145638,87,6.32,FROM COPY OF SPENCER BBWMROOT1&2 0312-3,roots4,,,,548.25,,,5,,,<1,26.89
,R50,,,,R50,EB,SW,,B2550,3.96,-27.98,2359.06,,1.8,22.34,,BBWM ROOT 1,E4,Plant Roots,"13C, 15N",NO,,391224,145639,106,5.64,FROM COPY OF SPENCER BBWMROOT1&2 0312-3,roots4,,,,595.72,,,16,,,>1,
,R51,,,,R51,EB,SW,,B2550,4.1,-27.39,2023.19,,2.4,33.52,,BBWM ROOT 1,E5,Plant Roots,"13C, 15N",NO,,391225,145640,60,8.18,FROM COPY OF SPENCER BBWMROOT1&2 0312-3,roots4,,,,493.46,,,17,,,>1,
,R52,,,,R52,EB,SW,,25-C,4.02,-27.25,2109.61,,0.62,15.86,Precision decreases for samples containing less than 20ugN,BBWM ROOT 1,E6,Plant Roots,"13C, 15N",NO,,391226,145641,133,3.95,FROM COPY OF SPENCER BBWMROOT1&2 0312-3,roots4,,,,524.78,,,5,,,>1,
,R53,,,,R53,EB,SW,,50-C,4.11,-26.25,2146.79,,-0.19,27.98,,BBWM ROOT 1,E7,Plant Roots,"13C, 15N",NO,,391227,145642,77,6.81,FROM COPY OF SPENCER BBWMROOT1&2 0312-3,roots4,,,,522.33,,,16,,,<1,6.05
,R54,,,,R54,EB,SW,,50-C,4.12,-27.59,2122,,1.67,39.9,,BBWM ROOT 1,E8,Plant Roots,"13C, 15N",NO,,391228,145643,53,9.69,FROM COPY OF SPENCER BBWMROOT1&2 0312-3,roots4,,,,515.05,,,17,,,<1,2.58
,R55,,,,R55,EB,SW,,50-C,3.89,-27.33,2184.06,,1.25,21.53,,BBWM ROOT 1,E9,Plant Roots,"13C, 15N",NO,,391229,145644,101,5.54,FROM COPY OF SPENCER BBWMROOT1&2 0312-3,roots4,,,,561.45,,,16,,,>1,
,R56,,,,R56,EB,SW,,50-C,4.22,-27.08,2171.63,,3.82,34.19,,BBWM ROOT 1,E10,Plant Roots,"13C, 15N",NO,,391230,145645,64,8.1,FROM COPY OF SPENCER BBWMROOT1&2 0312-3,roots4,,,,514.6,,,17,,,>1,
,R57,,,,R57,WB,HW,,O,4.28,-27.54,2084.87,,1.25,61.05,,BBWM ROOT 1,E11,Plant Roots,"13C, 15N",NO,,391231,145646,34,14.26,FROM COPY OF SPENCER BBWMROOT1&2 0312-3,roots4,,,,487.12,,,23,,,<1,54.87
,R58,,,,R58,WB,HW,,O,4,-28.97,2159.21,,1.38,55.7,,BBWM ROOT 1,E12,Plant Roots,"13C, 15N",NO,,391232,145647,39,13.93,FROM COPY OF SPENCER BBWMROOT1&2 0312-3,roots4,,,,539.8,,,36,,,<1,177.03
,R59,,,,R59,WB,HW,,O,4.5,-29.13,2384.21,,2.78,75.66,,BBWM ROOT 1,F1,Plant Roots,"13C, 15N",NO,,391233,145651,32,16.81,FROM COPY OF SPENCER BBWMROOT1&2 0312-3,roots4,,,,529.82,,,37,,,<1,49.62
,R60,,,,R60,WB,HW,,O,4.08,-27.26,2072.52,,1.65,40.7,,BBWM ROOT 1,F2,Plant Roots,"13C, 15N",NO,,391234,145652,51,9.98,FROM COPY OF SPENCER BBWMROOT1&2 0312-3,roots4,,,,507.97,,,23,,,>1,
skip,RR60,,,,R60,WB,HW,,O,4.07,-27.28,1986.29,,1.47,38.78,,BBWM ROOT 1,F3,Plant Roots,"13C, 15N",NO,,391235,145653,51,9.53,FROM COPY OF SPENCER BBWMROOT1&2 0312-3,roots4,,,,488.03,,,23,,,>1,
,R61,,,,R61,WB,HW,,O,4.44,-27.91,2296.35,,2.5,43.35,,BBWM ROOT 1,F4,Plant Roots,"13C, 15N",NO,,391236,145654,53,9.76,FROM COPY OF SPENCER BBWMROOT1&2 0312-3,roots4,,,,517.2,,,36,,,>1,
,R62,,,,R62,WB,HW,,O,4.15,-28.81,2146.79,,4.25,56.62,,BBWM ROOT 1,F5,Plant Roots,"13C, 15N",NO,,391237,145655,38,13.64,FROM COPY OF SPENCER BBWMROOT1&2 0312-3,roots4,,,,517.3,,,37,,,>1,
,R63,,,,R63,WB,HW,,B05,4.13,-27.67,2271.33,,1.87,59.23,,BBWM ROOT 1,F6,Plant Roots,"13C, 15N",NO,,391238,145656,38,14.34,FROM COPY OF SPENCER BBWMROOT1&2 0312-3,roots4,,,,549.96,,,23,,,<1,55.43
,R64,,,,R64,WB,HW,,B05,4.15,-28.66,2084.87,,2.55,53.67,,BBWM ROOT 1,F7,Plant Roots,"13C, 15N",NO,,391239,145657,39,12.93,FROM COPY OF SPENCER BBWMROOT1&2 0312-3,roots4,,,,502.38,,,36,,,<1,185.09
,R65,,,,R65,WB,HW,,B05,4.13,-27.93,2109.61,,4.75,70.51,,BBWM ROOT 1,F8,Plant Roots,"13C, 15N",NO,,391240,145658,30,17.07,FROM COPY OF SPENCER BBWMROOT1&2 0312-3,roots4,,,,510.8,,,37,,,<1,24.36
,R66,,,,R66,WB,HW,,B05,4.25,-26.59,2308.87,,1.38,40.5,,BBWM ROOT 1,F9,Plant Roots,"13C, 15N",NO,,391241,145659,57,9.53,FROM COPY OF SPENCER BBWMROOT1&2 0312-3,roots4,,,,543.26,,,23,,,>1,
,R67,,,,R67,WB,HW,,B05,4.06,-27.83,1998.58,,2.83,41.29,,BBWM ROOT 1,F10,Plant Roots,"13C, 15N",NO,,391242,145660,48,10.17,FROM COPY OF SPENCER BBWMROOT1&2 0312-3,roots4,,,,492.26,,,36,,,>1,
,R68,,,,R68,WB,HW,,B05,4.37,-28.92,2346.5,,3.81,55.57,,BBWM ROOT 1,F11,Plant Roots,"13C, 15N",NO,,391243,145661,42,12.72,FROM COPY OF SPENCER BBWMROOT1&2 0312-3,roots4,,,,536.96,,,37,,,>1,
,R69,,,,R69,WB,HW,,B525,4.44,-27.97,2346.5,,2.08,54.07,,BBWM ROOT 1,F12,Plant Roots,"13C, 15N",NO,,391244,145662,43,12.18,FROM COPY OF SPENCER BBWMROOT1&2 0312-3,roots4,,,,528.49,,,23,,,<1,83.22
,R70,,,,R70,WB,HW,,B525,4.46,-28.94,2485.17,,2.95,53.61,,BBWM ROOT 1,G1,Plant Roots,"13C, 15N",NO,,391245,145666,46,12.02,FROM COPY OF SPENCER BBWMROOT1&2 0312-3,roots4,,,,557.21,,,36,,,<1,288.66
,R71,,,,R71,WB,HW,,B525,4.2,-28.1,2333.95,,4.13,65.59,,BBWM ROOT 1,G2,Plant Roots,"13C, 15N",NO,,391246,145667,36,15.62,FROM COPY OF SPENCER BBWMROOT1&2 0312-3,roots4,,,,555.7,,,37,,,<1,101.9
,R72,,,,R72,WB,HW,,B525,4.22,-27.15,2258.83,,2.33,36.52,,BBWM ROOT 1,G3,Plant Roots,"13C, 15N",NO,,391247,145668,62,8.65,FROM COPY OF SPENCER BBWMROOT1&2 0312-3,roots4,,,,535.27,,,23,,,>1,
,R73,,,,R73,WB,HW,,B525,4.05,-28.41,2122,,2.66,40.23,,BBWM ROOT 1,G4,Plant Roots,"13C, 15N",NO,,391248,145669,53,9.93,FROM COPY OF SPENCER BBWMROOT1&2 0312-3,roots4,,,,523.95,,,36,,,>1,
,R74,,,,R74,WB,HW,,B525,4.39,-28.18,2333.95,,4,44.14,,BBWM ROOT 1,G5,Plant Roots,"13C, 15N",NO,,391249,145670,53,10.05,FROM COPY OF SPENCER BBWMROOT1&2 0312-3,roots4,,,,531.65,,,37,,,>1,
,R75,,,,R75,WB,HW,,B2550,4.5,-27.57,2346.5,,1.77,48.49,,BBWM ROOT 1,G6,Plant Roots,"13C, 15N",NO,,391250,145671,48,10.78,FROM COPY OF SPENCER BBWMROOT1&2 0312-3,roots4,,,,521.44,,,23,,,<1,37.5
,R76,,,,R76,WB,HW,,B2550,4,-26.33,2097.24,,1.26,34.39,,BBWM ROOT 1,G7,Plant Roots,"13C, 15N",NO,,391251,145672,61,8.6,FROM COPY OF SPENCER BBWMROOT1&2 0312-3,roots4,,,,524.31,,,36,,,<1,43.2
,R77,,,,R77,WB,HW,,B2550,4.11,-27.79,2159.21,,3.3,53.15,,BBWM ROOT 1,G8,Plant Roots,"13C, 15N",NO,,391252,145673,41,12.93,FROM COPY OF SPENCER BBWMROOT1&2 0312-3,roots4,,,,525.35,,,37,,,<1,50.54
,R78,,,,R78,WB,HW,,B2550,4.29,-26.76,2371.63,,2.52,39.97,,BBWM ROOT 1,G9,Plant Roots,"13C, 15N",NO,,391253,145674,59,9.32,FROM COPY OF SPENCER BBWMROOT1&2 0312-3,roots4,,,,552.83,,,23,,,>1,
,R79,,,,R79,WB,HW,,B2550,4.3,-26.35,2359.06,,0.9,19.78,Precision decreases for samples containing less than 20ugN,BBWM ROOT 1,G10,Plant Roots,"13C, 15N",NO,,391254,145675,119,4.6,FROM COPY OF SPENCER BBWMROOT1&2 0312-3,roots4,,,,548.62,,,36,,,>1,
,R80,,,,R80,WB,HW,,B2550,4.21,-28.31,2072.52,,3.53,39.51,,BBWM ROOT 1,G11,Plant Roots,"13C, 15N",NO,,391255,145676,52,9.38,FROM COPY OF SPENCER BBWMROOT1&2 0312-3,roots4,,,,492.28,,,37,,,>1,
skip,RR80,,,,R80,WB,HW,,B2550,4.1,-28.3,2072.52,,3.61,39.17,,BBWM ROOT 1,G12,Plant Roots,"13C, 15N",NO,,391256,145677,53,9.55,FROM COPY OF SPENCER BBWMROOT1&2 0312-3,roots4,,,,505.49,,,37,,,>1,
,R81,,,,R81,WB,HW,,50-C,4.11,-28.36,2023.19,,1.92,38.51,,BBWM ROOT 1,H1,Plant Roots,"13C, 15N",NO,,391257,145680,53,9.37,FROM COPY OF SPENCER BBWMROOT1&2 0312-3,roots4,,,,492.26,,,23,,,<1,3.11
,R82,,,,R82,WB,HW,,50-C,4,-27.5,2134.39,,3.16,46.32,,BBWM ROOT 1,H2,Plant Roots,"13C, 15N",NO,,391258,145681,46,11.58,FROM COPY OF SPENCER BBWMROOT1&2 0312-3,roots4,,,,533.6,,,36,,,<1,15.83
,R83,,,,R83,WB,HW,,50-C,4.02,-27.48,2196.5,,3.07,51.77,,BBWM ROOT 1,H3,Plant Roots,"13C, 15N",NO,,391259,145682,42,12.88,FROM COPY OF SPENCER BBWMROOT1&2 0312-3,roots4,,,,546.39,,,37,,,<1,17.45
,R84,,,,R84,WB,HW,,50-C,4.09,-26.77,2146.79,,2.38,35.19,,BBWM ROOT 1,H4,Plant Roots,"13C, 15N",NO,,391260,145683,61,8.6,FROM COPY OF SPENCER BBWMROOT1&2 0312-3,roots4,,,,524.89,,,23,,,>1,
,R85,,,,R85,WB,HW,,50-C,4.48,-27.24,2271.33,,2.96,43.61,,BBWM ROOT 1,H5,Plant Roots,"13C, 15N",NO,,391261,145684,52,9.73,FROM COPY OF SPENCER BBWMROOT1&2 0312-3,roots4,,,,506.99,,,36,,,>1,
,R86,,,,R86,WB,HW,,50-C,4.47,-28.43,2246.35,,2.99,49.34,,BBWM ROOT 1,H6,Plant Roots,"13C, 15N",NO,,391262,145685,46,11.04,FROM COPY OF SPENCER BBWMROOT1&2 0312-3,roots4,,,,502.54,,,37,,,>1,
,R87,,,,R87,WB,SW,,O,4.09,-26.37,2283.83,,2.08,55.18,,BBWM ROOT 1,H7,Plant Roots,"13C, 15N",NO,,391263,145686,41,13.49,FROM COPY OF SPENCER BBWMROOT1&2 0312-3,roots4,,,,558.39,,,26,,,<1,1018.2
,R88,,,,R88,WB,SW,,O,4.06,-26.44,2196.5,,3.65,54.85,,BBWM ROOT 1,H8,Plant Roots,"13C, 15N",NO,,391264,145687,40,13.51,FROM COPY OF SPENCER BBWMROOT1&2 0312-3,roots4,,,,541.01,,,29,,,<1,245.3
,R89,,,,R89,WB,SW,,O,3.95,-26.53,2072.52,,2.15,48.82,,BBWM ROOT 1,H9,Plant Roots,"13C, 15N",NO,,391265,145688,42,12.36,FROM COPY OF SPENCER BBWMROOT1&2 0312-3,roots4,,,,524.69,,,33,,,<1,584.1
,R90,,,,R90,WB,SW,,O,4.11,-26.61,2258.83,,0.02,27.71,,BBWM ROOT 1,H10,Plant Roots,"13C, 15N",NO,,391266,145689,82,6.74,FROM COPY OF SPENCER BBWMROOT1&2 0312-3,roots4,,,,549.59,,,26,,,>1,
,R91,,,,R91,WB,SW,,O,4.25,-27.26,2146.79,,2.77,30.99,,BBWM ROOT 1,H11,Plant Roots,"13C, 15N",NO,,391267,145690,69,7.29,FROM COPY OF SPENCER BBWMROOT1&2 0312-3,roots4,,,,505.13,,,29,,,>1,
,R92,,,,R92,WB,SW,,O,4.3,-26.66,2221.4,,1.34,26.17,,BBWM ROOT 1,H12,Plant Roots,"13C, 15N",NO,,391268,145691,85,6.09,FROM COPY OF SPENCER BBWMROOT1&2 0312-3,roots4,,,,516.61,,,33,,,>1,
skip,BLANK,,,,BLANK,BLANK,BLANK,,BLANK,0,-36.15,2.03,Too small,4.58,0.12,Too small,BBWM ROOT 2,A1,empty tin,"13C, 15N",NO,,391269,145695,,,FROM COPY OF SPENCER BBWMROOT1&2 0312-3,roots4,,,,,,,BLANK,,,BLANK,BLANK
,R93,,,,R93,WB,SW,,B05,4.31,-26.53,2283.83,,1.39,48.55,,BBWM ROOT 2,A2,Plant Roots,"13C, 15N",NO,,391270,145696,47,11.27,FROM COPY OF SPENCER BBWMROOT1&2 0312-3,roots4,,,,529.89,,,26,,,<1,30.92
,R94,,,,R94,WB,SW,,B05,3.9,-27.64,2047.83,,2.98,40.17,,BBWM ROOT 2,A3,Plant Roots,"13C, 15N",NO,,391271,145697,51,10.3,FROM COPY OF SPENCER BBWMROOT1&2 0312-3,roots4,,,,525.09,,,29,,,<1,152.73
,R95,,,,R95,WB,SW,,B05,4.13,-26.86,2184.06,,2.86,39.84,,BBWM ROOT 2,A4,Plant Roots,"13C, 15N",NO,,391272,145698,55,9.65,FROM COPY OF SPENCER BBWMROOT1&2 0312-3,roots4,,,,528.83,,,33,,,<1,23.1
,R96,,,,R96,WB,SW,,B05,4.06,-26.27,2060.17,,0.45,24.83,,BBWM ROOT 2,A5,Plant Roots,"13C, 15N",NO,,391273,145699,83,6.12,FROM COPY OF SPENCER BBWMROOT1&2 0312-3,roots4,,,,507.43,,,26,,,>1,
,R97,,,,R97,WB,SW,,B05,3.99,-27.85,2146.79,,3.43,40.43,,BBWM ROOT 2,A6,Plant Roots,"13C, 15N",NO,,391274,145700,53,10.13,FROM COPY OF SPENCER BBWMROOT1&2 0312-3,roots4,,,,538.04,,,29,,,>1,
,R98,,,,R98,WB,SW,,B05,4.13,-26.56,2109.61,,0.86,22.34,,BBWM ROOT 2,A7,Plant Roots,"13C, 15N",NO,,391275,145701,94,5.41,FROM COPY OF SPENCER BBWMROOT1&2 0312-3,roots4,,,,510.8,,,33,,,>1,
,R99,,,,R99,WB,SW,,B525,4.23,-26,2171.63,,1.68,40.76,,BBWM ROOT 2,A8,Plant Roots,"13C, 15N",NO,,391276,145702,53,9.64,FROM COPY OF SPENCER BBWMROOT1&2 0312-3,roots4,,,,513.39,,,26,,,<1,170.3
,R100,,,,R100,WB,SW,,B525,3.9,-27.96,1937.22,,2.38,38.58,,BBWM ROOT 2,A9,Plant Roots,"13C, 15N",NO,,391277,145703,50,9.89,FROM COPY OF SPENCER BBWMROOT1&2 0312-3,roots4,,,,496.72,,,29,,,<1,287.25
skip,RR100,,,,R100,WB,SW,,B525,4.3,-28.03,2283.83,,2.53,46.05,,BBWM ROOT 2,A10,Plant Roots,"13C, 15N",NO,,391278,145704,50,10.71,FROM COPY OF SPENCER BBWMROOT1&2 0312-3,roots4,,,,531.12,,,29,,,<1,287.25
,R101,,,,R101,WB,SW,,B525,4.31,-26.89,2308.87,,2.86,41.03,,BBWM ROOT 2,A11,Plant Roots,"13C, 15N",NO,,391279,145705,56,9.52,FROM COPY OF SPENCER BBWMROOT1&2 0312-3,roots4,,,,535.7,,,33,,,<1,118.72
,R102,,,,R102,WB,SW,,B525,4.14,-25.12,2060.17,,0.42,16.68,Precision decreases for samples containing less than 20ugN,BBWM ROOT 2,A12,Plant Roots,"13C, 15N",NO,,391280,145706,124,4.03,FROM COPY OF SPENCER BBWMROOT1&2 0312-3,roots4,,,,497.63,,,26,,,>1,
,R103,,,,R103,WB,SW,,B525,4.2,-27.59,2072.52,,3.07,32.59,,BBWM ROOT 2,B1,Plant Roots,"13C, 15N",NO,,391281,145710,64,7.76,FROM COPY OF SPENCER BBWMROOT1&2 0312-3,roots4,,,,493.46,,,29,,,>1,
,R104,,,,R104,WB,SW,,B525,4,-26.8,2072.52,,0.94,16.07,Precision decreases for samples containing less than 20ugN,BBWM ROOT 2,B2,Plant Roots,"13C, 15N",NO,,391282,145711,129,4.02,FROM COPY OF SPENCER BBWMROOT1&2 0312-3,roots4,,,,518.13,,,33,,,>1,
,R105,,,,R105,WB,SW,,B2550,4.32,-27.92,2258.83,,3.26,40.63,,BBWM ROOT 2,B3,Plant Roots,"13C, 15N",NO,,391283,145712,56,9.41,FROM COPY OF SPENCER BBWMROOT1&2 0312-3,roots4,,,,522.88,,,29,,,<1,228
,R106,,,,R106,WB,SW,,B2550,4.27,-27.2,2409.39,,2.7,40.63,,BBWM ROOT 2,B4,Plant Roots,"13C, 15N",NO,,391284,145713,59,9.52,FROM COPY OF SPENCER BBWMROOT1&2 0312-3,roots4,,,,564.26,,,33,,,<1,221.18
,R107,,,,R107,WB,SW,,25-C,4.27,-25.43,2208.95,,1.61,40.23,,BBWM ROOT 2,B5,Plant Roots,"13C, 15N",NO,,391285,145714,55,9.42,FROM COPY OF SPENCER BBWMROOT1&2 0312-3,roots4,,,,517.32,,,26,,,<1,22.41
,R108,,,,R108,WB,SW,,B2550,4.34,-25.78,2233.87,,1.9,19.51,Precision decreases for samples containing less than 20ugN,BBWM ROOT 2,B6,Plant Roots,"13C, 15N",NO,,391286,145715,114,4.5,FROM COPY OF SPENCER BBWMROOT1&2 0312-3,roots4,,,,514.72,,,29,,,>1,
,R109,,,,R109,WB,SW,,B2550,4.08,-26.71,2109.61,,2.11,24.56,,BBWM ROOT 2,B7,Plant Roots,"13C, 15N",NO,,391287,145716,86,6.02,FROM COPY OF SPENCER BBWMROOT1&2 0312-3,roots4,,,,517.06,,,33,,,>1,
,R110,,,,R110,WB,SW,,25-C,4,-25.12,2047.83,,0.48,16.95,Precision decreases for samples containing less than 20ugN,BBWM ROOT 2,B8,Plant Roots,"13C, 15N",NO,,391288,145717,121,4.24,FROM COPY OF SPENCER BBWMROOT1&2 0312-3,roots4,,,,511.96,,,26,,,>1,
,R111,,,,R111,WB,SW,,50-C,4.15,-27.63,2060.17,,3.53,42.22,,BBWM ROOT 2,B9,Plant Roots,"13C, 15N",NO,,391289,145718,49,10.17,FROM COPY OF SPENCER BBWMROOT1&2 0312-3,roots4,,,,496.43,,,29,,,<1,20.65
,R112,,,,R112,WB,SW,,50-C,4.3,-26.75,2258.83,,2.2,31.52,,BBWM ROOT 2,B10,Plant Roots,"13C, 15N",NO,,391290,145719,72,7.33,FROM COPY OF SPENCER BBWMROOT1&2 0312-3,roots4,,,,525.31,,,33,,,<1,0
,R113,,,,R113,WB,SW,,50-C,4.22,-25.44,2010.88,,1.79,22.74,,BBWM ROOT 2,B11,Plant Roots,"13C, 15N",NO,,391291,145720,88,5.39,FROM COPY OF SPENCER BBWMROOT1&2 0312-3,roots4,,,,476.51,,,29,,,>1,
,R114,,,,R114,WB,SW,,50-C,4.06,-25.45,2097.24,,1.52,15.12,Precision decreases for samples containing less than 20ugN,BBWM ROOT 2,B12,Plant Roots,"13C, 15N",NO,,391292,145721,139,3.72,FROM COPY OF SPENCER BBWMROOT1&2 0312-3,roots4,,,,516.56,,,33,,,>1,