Sample#,Pit,Increment,Increment 2,Increment 3,Horizon,Soil material,trt,veg, OD fine earth kg/ha , OD COF kg/ha , Total earth kg/ha ,TN %,TC %,fine TN kg/ha,fine TC kg/ha,cof TN kg/ha,cof TC kg/ha,total TN kg/ha,total TC kg/ha,total C/N ratio
1,1,O,O,O,O,organic,EB,SW," 119,860 "," 4,633 "," 124,493 ",1.56,48.06,1867,57603,40,2438,1907,60041,31
2,1,0-5cm,0-5cm,0-5cm,B,mineral,EB,SW," 238,933 ",," 238,933 ",0.26,7.15,612,17094,,,,,
3,1,5-25cm,5-25cm,5-25cm,B,mineral,EB,SW," 200,630 ",," 200,630 ",0.13,3.02,267,6051,,,,,
4,1,25-C,lower mineral,25-C,B,mineral,EB,SW," 572,595 ",," 572,595 ",0.12,2.38,678,13647,,,,,
5,1,C,lower mineral,C,C,mineral,EB,SW," 2,517,377 ",," 2,517,377 ",0.10,1.76,2621,44282,,,,,
6,2,O,O,O,O,organic,EB,SW," 277,111 "," 12,691 "," 289,802 ",1.64,50.24,4557,139207,165,6139,4722,145346,31
7,2,0-5cm,0-5cm,0-5cm,B,mineral,EB,SW," 59,321 ",," 59,321 ",0.22,6.48,130,3844,,,,,
8,2,5-25cm,5-25cm,5-25cm,B,mineral,EB,SW," 857,876 ",," 857,876 ",0.19,4.85,1621,41591,,,,,
9,2,25-C,lower mineral,25-C,B,mineral,EB,SW," 94,071 ",," 94,071 ",0.31,7.76,296,7301,,,,,
10,2,C,lower mineral,C,C,mineral,EB,SW," 2,228,512 ",," 2,228,512 ",0.21,4.58,4602,102085,,,,,
11,3,O,O,O,O,organic,EB,SW," 25,014 "," 6,302 "," 31,317 ",1.77,47.89,442,11981,82,3048,524,15029,29
12,3,0-5cm,0-5cm,0-5cm,B,mineral,EB,SW," 72,007 ",," 72,007 ",0.24,5.79,170,4166,,,,,
13,3,5-25cm,5-25cm,5-25cm,B,mineral,EB,SW," 590,040 ",," 590,040 ",0.23,5.90,1381,34833,,,,,
14,3,25-C,lower mineral,25-C,B,mineral,EB,SW," 648,087 ",," 648,087 ",0.19,4.33,1255,28049,,,,,
15,3,C,lower mineral,C,C,mineral,EB,SW," 1,598,893 ",," 1,598,893 ",0.08,1.30,1246,20844,,,,,
16,4,O,O,O,O,organic,EB,SW," 151,976 "," 7,191 "," 159,167 ",1.55,43.43,2363,66004,93,3478,2456,69482,28
17,4,0-5cm,0-5cm,0-5cm,B,mineral,EB,SW," 178,043 ",," 178,043 ",0.23,5.90,418,10498,,,,,
18,4,5-25cm,5-25cm,5-25cm,B,mineral,EB,SW," 828,655 ",," 828,655 ",0.20,4.88,1653,40433,,,,,
19,4,25-C,lower mineral,25-C,B,mineral,EB,SW," 488,659 ",," 488,659 ",0.14,3.00,698,14655,,,,,
20,4,C,lower mineral,C,C,mineral,EB,SW," 2,717,433 ",," 2,717,433 ",0.10,1.95,2832,52926,,,,,
21,5,O,O,O,O,organic,EB,SW," 155,918 "," 6,775 "," 162,693 ",1.33,36.88,2068,57501,69,3403,2137,60905,28
22,5,0-5cm,0-5cm,0-5cm,B,mineral,EB,SW," 193,869 ",," 193,869 ",0.51,11.25,980,21804,,,,,
23,5,5-25cm,5-25cm,5-25cm,B,mineral,EB,SW," 1,104,338 ",," 1,104,338 ",0.35,8.25,3836,91133,,,,,
24,5,25-C,lower mineral,25-C,B,mineral,EB,SW," 1,367,758 ",," 1,367,758 ",0.28,6.60,3765,90325,,,,,
25,5,C,lower mineral,C,C,mineral,EB,SW," 3,389,788 ",," 3,389,788 ",0.14,3.24,4622,109952,,,,,
26,6,O,O,O,O,organic,EB,HW," 232,190 "," 5,673 "," 237,863 ",1.01,21.49,2345,49904,40,2549,2386,52453,22
27,6,0-5cm,0-5cm,0-5cm,B,mineral,EB,HW," 143,614 ",," 143,614 ",0.37,7.08,528,10173,,,,,
28,6,5-25cm,5-25cm,5-25cm,B,mineral,EB,HW," 113,786 ",," 113,786 ",0.33,5.92,379,6737,,,,,
30,6,C,lower mineral,C,C,mineral,EB,HW," 850,829 ",," 850,829 ",0.35,6.20,3018,52724,,,,,
31,7,O,O,O,O,organic,EB,HW," 216,961 "," 6,845 "," 223,807 ",0.89,18.43,1929,39983,89,3311,2018,43294,21
32,7,0-5cm,0-5cm,0-5cm,B,mineral,EB,HW," 140,724 ",," 140,724 ",0.35,7.08,499,9962,,,,,
33,7,5-25cm,5-25cm,5-25cm,B,mineral,EB,HW," 63,291 ",," 63,291 ",0.31,6.17,198,3907,,,,,
36,8,O,O,O,O,organic,EB,HW," 172,470 "," 5,305 "," 177,776 ",0.87,17.39,1504,29995,63,2254,1567,32249,21
37,8,0-5cm,0-5cm,0-5cm,B,mineral,EB,HW," 190,998 ",," 190,998 ",0.32,6.78,602,12955,,,,,
38,8,5-25cm,5-25cm,5-25cm,B,mineral,EB,HW," 1,023,756 ",," 1,023,756 ",0.17,3.68,1727,37642,,,,,
39,8,25-C,lower mineral,25-C,B,mineral,EB,HW," 537,112 ",," 537,112 ",0.13,2.69,713,14456,,,,,
40,8,C,lower mineral,C,C,mineral,EB,HW," 3,038,597 ",," 3,038,597 ",0.10,1.86,2958,56466,,,,,
41,9,O,O,O,O,organic,EB,HW," 115,229 "," 1,904 "," 117,133 ",1.19,28.16,1373,32451,25,921,1398,33372,24
42,9,0-5cm,0-5cm,0-5cm,B,mineral,EB,HW," 132,546 ",," 132,546 ",0.26,5.83,347,7730,,,,,
43,9,5-25cm,5-25cm,5-25cm,B,mineral,EB,HW," 616,966 ",," 616,966 ",0.20,4.26,1208,26284,,,,,
44,9,25-C,lower mineral,25-C,B,mineral,EB,HW," 160,831 ",," 160,831 ",0.13,2.40,207,3864,,,,,
45,9,C,lower mineral,C,C,mineral,EB,HW," 1,377,541 ",," 1,377,541 ",0.10,1.82,1407,25055,,,,,
46,10,O,O,O,O,organic,EB,HW," 114,231 "," 2,688 "," 116,918 ",1.39,33.32,1583,38064,37,1309,1620,39373,24
47,10,0-5cm,0-5cm,0-5cm,B,mineral,EB,HW," 174,115 ",," 174,115 ",0.36,8.36,620,14562,,,,,
48,10,5-25cm,5-25cm,5-25cm,B,mineral,EB,HW," 836,481 ",," 836,481 ",0.18,4.00,1538,33432,,,,,
49,10,25-C,lower mineral,25-C,B,mineral,EB,HW," 1,210,955 ",," 1,210,955 ",0.13,2.37,1554,28640,,,,,
50,10,C,lower mineral,C,C,mineral,EB,HW," 3,821,220 ",," 3,821,220 ",0.12,2.23,4771,85068,,,,,
51,11,O,O,O,O,organic,EB,HW," 341,460 "," 2,339 "," 343,799 ",0.97,17.20,3313,58728,30,1131,3344,59859,18
52,11,0-5cm,0-5cm,0-5cm,B,mineral,EB,HW," 283,582 ",," 283,582 ",0.49,9.64,1397,27334,,,,,
53,11,5-25cm,5-25cm,5-25cm,B,mineral,EB,HW," 798,864 ",," 798,864 ",0.43,8.54,3414,68184,,,,,
54,11,25-C,lower mineral,25-C,B,mineral,EB,HW," 702,565 ",," 702,565 ",0.30,6.15,2084,43205,,,,,
55,11,C,lower mineral,C,C,mineral,EB,HW," 2,315,195 ",," 2,315,195 ",0.20,4.27,4741,98753,,,,,
56,12,O,O,O,O,organic,EB,HW," 203,793 "," 1,901 "," 205,694 ",1.06,20.84,2154,42470,25,919,2179,43389,20
57,12,0-5cm,0-5cm,0-5cm,B,mineral,EB,HW," 149,670 ",," 149,670 ",0.77,14.12,1154,21131,,,,,
58,12,5-25cm,5-25cm,5-25cm,B,mineral,EB,HW," 211,144 ",," 211,144 ",0.47,9.14,987,19292,,,,,
59,12,25-C,lower mineral,25-C,B,mineral,EB,HW," 443,111 ",," 443,111 ",0.49,9.35,2161,41410,,,,,
60,12,C,lower mineral,C,C,mineral,EB,HW," 2,012,851 ",," 2,012,851 ",0.43,8.31,8718,167207,,,,,
61,13,O,O,O,O,organic,EB,HW," 53,509 "," 4,274 "," 57,783 ",1.69,35.03,904,18744,59,1931,963,20675,21
62,13,0-5cm,0-5cm,0-5cm,B,mineral,EB,HW," 72,904 ",," 72,904 ",0.50,8.10,366,5908,,,,,
63,13,5-25cm,5-25cm,5-25cm,B,mineral,EB,HW," 669,782 ",," 669,782 ",0.37,6.45,2458,43177,,,,,
64,13,25-50cm,lower mineral,25-C,B,mineral,EB,HW," 186,371 ",," 186,371 ",0.21,4.10,398,7633,,,,,
65,13,50-C,lower mineral,25-C,B,mineral,EB,HW," 562,883 ",," 562,883 ",0.21,4.32,1182,24327,,,,,
65A,13,C,lower mineral,C,C,mineral,EB,HW," 1,765,935 ",," 1,765,935 ",0.16,3.16,2810,55805,,,,,
66,14,O,O,O,O,organic,EB,HW," 70,392 "," 5,145 "," 75,537 ",1.58,29.66,1115,20879,67,2489,1181,23368,20
67,14,0-5cm,0-5cm,0-5cm,B,mineral,EB,HW," 89,769 ",," 89,769 ",0.52,8.18,463,7342,,,,,
68,14,5-25cm,5-25cm,5-25cm,B,mineral,EB,HW," 351,848 ",," 351,848 ",0.33,5.61,1151,19735,,,,,
69,14,25-50cm,lower mineral,25-C,B,mineral,EB,HW," 1,228,372 ",," 1,228,372 ",0.24,4.59,2908,56328,,,,,
70,14,50-C,lower mineral,25-C,B,mineral,EB,HW," 568,067 ",," 568,067 ",0.10,1.87,555,10639,,,,,
70A,14,C,lower mineral,C,C,mineral,EB,HW," 1,533,407 ",," 1,533,407 ",0.06,1.28,966,19653,,,,,
71,15,O,O,O,O,organic,EB,HW," 72,389 "," 2,664 "," 75,053 ",1.55,28.93,1124,20943,33,1131,1157,22075,19
72,15,0-5cm,0-5cm,0-5cm,B,mineral,EB,HW," 180,453 ",," 180,453 ",0.60,10.34,1091,18653,,,,,
73,15,5-25cm,5-25cm,5-25cm,B,mineral,EB,HW," 609,796 ",," 609,796 ",0.43,7.58,2610,46203,,,,,
76,16,O,O,O,O,organic,EB,SW," 170,311 "," 1,169 "," 171,480 ",1.24,31.48,2108,53613,12,573,2120,54186,26
77,16,0-5cm,0-5cm,0-5cm,B,mineral,EB,SW," 104,270 ",," 104,270 ",0.52,12.56,539,13093,,,,,
78,16,5-25cm,5-25cm,5-25cm,B,mineral,EB,SW," 986,291 ",," 986,291 ",0.30,7.68,2923,75767,,,,,
79,16,25-50cm,lower mineral,25-C,B,mineral,EB,SW," 1,091,514 ",," 1,091,514 ",0.46,14.22,5017,155213,,,,,
80,16,50-C,lower mineral,25-C,B,mineral,EB,SW," 1,866,829 ",," 1,866,829 ",0.40,13.31,7503,248524,,,,,
81,17,O,O,O,O,organic,EB,SW," 206,347 "," 8,241 "," 214,588 ",1.51,39.78,3117,82076,107,3986,3224,86062,27
82,17,0-5cm,0-5cm,0-5cm,B,mineral,EB,SW," 336,519 ",," 336,519 ",0.41,9.40,1378,31648,,,,,
83,17,5-25cm,5-25cm,5-25cm,B,mineral,EB,SW," 685,219 ",," 685,219 ",0.48,11.33,3285,77647,,,,,
84,17,25-50cm,lower mineral,25-C,B,mineral,EB,SW," 1,619,000 ",," 1,619,000 ",0.29,7.61,4705,123243,,,,,
85,17,50-C,lower mineral,25-C,B,mineral,EB,SW," 866,347 ",," 866,347 ",0.16,4.50,1353,38949,,,,,
85A,17,C,lower mineral,C,C,mineral,EB,SW," 1,727,946 ",," 1,727,946 ",0.06,1.71,1074,29529,,,,,
86,18,O,O,O,O,organic,EB,SW," 165,904 "," 6,025 "," 171,929 ",1.54,47.69,2555,79112,48,3108,2602,82220,32
87,18,0-5cm,0-5cm,0-5cm,B,mineral,EB,SW," 143,409 ",," 143,409 ",0.54,13.67,774,19604,,,,,
88,18,5-25cm,5-25cm,5-25cm,B,mineral,EB,SW," 427,508 ",," 427,508 ",0.43,11.03,1825,47151,,,,,
89,18,25-50cm,lower mineral,25-C,B,mineral,EB,SW," 22,554 ",," 22,554 ",0.49,12.50,109,2818,,,,,
91,19,O,O,O,O,organic,EB,SW," 165,239 "," 1,462 "," 166,701 ",1.48,43.94,2445,72606,8,778,2453,73384,30
92,19,0-5cm,0-5cm,0-5cm,B,mineral,EB,SW," 94,446 ",," 94,446 ",0.30,6.83,279,6449,,,,,
93,19,5-25cm,5-25cm,5-25cm,B,mineral,EB,SW," 472,142 ",," 472,142 ",0.30,7.40,1418,34916,,,,,
94,19,25-C,lower mineral,25-C,B,mineral,EB,SW," 423,595 ",," 423,595 ",0.28,6.76,1188,28645,,,,,
95,19,C,lower mineral,C,C,mineral,EB,SW," 5,269,918 ",," 5,269,918 ",0.16,3.73,8467,196545,,,,,
96,20,O,O,O,O,organic,EB,SW," 160,367 "," 17,005 "," 177,371 ",1.24,38.29,1985,61405,89,8771,2074,70175,34
97,20,0-5cm,0-5cm,0-5cm,B,mineral,EB,SW," 135,943 ",," 135,943 ",0.33,7.54,447,10257,,,,,
101,21,O,O,O,O,organic,WB,HW," 80,428 "," 5,658 "," 86,087 ",1.36,30.12,1094,24226,74,2737,1168,26963,23
102,21,0-5cm,0-5cm,0-5cm,B,mineral,WB,HW," 213,388 ",," 213,388 ",0.47,8.49,1003,18121,,,,,
103,21,5-25cm,5-25cm,5-25cm,B,mineral,WB,HW," 753,678 ",," 753,678 ",0.36,7.11,2733,53588,,,,,
104,21,25-C,lower mineral,25-C,B,mineral,WB,HW," 358,962 ",," 358,962 ",0.13,2.59,462,9310,,,,,
105,21,C,lower mineral,C,C,mineral,WB,HW," 3,474,892 ",," 3,474,892 ",0.07,1.35,2309,46747,,,,,
106,22,O,O,O,O,organic,WB,HW," 148,160 "," 10,418 "," 158,577 ",1.61,40.31,2380,59717,135,5039,2515,64756,26
107,22,0-5cm,0-5cm,0-5cm,B,mineral,WB,HW," 146,091 ",," 146,091 ",0.36,8.00,532,11687,,,,,
108,22,5-25cm,5-25cm,5-25cm,B,mineral,WB,HW," 953,649 ",," 953,649 ",0.32,6.64,3026,63288,,,,,
109,22,25-C,lower mineral,25-C,B,mineral,WB,HW," 511,580 ",," 511,580 ",0.24,4.67,1203,23912,,,,,
110,22,C,lower mineral,C,C,mineral,WB,HW," 2,806,740 ",," 2,806,740 ",0.17,3.39,4815,95149,,,,,
111,23,O,O,O,O,organic,WB,HW," 44,641 "," 1,960 "," 46,601 ",1.37,28.85,612,12877,25,948,637,13825,22
112,23,0-5cm,0-5cm,0-5cm,B,mineral,WB,HW," 274,930 ",," 274,930 ",0.37,7.22,1025,19861,,,,,
113,23,5-25cm,5-25cm,5-25cm,B,mineral,WB,HW," 755,473 ",," 755,473 ",0.21,4.03,1608,30441,,,,,
114,23,25-50cm,lower mineral,25-C,B,mineral,WB,HW," 1,537,289 ",," 1,537,289 ",0.14,2.37,2091,36417,,,,,
114A,23,50-C,lower mineral,25-C,B,mineral,WB,HW," 407,748 ",," 407,748 ",0.12,2.06,489,8382,,,,,
115,23,C,lower mineral,C,C,mineral,WB,HW," 1,929,749 ",," 1,929,749 ",0.08,1.25,1509,24161,,,,,
116,24,O,O,O,O,organic,WB,HW," 239,376 "," 7,889 "," 247,266 ",1.29,30.08,3086,72003,125,3860,3211,75863,24
117,24,0-5cm,0-5cm,0-5cm,B,mineral,WB,HW," 129,781 ",," 129,781 ",0.40,8.28,521,10743,,,,,
118,24,5-25cm,5-25cm,5-25cm,B,mineral,WB,HW," 162,243 ",," 162,243 ",0.39,8.08,640,13103,,,,,
121,25,O,O,O,O,organic,WB,HW," 83,126 "," 81,499 "," 164,625 ",1.43,31.31,1188,26025,1115,39240,2303,65265,28
122,25,0-5cm,0-5cm,0-5cm,B,mineral,WB,HW," 151,053 ",," 151,053 ",0.51,8.93,777,13490,,,,,
123,25,5-25cm,5-25cm,5-25cm,B,mineral,WB,HW," 839,291 ",," 839,291 ",0.43,8.33,3605,69916,,,,,
124,25,25-C,lower mineral,25-C,B,mineral,WB,HW," 179,319 ",," 179,319 ",0.22,4.19,387,7521,,,,,
125,25,C,lower mineral,C,C,mineral,WB,HW," 2,830,897 ",," 2,830,897 ",0.11,2.18,3157,61699,,,,,
126,26,O,O,O,O,organic,WB,SW," 176,853 "," 3,215 "," 180,068 ",1.50,38.35,2650,67820,30,1668,2680,69488,26
127,26,0-5cm,0-5cm,0-5cm,B,mineral,WB,SW," 251,159 ",," 251,159 ",0.43,9.45,1070,23725,,,,,
128,26,5-25cm,5-25cm,5-25cm,B,mineral,WB,SW," 982,310 ",," 982,310 ",0.43,9.30,4188,91343,,,,,
129,26,25-C,lower mineral,25-C,B,mineral,WB,SW," 415,576 ",," 415,576 ",0.33,7.34,1376,30486,,,,,
130,26,C,lower mineral,C,C,mineral,WB,SW," 2,927,718 ",," 2,927,718 ",0.18,4.22,5352,123657,,,,,
131,27,O,O,O,O,organic,WB,SW," 167,689 "," 3,394 "," 171,083 ",1.20,27.62,2011,46310,44,1642,2055,47951,23
132,27,0-5cm,0-5cm,0-5cm,B,mineral,WB,SW," 210,400 ",," 210,400 ",0.45,9.30,955,19563,,,,,
133,27,5-25cm,5-25cm,5-25cm,B,mineral,WB,SW," 631,905 ",," 631,905 ",0.33,6.68,2113,42198,,,,,
135,27,C,lower mineral,C,C,mineral,WB,SW," 1,999,439 ",," 1,999,439 ",0.23,4.56,4554,91265,,,,,
136,28,O,O,O,O,organic,WB,SW," 348,116 "," 6,426 "," 354,543 ",1.55,32.26,5401,112288,77,3099,5477,115387,21
137,28,0-5cm,0-5cm,0-5cm,B,mineral,WB,SW," 160,144 ",," 160,144 ",0.56,11.11,903,17797,,,,,
138,28,5-25cm,5-25cm,5-25cm,B,mineral,WB,SW," 197,202 ",," 197,202 ",0.39,7.72,779,15231,,,,,
140,28,C,lower mineral,C,C,mineral,WB,SW," 227,516 ",," 227,516 ",0.19,3.65,437,8312,,,,,
141,29,O,O,O,O,organic,WB,SW," 249,981 "," 12,142 "," 262,123 ",1.27,36.33,3177,90825,158,5873,3335,96698,29
142,29,0-5cm,0-5cm,0-5cm,B,mineral,WB,SW," 234,267 ",," 234,267 ",0.41,8.75,962,20502,,,,,
143,29,5-25cm,5-25cm,5-25cm,B,mineral,WB,SW," 797,921 ",," 797,921 ",0.30,6.67,2398,53244,,,,,
144,29,25-50cm,lower mineral,25-C,B,mineral,WB,SW," 631,669 ",," 631,669 ",0.28,6.23,1747,39373,,,,,
145,29,50-C,lower mineral,25-C,B,mineral,WB,SW," 176,005 ",," 176,005 ",0.24,5.39,415,9482,,,,,
145A,29,C,lower mineral,C,C,mineral,WB,SW," 1,869,381 ",," 1,869,381 ",0.15,3.73,2881,69722,,,,,
146,30,O,O,O,O,organic,WB,SW," 280,268 "," 22,818 "," 303,087 ",1.27,38.98,3553,109259,297,11037,3850,120296,31
147,30,0-5cm,0-5cm,0-5cm,B,mineral,WB,SW," 214,290 ",," 214,290 ",0.42,9.29,899,19911,,,,,
148,30,5-25cm,5-25cm,5-25cm,B,mineral,WB,SW," 951,477 ",," 951,477 ",0.41,9.11,3871,86670,,,,,
149,30,25-C,lower mineral,25-C,B,mineral,WB,SW," 1,124,805 ",," 1,124,805 ",0.27,5.92,3037,66622,,,,,
150,30,C,lower mineral,C,C,mineral,WB,SW," 3,677,941 ",," 3,677,941 ",0.08,1.65,2847,60594,,,,,
151,31,O,O,O,O,organic,WB,SW," 209,936 "," 8,407 "," 218,344 ",1.61,49.96,3381,104886,109,4067,3490,108953,31
152,31,0-5cm,0-5cm,0-5cm,B,mineral,WB,SW," 106,704 ",," 106,704 ",0.23,5.86,244,6250,,,,,
153,31,5-25cm,5-25cm,5-25cm,B,mineral,WB,SW," 665,329 ",," 665,329 ",0.26,6.58,1753,43798,,,,,
155,31,C,lower mineral,C,C,mineral,WB,SW," 618,211 ",," 618,211 ",0.14,2.74,863,16929,,,,,
156,32,O,O,O,O,organic,WB,SW," 184,200 "," 8,188 "," 192,388 ",1.33,45.18,2445,83213,106,3961,2552,87173,34
157,32,0-5cm,0-5cm,0-5cm,B,mineral,WB,SW," 155,954 ",," 155,954 ",0.30,9.46,472,14750,,,,,
158,32,5-25cm,5-25cm,5-25cm,B,mineral,WB,SW," 701,217 ",," 701,217 ",0.20,5.57,1378,39066,,,,,
159,32,25-C,lower mineral,25-C,B,mineral,WB,SW," 1,109,557 ",," 1,109,557 ",0.10,2.15,1091,23875,,,,,
160,32,C,lower mineral,C,C,mineral,WB,SW," 2,334,019 ",," 2,334,019 ",0.08,1.61,1897,37463,,,,,
161,33,O,O,O,O,organic,WB,SW," 214,319 "," 10,810 "," 225,128 ",1.61,48.56,3453,104072,99,5543,3022,75308,25
162,33,0-5cm,0-5cm,0-5cm,B,mineral,WB,SW," 728,922 ",," 728,922 ",0.40,9.57,2923,69765,,,,,
163,33,5-25cm,5-25cm,5-25cm,B,mineral,WB,SW," 509,243 ",," 509,243 ",0.44,10.04,2239,51121,,,,,
164,33,25-50cm,lower mineral,25-C,B,mineral,WB,SW," 600,122 ",," 600,122 ",0.41,8.92,2484,53518,,,,,
165,33,50-C,lower mineral,25-C,B,mineral,WB,SW," 60,012 ",," 60,012 ",0.28,5.70,169,3422,,,,,
165A,33,C,lower mineral,C,C,mineral,WB,SW," 613,539 ",," 613,539 ",0.19,3.62,1191,22240,,,,,
166,31A,O,O,O,O,organic,WB,SW," 344,040 "," 15,244 "," 359,284 ",1.56,35.53,5354,122243,129,8363,5482,130606,24
167,31A,0-5cm,0-5cm,0-5cm,B,mineral,WB,SW," 170,802 ",," 170,802 ",0.51,11.29,878,19279,,,,,
168,31A,5-25cm,5-25cm,5-25cm,B,mineral,WB,SW," 611,849 ",," 611,849 ",0.43,9.01,2622,55130,,,,,
170,31A,C,lower mineral,C,C,mineral,WB,SW," 1,112,303 ",," 1,112,303 ",0.17,3.61,1857,40134,,,,,
171,32A,O,O,O,O,organic,WB,SW," 198,968 "," 1,721 "," 200,689 ",1.64,39.98,3265,79552,17,918,3282,80470,25
172,32A,0-5cm,0-5cm,0-5cm,B,mineral,WB,SW," 193,553 ",," 193,553 ",0.54,11.27,1050,21816,,,,,
173,32A,5-25cm,5-25cm,5-25cm,B,mineral,WB,SW," 758,677 ",," 758,677 ",0.32,6.91,2449,52423,,,,,
175,32A,C,lower mineral,C,C,mineral,WB,SW," 1,141,227 ",," 1,141,227 ",0.23,4.83,2634,55124,,,,,
176,36,O,O,O,O,organic,WB,HW," 59,976 "," 4,067 "," 64,043 ",1.77,41.19,1059,24704,53,1967,1112,26671,24
177,36,0-5cm,0-5cm,0-5cm,B,mineral,WB,HW," 218,395 ",," 218,395 ",0.40,8.49,876,18543,,,,,
178,36,5-25cm,5-25cm,5-25cm,B,mineral,WB,HW," 797,221 ",," 797,221 ",0.28,6.25,2259,49861,,,,,
179,36,25-50cm,lower mineral,25-C,B,mineral,WB,HW," 957,609 ",," 957,609 ",0.26,5.54,2464,53085,,,,,
179A,36,50-C,lower mineral,25-C,B,mineral,WB,HW," 542,044 ",," 542,044 ",0.21,4.39,1143,23818,,,,,
180,36,C,lower mineral,C,C,mineral,WB,HW," 1,946,035 ",," 1,946,035 ",0.14,2.79,2698,54287,,,,,
181,37,O,O,O,O,organic,WB,HW," 100,158 "," 7,825 "," 107,983 ",1.32,31.59,1327,31642,110,3538,1437,35180,24
182,37,0-5cm,0-5cm,0-5cm,B,mineral,WB,HW," 145,831 ",," 145,831 ",0.33,6.40,475,9329,,,,,
183,37,5-25cm,5-25cm,5-25cm,B,mineral,WB,HW," 672,200 ",," 672,200 ",0.25,4.65,1705,31237,,,,,
184,37,25-50cm,lower mineral,25-C,B,mineral,WB,HW," 950,106 ",," 950,106 ",0.17,3.22,1594,30620,,,,,
184A,37,50-C,lower mineral,25-C,B,mineral,WB,HW," 108,600 ",," 108,600 ",0.14,2.54,151,2755,,,,,
186,38,O,O,O,O,organic,WB,HW," 156,559 "," 38,954 "," 195,513 ",1.81,48.57,2828,76044,506,18842,3334,94886,28
187,38,0-5cm,0-5cm,0-5cm,B,mineral,WB,HW," 146,022 ",," 146,022 ",0.36,8.05,522,11760,,,,,
188,38,5-25cm,5-25cm,5-25cm,B,mineral,WB,HW," 577,622 ",," 577,622 ",0.32,6.89,1820,39799,,,,,
189,38,25-C,lower mineral,25-C,B,mineral,WB,HW," 178,001 ",," 178,001 ",0.29,5.86,510,10427,,,,,
190,38,C,lower mineral,C,C,mineral,WB,HW," 932,469 ",," 932,469 ",0.22,4.38,2046,40836,,,,,
191,39,O,O,O,O,organic,WB,HW," 50,595 "," 4,817 "," 55,412 ",1.82,43.06,922,21788,63,2330,985,24118,24
192,39,0-5cm,0-5cm,0-5cm,B,mineral,WB,HW," 168,097 ",," 168,097 ",0.51,10.12,865,17013,,,,,
193,39,5-25cm,5-25cm,5-25cm,B,mineral,WB,HW," 938,743 ",," 938,743 ",0.29,5.91,2726,55441,,,,,
194,39,25-C,lower mineral,25-C,B,mineral,WB,HW," 1,055,962 ",," 1,055,962 ",0.15,2.84,1566,29963,,,,,
195,39,C,lower mineral,C,C,mineral,WB,HW," 2,487,876 ",," 2,487,876 ",0.11,2.00,2774,49880,,,,,
196,40,O,O,O,O,organic,WB,HW," 37,050 ", 863 ," 37,912 ",1.55,35.62,574,13196,14,413,587,13608,23
197,40,0-5cm,0-5cm,0-5cm,B,mineral,WB,HW," 211,741 ",," 211,741 ",0.40,8.29,838,17552,,,,,
198,40,5-25cm,5-25cm,5-25cm,B,mineral,WB,HW," 1,458,429 ",," 1,458,429 ",0.14,2.68,2076,39126,,,,,
199,40,25-C,lower mineral,25-C,B,mineral,WB,HW," 839,396 ",," 839,396 ",0.09,1.50,730,12573,,,,,
200,40,C,lower mineral,C,C,mineral,WB,HW," 3,662,536 ",," 3,662,536 ",0.07,1.14,2554,41897,,,,,
201,41,O,O,O,O,organic,,," 247,138 "," 6,084 "," 253,222 ",1.25,25.29,3078,62513,70,2934,3148,65447,21
202,41,0-5cm,0-5cm,0-5cm,B,mineral,,," 33,923 ",," 33,923 ",0.48,9.94,164,3371,,,,,
203,41,5-25cm,5-25cm,5-25cm,B,mineral,,," 480,253 ",," 480,253 ",0.33,6.68,1598,32072,,,,,
204,41,25-C,lower mineral,25-C,B,mineral,,," 684,014 ",," 684,014 ",0.24,4.62,1635,31612,,,,,
205,41,C,lower mineral,C,C,mineral,,," 2,612,826 ",," 2,612,826 ",0.08,1.30,2004,33842,,,,,
206,42,O,O,O,O,organic,,," 107,125 "," 4,694 "," 111,819 ",0.99,25.01,1059,26794,50,2308,1109,29102,26
207,42,0-5cm,0-5cm,0-5cm,B,mineral,,," 259,233 ",," 259,233 ",0.14,2.39,370,6186,,,,,
208,42,5-25cm,5-25cm,5-25cm,B,mineral,,," 761,171 ",," 761,171 ",0.15,2.51,1176,19137,,,,,
209,42,25-C,lower mineral,25-C,B,mineral,,," 1,150,535 ",," 1,150,535 ",0.12,1.91,1386,22025,,,,,
210,42,C,lower mineral,C,C,mineral,,," 5,048,266 ",," 5,048,266 ",0.06,0.96,3145,48316,,,,,
211,43,O,O,O,O,organic,,," 231,472 "," 2,021 "," 233,493 ",0.95,19.04,2203,44080,18,923,2221,45004,20
212,43,0-5cm,0-5cm,0-5cm,B,mineral,,," 318,360 ",," 318,360 ",0.22,3.85,701,12254,,,,,
213,43,5-25cm,5-25cm,5-25cm,B,mineral,,," 698,021 ",," 698,021 ",0.17,2.90,1221,20272,,,,,
214,43,25-C,lower mineral,25-C,B,mineral,,," 958,209 ",," 958,209 ",0.14,2.25,1365,21592,,,,,
215,43,C,lower mineral,C,C,mineral,,," 8,567,075 ",," 8,567,075 ",0.09,1.54,7459,131749,,,,,
216,44,O,O,O,O,organic,,," 92,490 "," 5,011 "," 97,501 ",1.34,40.04,1240,37029,47,2515,1286,39544,31
217,44,0-5cm,0-5cm,0-5cm,B,mineral,,," 222,121 ",," 222,121 ",0.37,9.07,827,20157,,,,,
218,44,5-25cm,5-25cm,5-25cm,B,mineral,,," 1,076,477 ",," 1,076,477 ",0.18,4.08,1943,43920,,,,,
219,44,25-50cm,lower mineral,25-C,B,mineral,,," 1,786,038 ",," 1,786,038 ",0.08,1.72,1411,30735,,,,,
219A,44,50-C,lower mineral,25-C,B,mineral,,," 366,777 ",," 366,777 ",0.04,0.80,145,2918,,,,,
220,44,C,lower mineral,C,C,mineral,,," 2,562,661 ",," 2,562,661 ",0.02,0.45,624,11413,,,,,
221,45,O,O,O,O,organic,,," 115,598 "," 2,988 "," 118,585 ",1.32,43.78,1522,50604,20,1551,1541,52154,34
222,45,0-5cm,0-5cm,0-5cm,B,mineral,,," 114,762 ",," 114,762 ",0.24,6.36,279,7296,,,,,
223,45,5-25cm,5-25cm,5-25cm,B,mineral,,," 698,051 ",," 698,051 ",0.13,2.91,897,20327,,,,,
224,45,25-C,lower mineral,25-C,B,mineral,,," 743,660 ",," 743,660 ",0.07,1.58,551,11745,,,,,
225,45,C,lower mineral,C,C,mineral,,," 2,762,575 ",," 2,762,575 ",0.04,0.76,1067,20901,,,,,
226,46,O,O,O,O,organic,,," 137,069 "," 2,825 "," 139,894 ",1.23,42.15,1680,57781,15,1454,1695,59235,35
227,46,0-5cm,0-5cm,0-5cm,B,mineral,,," 252,114 ",," 252,114 ",0.16,3.88,403,9792,,,,,
228,46,5-25cm,5-25cm,5-25cm,B,mineral,,," 741,873 ",," 741,873 ",0.10,2.04,737,15098,,,,,
229,46,25-C,lower mineral,25-C,B,mineral,,," 1,619,210 ",," 1,619,210 ",0.05,1.08,817,17554,,,,,
230,46,C,lower mineral,C,C,mineral,,," 3,569,534 ",," 3,569,534 ",0.03,0.59,1013,21133,,,,,
231,47,O,O,O,O,organic,,," 68,518 "," 3,882 "," 72,400 ",1.54,37.33,1055,25580,27,1972,1082,27552,25
232,47,0-5cm,0-5cm,0-5cm,B,mineral,,," 110,876 ",," 110,876 ",0.27,4.77,304,5292,,,,,
233,47,5-25cm,5-25cm,5-25cm,B,mineral,,," 986,635 ",," 986,635 ",0.12,1.71,1225,16838,,,,,
234,47,25-50cm,lower mineral,25-C,B,mineral,,," 2,137,913 ",," 2,137,913 ",0.07,1.11,1473,23753,,,,,
235,47,50-C,lower mineral,25-C,B,mineral,,," 135,111 ",," 135,111 ",0.04,0.74,59,1005,,,,,
235A,47,C,lower mineral,C,C,mineral,,," 1,882,515 ",," 1,882,515 ",0.03,0.59,638,11030,,,,,
236,48,O,O,O,O,organic,,," 153,983 "," 7,729 "," 161,712 ",1.09,33.81,1682,52069,46,3839,1728,55908,32
237,48,0-5cm,0-5cm,0-5cm,B,mineral,,," 317,756 ",," 317,756 ",0.05,0.94,158,2980,,,,,
238,48,5-25cm,5-25cm,5-25cm,B,mineral,,," 940,296 ",," 940,296 ",0.04,0.88,407,8301,,,,,
239,48,25-C,lower mineral,25-C,B,mineral,,," 377,274 ",," 377,274 ",0.03,0.66,123,2480,,,,,
240,48,C,lower mineral,C,C,mineral,,," 955,381 ",," 955,381 ",0.02,0.41,225,3910,,,,,
241,49,O,O,O,O,organic,,," 130,759 "," 2,458 "," 133,217 ",1.57,28.67,2059,37488,23,1210,2082,38699,19
242,49,0-5cm,0-5cm,0-5cm,B,mineral,,," 108,350 ",," 108,350 ",0.72,10.56,782,11442,,,,,
243,49,5-25cm,5-25cm,5-25cm,B,mineral,,," 274,403 ",," 274,403 ",0.62,9.06,1700,24870,,,,,
244,49,25-C,lower mineral,25-C,B,mineral,,," 536,316 ",," 536,316 ",0.32,4.47,1720,23981,,,,,
245,49,C,lower mineral,C,C,mineral,,," 1,598,674 ",," 1,598,674 ",0.04,0.46,645,7314,,,,,
246,50,O,O,O,O,organic,,," 191,574 "," 5,931 "," 197,505 ",1.37,29.14,2619,55825,38,2886,2657,58711,22
247,50,0-5cm,0-5cm,0-5cm,B,mineral,,," 87,458 ",," 87,458 ",0.57,10.19,495,8911,,,,,
248,50,5-25cm,5-25cm,5-25cm,B,mineral,,," 772,403 ",," 772,403 ",0.26,5.56,1994,42981,,,,,
249,50,25-C,lower mineral,25-C,B,mineral,,," 359,157 ",," 359,157 ",0.13,2.36,465,8478,,,,,
250,50,C,lower mineral,C,C,mineral,,," 1,105,644 ",," 1,105,644 ",0.07,1.24,756,13750,,,,,
251,51,O,O,O,O,organic,,," 137,614 "," 3,307 "," 140,921 ",1.26,33.16,1731,45634,24,1666,1755,47300,27
252,51,0-5cm,0-5cm,0-5cm,B,mineral,,," 81,193 ",," 81,193 ",0.20,4.43,164,3600,,,,,
253,51,5-25cm,5-25cm,5-25cm,B,mineral,,," 1,583,225 ",," 1,583,225 ",0.08,1.26,1221,19920,,,,,
254,51,25-C,lower mineral,25-C,B,mineral,,," 1,499,618 ",," 1,499,618 ",0.04,0.58,573,8735,,,,,
255,51,C,lower mineral,C,C,mineral,,," 5,300,923 ",," 5,300,923 ",0.01,0.13,740,6920,,,,,
256,52,O,O,O,O,organic,,," 140,395 ", 746 ," 141,141 ",0.83,16.83,1168,23635,7,342,1175,23977,20
257,52,0-5cm,0-5cm,0-5cm,B,mineral,,," 418,413 ",," 418,413 ",0.09,1.42,358,5961,,,,,
258,52,5-25cm,5-25cm,5-25cm,B,mineral,,," 961,072 ",," 961,072 ",0.10,2.10,974,20192,,,,,
259,52,25-50cm,lower mineral,25-C,B,mineral,,," 424,567 ",," 424,567 ",0.19,2.74,800,11613,,,,,
259A,52,O,O,O,O,organic,,," 390,906 "," 19,768 "," 410,674 ",0.88,17.58,3423,68733,108,9080,3532,77813,22
260,52,50-C,lower mineral,25-C,B,mineral,,," 904,514 ",," 904,514 ",0.05,0.63,465,5689,,,,,
260A,52,C,lower mineral,C,C,mineral,,," 3,677,014 ",," 3,677,014 ",0.02,0.11,560,4206,,,,,