skip,sample_ID,watershed,plot,Species,material,year,amount_mg,d13C,C_amount_ug,d13C Comment,d15N,N_amount_ug,d15N Comment,Tray Name,Well Id,Analysis,Enriched?,Estimated Enrichment,OurLabID,Analysis Number,tree,Sample #,[N] mg/g,C/N,source_file,tab_name,13C (at-%),15N (at-%),veg cdwsspyr,veg plot/tree,vial label,VEG,kpcheck
,5001,West Bear,D20,red spruce,Foliage,2012,3.99,-28.1,1995,,2.1,52.8,,Spencer BBWM Foliage ,A1,,,,,,20,5001,13.2,37.8,SPENCER BBWMFOLIAGE&ROOTS2 0313,A. Foliage4,1.08034,0.36706,,,,,done
,5002,West Bear,D20,yellow birch,Tree Foliage,,4.27,-30.91,1973.45,,1.72,102.63,,BBWM Foliage2,A1,"13C, 15N",yes,,634778,100460,17,5002,,,SPENCER BBWMFOLIAGE2 1213,,,,,,,,
,5003,West Bear,E20,american beech,Foliage,2012,4.08,-30.1,2000.8,,8.4,94.6,,Spencer BBWM Foliage ,A2,,,,,,7,5003,23.2,21.2,SPENCER BBWMFOLIAGE&ROOTS2 0313,,1.07811,0.36936,,,,,
,5004,West Bear,E20,yellow birch,Tree Foliage,,4.07,-31.37,1914.18,,3.05,92.92,,BBWM Foliage2,A2,"13C, 15N",yes,,634779,100461,1,5004,,,SPENCER BBWMFOLIAGE2 1213,,,,,,,,
,5005,West Bear,E20,yellow birch,Tree Foliage,,4.09,-29.57,1933.91,,10,103.51,,BBWM Foliage2,A3,"13C, 15N",yes,,634780,100462,11,5005,,,SPENCER BBWMFOLIAGE2 1213,,,,,,,,
,5006,West Bear,F23,red spruce,Foliage,2012,4.04,-29.5,2139.3,,5.8,53.5,,Spencer BBWM Foliage ,A3,,,,,,14,5006,13.2,40,SPENCER BBWMFOLIAGE&ROOTS2 0313,,1.0788,0.36841,,,,,
,5007,West Bear,F23,red maple,Foliage,2012,3.95,-29.9,1991.1,,1.4,81.2,,Spencer BBWM Foliage ,A4,,,,,,8,5007,20.6,24.5,SPENCER BBWMFOLIAGE&ROOTS2 0313,,1.07837,0.36682,,,,,
,5008,West Bear,F24,red spruce,Foliage,2012,3.99,-27.6,2037.2,,2.1,44.2,,Spencer BBWM Foliage ,A5,,,,,,7,5008,11.1,46.1,SPENCER BBWMFOLIAGE&ROOTS2 0313,,1.08087,0.36708,,,,,
,5009,West Bear,F24,yellow birch,Tree Foliage,,4.22,-27.24,2112.53,,1.4,96.45,,BBWM Foliage2,A4,"13C, 15N",yes,,634781,100463,11,5009,,,SPENCER BBWMFOLIAGE2 1213,,,,,,,,
,5010,West Bear,F24,yellow birch,Tree Foliage,,4.16,-31.27,1953.67,,1.86,108.8,,BBWM Foliage2,A5,"13C, 15N",yes,,634782,100464,6,5010,,,SPENCER BBWMFOLIAGE2 1213,,,,,,,,
,5011,West Bear,H13,red spruce,Tree Foliage,2012,4.09,-29.29,1933.91,,5.77,52.15,,BBWM Foliage2,A6,"13C, 15N",yes,,634783,100465,22,5011,,,SPENCER BBWMFOLIAGE2 1213,,,,,,,,
,5013,West Bear,I15,sugar maple,Foliage,2012,3.9,-30.8,1968.3,,3.9,84.5,,Spencer BBWM Foliage ,A6,,,,,,3,5013,21.7,23.3,SPENCER BBWMFOLIAGE&ROOTS2 0313,,1.07743,0.36771,,,,,
,5014,West Bear,K15,american beech,Tree Foliage,,4.06,-29.02,1872.8,,6.53,95.57,,BBWM Foliage2,A7,"13C, 15N",yes,,634784,100466,3,5014,,,SPENCER BBWMFOLIAGE2 1213,,,,,,,,
,5015,West Bear,K15,american beech,Foliage,2012,4.09,-30.1,2161.5,,3.2,126.9,,Spencer BBWM Foliage ,A7,,,,,,1,5015,31,17,SPENCER BBWMFOLIAGE&ROOTS2 0313,,1.07817,0.36747,,,,,
,5017,West Bear,N10,sugar maple,Foliage,2012,3.97,-29.7,2053.9,,2.7,92.4,,Spencer BBWM Foliage ,A8,,,,,,5,5017,23.3,22.2,SPENCER BBWMFOLIAGE&ROOTS2 0313,,1.07864,0.36729,,,,,
,5018,West Bear,N11,red maple,Foliage,2012,4.11,-30.1,2336.5,Contains more carbon than the largest standard,2.7,93.2,,Spencer BBWM Foliage ,A9,,,,,,10,5018,22.7,25.1,SPENCER BBWMFOLIAGE&ROOTS2 0313,,1.07818,0.3673,,,,,
,5020,West Bear,P11,red maple,Foliage,2012,4.02,-30,2001.5,,1.9,96.5,,Spencer BBWM Foliage ,A10,,,,,,2,5020,24,20.7,SPENCER BBWMFOLIAGE&ROOTS2 0313,,1.07831,0.36698,,,,,
,5022,West Bear,Q10,american beech,Foliage,2012,3.97,-30.4,1880.6,,0.4,93.9,,Spencer BBWM Foliage ,A11,,,,,,13,5022,23.7,20,SPENCER BBWMFOLIAGE&ROOTS2 0313,,1.0778,0.36646,,,,,
,5024,West Bear,Q9,sugar maple,Foliage,2012,4.04,-30.5,1969.6,,1.1,78.4,,Spencer BBWM Foliage ,A12,,,,,,2,5024,19.4,25.1,SPENCER BBWMFOLIAGE&ROOTS2 0313,,1.07767,0.36672,,,,,
,5025,West Bear,Q9,red maple,Tree Foliage,,4.21,-29.69,2013.08,,-0.35,101.75,,BBWM Foliage2,A9,"13C, 15N",yes,,634786,100468,1,5025,,,SPENCER BBWMFOLIAGE2 1213,,,,,,,,
,5026,East Bear,K23,red spruce,Tree Foliage,2012,4.09,-27.56,2032.93,,1.83,40.98,,BBWM Foliage2,A10,"13C, 15N",yes,,634787,100469,12,5026,,,SPENCER BBWMFOLIAGE2 1213,,,,,,,,
,5027,East Bear,M16,sugar maple,Foliage,2012,3.95,-31.2,1887.4,,-1.3,79.6,,Spencer BBWM Foliage ,B1,,,,,,5,5027,20.2,23.7,SPENCER BBWMFOLIAGE&ROOTS2 0313,,1.07692,0.36584,,,,,
,5028,East Bear,M16,red maple,Foliage,2012,4.08,-31.3,2111.9,,-1.1,81.1,,Spencer BBWM Foliage ,B2,,,,,,1,5028,19.9,26,SPENCER BBWMFOLIAGE&ROOTS2 0313,,1.07677,0.36591,,,,,
,5029,East Bear,N21,red spruce,Tree Foliage,2012,3.85,-27.58,1845.26,,-0.85,44.47,,BBWM Foliage2,A11,"13C, 15N",yes,,634788,100470,8,5029,,,SPENCER BBWMFOLIAGE2 1213,,,,,,,,
,5030,East Bear,N21,american beech,Tree Foliage,,4.14,-31.57,1831.51,,-0.11,93.8,,BBWM Foliage2,A12,"13C, 15N",yes,,634789,100471,11,5030,,,SPENCER BBWMFOLIAGE2 1213,,,,,,,,
,5031,East Bear,N21,yellow birch,Tree Foliage,,4.15,-30.01,1953.67,,-0.33,97.34,,BBWM Foliage2,B1,"13C, 15N",yes,,634790,100475,19,5031,,,SPENCER BBWMFOLIAGE2 1213,,,,,,,,
,5032,East Bear,N21,yellow birch,Tree Foliage,,4.1,-30.53,1794.24,,0.17,92.04,,BBWM Foliage2,B2,"13C, 15N",yes,,634791,100476,12,5032,,,SPENCER BBWMFOLIAGE2 1213,,,,,,,,
,5033,East Bear,O14,red maple,Tree Foliage,,4.12,-28.14,1973.45,,-2.88,76.54,,BBWM Foliage2,B3,"13C, 15N",yes,,634792,100477,2,5033,,,SPENCER BBWMFOLIAGE2 1213,,,,,,,,
,5034,East Bear,O20,red maple,Foliage,2012,4.18,-29.8,2004.3,,-1.2,89.6,,Spencer BBWM Foliage ,B3,,,,,,3,5034,21.4,22.4,SPENCER BBWMFOLIAGE&ROOTS2 0313,,1.07845,0.36586,,,,,
,5035,East Bear,P19,sugar maple,Tree Foliage,,4.24,-28.39,1973.45,,-2.51,92.04,,BBWM Foliage2,B4,"13C, 15N",yes,,634793,100478,4,5035,,,SPENCER BBWMFOLIAGE2 1213,,,,,,,,
,5036,East Bear,P21,american beech,Foliage,2012,4,-30.7,2006.8,,0.1,109.5,,Spencer BBWM Foliage ,B4,,,,,,1,5036,27.4,18.3,SPENCER BBWMFOLIAGE&ROOTS2 0313,,1.07744,0.36634,,,,,
,5037,East Bear,P21,american beech,Tree Foliage,,4.06,-29.78,1894.46,,1.77,87.61,,BBWM Foliage2,B5,"13C, 15N",yes,,634794,100479,2,5037,,,SPENCER BBWMFOLIAGE2 1213,,,,,,,,
,5038,East Bear,P22,yellow birch,Tree Foliage,,4.17,-31.07,1853.13,,1.6,80.26,,BBWM Foliage2,B6,"13C, 15N",yes,,634795,100480,17,5038,,,SPENCER BBWMFOLIAGE2 1213,,,,,,,,
,5039,East Bear,P24,red spruce,Foliage,2012,3.9,-28.7,2025.7,,1.4,60.7,,Spencer BBWM Foliage ,B5,,,,,,10,5039,15.6,33.4,SPENCER BBWMFOLIAGE&ROOTS2 0313,,1.07968,0.3668,,,,,
,5040,East Bear,P24,american beech,Foliage,2012,4.1,-30.1,2116.7,,2.7,111.7,,Spencer BBWM Foliage ,B6,,,,,,1,5040,27.2,18.9,SPENCER BBWMFOLIAGE&ROOTS2 0313,,1.07814,0.36728,,,,,
,5041,East Bear,P24,american beech,Foliage,2012,3.86,-29.2,2079,,2.2,96.8,,Spencer BBWM Foliage ,B7,,,,,,2,5041,25.1,21.5,SPENCER BBWMFOLIAGE&ROOTS2 0313,,1.07917,0.3671,,,,,
,5042,East Bear,Q18,red maple,Foliage,2012,4.04,-30.1,1984.8,,-1.9,75.7,,Spencer BBWM Foliage ,B8,,,,,,3,5042,18.7,26.2,SPENCER BBWMFOLIAGE&ROOTS2 0313,,1.0782,0.36562,,,,,
,5043,East Bear,Q18,yellow birch,Tree Foliage,,4.28,-30.75,2092.6,,-0.26,93.8,,BBWM Foliage2,B7,"13C, 15N",yes,,634796,100481,5,5043,,,SPENCER BBWMFOLIAGE2 1213,,,,,,,,
,5044,East Bear,Q18,yellow birch,Tree Foliage,,4.24,-30.4,1853.13,,-0.62,100.87,,BBWM Foliage2,B8,"13C, 15N",yes,,634797,100482,1,5044,,,SPENCER BBWMFOLIAGE2 1213,,,,,,,,
,5055,East Bear,Q19,sugar maple,Tree Foliage,,4.17,-30.82,2013.08,,-1.58,75.47,,BBWM Foliage2,B9,"13C, 15N",yes,,634798,100483,6,5055,,,SPENCER BBWMFOLIAGE2 1213,,,,,,,,
,5056,East Bear,Q19,red maple,Tree Foliage,,4.23,-29.72,2072.69,,-2.35,70.41,,BBWM Foliage2,B10,"13C, 15N",yes,,634799,100484,7,5056,,,SPENCER BBWMFOLIAGE2 1213,,,,,,,,
,5057,East Bear,R15,sugar maple,Tree Foliage,,4.17,-29.99,1993.26,,-2.52,62.76,,BBWM Foliage2,B11,"13C, 15N",yes,,634800,100485,13,5057,,,SPENCER BBWMFOLIAGE2 1213,,,,,,,,
,5058,East Bear,R20,red spruce,Foliage,2012,4.06,-27.2,2143.7,,1.4,40.7,,Spencer BBWM Foliage ,B10,,,,,,31,5058,10,52.7,SPENCER BBWMFOLIAGE&ROOTS2 0313,,1.08137,0.36683,,,,,
,5059,East Bear,S12,sugar maple,Foliage,2012,3.94,-28.2,1836.1,,-3.4,70.1,,Spencer BBWM Foliage ,B11,,,,,,12,5059,17.8,26.2,SPENCER BBWMFOLIAGE&ROOTS2 0313,,1.0802,0.36507,,,,,
,5060,East Bear,S22,red spruce,Foliage,2012,4.05,-28.5,2154.4,,-0.3,47.1,,Spencer BBWM Foliage ,B12,,,,,,11,5060,11.6,45.8,SPENCER BBWMFOLIAGE&ROOTS2 0313,,1.07987,0.36621,,,,,
,5061,West Bear,D20,red spruce,Tree Foliage,2011,4,-28.26,2052.8,,0.4,48.58,,BBWM Foliage2,B12,"13C, 15N",yes,,634801,100486,20,5061,,,SPENCER BBWMFOLIAGE2 1213,,,,,,,,
,5062,West Bear,F23,red spruce,Tree Foliage,2011,3.85,-30.33,1876.73,,5.79,45.37,,BBWM Foliage2,C1,"13C, 15N",yes,,634802,100493,14,5062,,,SPENCER BBWMFOLIAGE2 1213,,,,,,,,
,5063,West Bear,F24,red spruce,Tree Foliage,2011,3.92,-28.04,1933.91,,0.83,37.67,,BBWM Foliage2,C2,"13C, 15N",yes,,634803,100494,7,5063,,,SPENCER BBWMFOLIAGE2 1213,,,,,,,,
,5064,West Bear,H13,red spruce,Tree Foliage,2011,3.96,-30.44,2092.6,,4.11,49.21,,BBWM Foliage2,C3,"13C, 15N",yes,,634804,100495,22,5064,,,SPENCER BBWMFOLIAGE2 1213,,,,,,,,
,5065,West Bear,Q10,red spruce,Tree Foliage,2011,4.01,-27.65,2013.08,,-1.23,40.09,,BBWM Foliage2,C4,"13C, 15N",yes,,634805,100496,2,5065,,,SPENCER BBWMFOLIAGE2 1213,,,,,,,,
,5066,East Bear,K23,red spruce,Tree Foliage,2011,3.89,-28.31,2013.08,,1.17,37.4,,BBWM Foliage2,C5,"13C, 15N",yes,,634806,100497,12,5066,,,SPENCER BBWMFOLIAGE2 1213,,,,,,,,
,5067,East Bear,N21,red spruce,Tree Foliage,2011,3.95,-29.21,2032.93,,-1.76,40.98,,BBWM Foliage2,C6,"13C, 15N",yes,,634807,100498,8,5067,,,SPENCER BBWMFOLIAGE2 1213,,,,,,,,
,5068,East Bear,P24,red spruce,Tree Foliage,2011,4.02,-29.94,2013.08,,0.04,48.31,,BBWM Foliage2,C7,"13C, 15N",yes,,634808,100499,10,5068,,,SPENCER BBWMFOLIAGE2 1213,,,,,,,,
,5069,East Bear,S22,red spruce,Tree Foliage,2011,3.95,-29.45,2013.08,,-0.87,40.9,,BBWM Foliage2,C8,"13C, 15N",yes,,634809,100500,11,5069,,,SPENCER BBWMFOLIAGE2 1213,,,,,,,,
,5100,West Bear,D20,red spruce,Tree Foliage,2013,4.29,-26.60938537,2193.422906,,1.485515535,45.62522313,,BBWM Foliage3,A1,"13C, 15N",yes,,680835,5084,20,5100,10.6,48.07478749,SPENCER BBWM-FOLIAGE3 0314,,,,,,,,done
,5101,West Bear,D20,yellow birch,Tree Foliage,2013,4.18,-30.02197325,2010.87211,,4.542047021,102.5527543,,BBWM Foliage3,A2,"13C, 15N",yes,,680836,5085,17,5101,24.5,19.60817262,SPENCER BBWM-FOLIAGE3 0314,,,,,,,,
,5102,West Bear,E20,american beech,Tree Foliage,2013,4.21,-30.39070407,2006.930101,,6.907207338,93.51123326,,BBWM Foliage3,A3,"13C, 15N",yes,,680837,5086,7,5102,22.2,21.46191459,SPENCER BBWM-FOLIAGE3 0314,,,,,,,,
skip,5103,West Bear,E20,yellow birch,Tree Foliage,2013,4.34,-28.21530809,2115.087026,,10.21689273,82.25069164,,BBWM Foliage3,F6,"13C, 15N",yes,,680900,5163,1,5103,19,25.71512754,SPENCER BBWM-FOLIAGE3 0314,,,,,,,,
,5104,West Bear,E20,yellow birch,Tree Foliage,2013,3.97,-30.45620325,1929.924722,,14.97376953,106.6429446,,BBWM Foliage3,A4,"13C, 15N",yes,,680838,5087,11,5104,26.9,18.09706895,SPENCER BBWM-FOLIAGE3 0314,,,,,,,,
,5105,West Bear,F23,red spruce,Tree Foliage,2013,3.9,-29.33257029,1896.277179,,6.46303536,44.85766861,,BBWM Foliage3,A5,"13C, 15N",yes,,680839,5088,14,5105,11.5,42.27319961,SPENCER BBWM-FOLIAGE3 0314,,,,,,,,
,5106,West Bear,F23,red maple,Tree Foliage,2013,4.3,-28.64183041,2115.087026,,2.516001938,89.38185896,,BBWM Foliage3,A6,"13C, 15N",yes,,680840,5089,8,5106,20.8,23.66349336,SPENCER BBWM-FOLIAGE3 0314,,,,,,,,
,5107,West Bear,F24,red spruce,Tree Foliage,2013,4.42,-27.1525439,2212.964283,,11.82958257,41.09946878,,BBWM Foliage3,A7,"13C, 15N",yes,,680841,5090,7,5107,9.3,53.84410916,SPENCER BBWM-FOLIAGE3 0314,,,,,,,,
,5108,West Bear,F24,yellow birch,Tree Foliage,2013,3.98,-29.40765008,1882.407997,,9.750099071,105.8258862,,BBWM Foliage3,A8,"13C, 15N",yes,,680842,5091,11,5108,26.6,17.78778393,SPENCER BBWM-FOLIAGE3 0314,,,,,,,,
,5109,West Bear,F24,yellow birch,Tree Foliage,2013,4.2,-28.60076316,2056.156228,,7.944046861,126.9102211,,BBWM Foliage3,A9,"13C, 15N",yes,,680843,5092,6,5109,30.2,16.20165981,SPENCER BBWM-FOLIAGE3 0314,,,,,,,,
,5110,West Bear,H13,red spruce,Tree Foliage,2013,3.9,-29.7662102,1963.523029,,7.692156634,53.61819244,,BBWM Foliage3,A10,"13C, 15N",yes,,680844,5093,22,5110,13.7,36.62046293,SPENCER BBWM-FOLIAGE3 0314,,,,,,,,
,5111,West Bear,H13,red maple,Tree Foliage,2013,4.03,-28.82450606,2016.783845,,5.858101687,78.50483003,,BBWM Foliage3,A11,"13C, 15N",yes,,680845,5094,6,5111,19.5,25.68993328,SPENCER BBWM-FOLIAGE3 0314,,,,,,,,
,5112,West Bear,I15,sugar maple,Tree Foliage,2013,3.95,-30.37164819,1874.479002,,9.702979223,80.67031543,,BBWM Foliage3,A12,"13C, 15N",yes,,680846,5095,3,5112,20.4,23.23629196,SPENCER BBWM-FOLIAGE3 0314,,,,,,,,
,5113,West Bear,K15,american beech,Tree Foliage,2013,4.31,-30.4588288,1973.395513,,20.35386373,105.8258862,,BBWM Foliage3,B1,"13C, 15N",yes,,680847,5099,3,5113,24.6,18.64756899,SPENCER BBWM-FOLIAGE3 0314,,,,,,,,
,5114,West Bear,K15,american beech,Tree Foliage,2013,3.99,-29.6449318,1884.38982,,11.6502754,110.7208899,,BBWM Foliage3,B2,"13C, 15N",yes,,680848,5100,1,5114,27.7,17.01927993,SPENCER BBWM-FOLIAGE3 0314,,,,,,,,
,5115,West Bear,L13,sugar maple,Tree Foliage,2013,4.3,-31.16799808,2115.087026,,3.577565736,100.0927626,,BBWM Foliage3,B3,"13C, 15N",yes,,680849,5101,6,5115,23.3,21.13126836,SPENCER BBWM-FOLIAGE3 0314,,,,,,,,
,5116,West Bear,N10,sugar maple,Tree Foliage,2013,3.98,-29.51651487,1902.218558,,1.799840119,80.42062071,,BBWM Foliage3,B4,"13C, 15N",yes,,680850,5102,5,5116,20.2,23.65336827,SPENCER BBWM-FOLIAGE3 0314,,,,,,,,
,5117,West Bear,N11,red maple,Tree Foliage,2013,4.33,-28.30760266,2154.28904,,8.190991113,84.57644422,,BBWM Foliage3,B5,"13C, 15N",yes,,680851,5103,10,5117,19.5,25.47150167,SPENCER BBWM-FOLIAGE3 0314,,,,,,,,
,5118,West Bear,N12,sugar maple,Tree Foliage,2013,4.03,-29.34953882,1943.765282,,5.532917603,92.686338,,BBWM Foliage3,B6,"13C, 15N",yes,,680852,5104,6,5118,23,20.97143251,SPENCER BBWM-FOLIAGE3 0314,,,,,,,,
,5119,West Bear,P11,red maple,Tree Foliage,2013,3.98,-27.79919851,1933.88002,,2.839194076,88.5545147,,BBWM Foliage3,B7,"13C, 15N",yes,,680853,5105,2,5119,22.2,21.83829956,SPENCER BBWM-FOLIAGE3 0314,,,,,,,,
,5120,West Bear,Q10,red spruce,Tree Foliage,2013,4.11,-28.81474926,2115.087026,,4.407384571,58.44391444,,BBWM Foliage3,F7,"13C, 15N",yes,,680901,5164,2,5120,14.2,36.19003016,SPENCER BBWM-FOLIAGE3 0314,,,,,,,,
,5121,West Bear,Q10,american beech,Tree Foliage,2013,4.39,-29.71613421,2134.696551,,1.826138737,104.1902999,,BBWM Foliage3,B8,"13C, 15N",yes,,680854,5106,13,5121,23.7,20.48843851,SPENCER BBWM-FOLIAGE3 0314,,,,,,,,
,5122,West Bear,Q10,american beech,Tree Foliage,2013,4.31,-29.97268951,2030.571931,,3.906110717,95.15955439,,BBWM Foliage3,B9,"13C, 15N",yes,,680855,5107,5,5122,22.1,21.33860277,SPENCER BBWM-FOLIAGE3 0314,,,,,,,,
,5123,West Bear,Q9,sugar maple,Tree Foliage,2013,4.14,-30.46799278,1977.343314,,2.058365479,92.686338,,BBWM Foliage3,B10,"13C, 15N",yes,,680856,5108,2,5123,22.4,21.33370847,SPENCER BBWM-FOLIAGE3 0314,,,,,,,,
,5124,West Bear,Q9,red maple,Tree Foliage,2013,4.07,-29.82386398,1922.012083,,1.586064501,75.50099945,,BBWM Foliage3,F8,"13C, 15N",yes,,680902,5165,1,5124,18.6,25.45677669,SPENCER BBWM-FOLIAGE3 0314,,,,,,,,
,5125,East Bear,K23,red spruce,Tree Foliage,2013,4.3,-28.45541518,2154.28904,,8.739811886,48.26598527,,BBWM Foliage3,B11,"13C, 15N",yes,,680857,5109,12,5125,11.2,44.63369033,SPENCER BBWM-FOLIAGE3 0314,,,,,,,,
,5126,East Bear,M16,sugar maple,Tree Foliage,2013,3.9,-29.74908375,1916.075814,,1.454794908,80.25413308,,BBWM Foliage3,B12,"13C, 15N",yes,,680858,5110,5,5126,20.6,23.87510451,SPENCER BBWM-FOLIAGE3 0314,,,,,,,,
,5127,East Bear,M16,red maple,Tree Foliage,2013,4.22,-29.91143174,2095.460464,,1.785303387,84.24442896,,BBWM Foliage3,C1,"13C, 15N",yes,,680859,5114,1,5127,20,24.87357906,SPENCER BBWM-FOLIAGE3 0314,,,,,,,,
,5128,East Bear,N21,red spruce,Tree Foliage,2013,3.9,-28.59350403,1779.118443,,9.639973705,27.09441496,,BBWM Foliage3,C2,"13C, 15N",yes,,680860,5115,8,5128,6.9,65.66365968,SPENCER BBWM-FOLIAGE3 0314,,,,,,,,
,5129,East Bear,N21,american beech,Tree Foliage,2013,4.39,-30.20967786,2232.488624,,4.028372129,119.6492672,,BBWM Foliage3,C5,"13C, 15N",yes,,680863,5118,11,5129,27.3,18.65860675,SPENCER BBWM-FOLIAGE3 0314,,,,,,,,
,5130,East Bear,N21,yellow birch,Tree Foliage,2013,4.33,-29.59482599,2075.816865,,12.52757628,95.15955439,,BBWM Foliage3,C6,"13C, 15N",yes,,680864,5119,9,5130,22,21.81406668,SPENCER BBWM-FOLIAGE3 0314,,,,,,,,
,5131,East Bear,N21,yellow birch,Tree Foliage,2013,4.34,-30.98548685,2115.087026,,6.838541912,114.7865902,,BBWM Foliage3,C7,"13C, 15N",yes,,680865,5120,12,5131,26.4,18.42625538,SPENCER BBWM-FOLIAGE3 0314,,,,,,,,
,5132,East Bear,O14,red maple,Tree Foliage,2013,4.4,-27.00252861,2446.131933,,1.665466282,86.06954311,,BBWM Foliage3,C8,"13C, 15N",yes,,680866,5121,2,5132,19.6,28.42041266,SPENCER BBWM-FOLIAGE3 0314,,,,,,,,
,5133,East Bear,O20,red maple,Tree Foliage,2013,4.05,-29.18520919,2056.156228,,-0.17990779,88.5545147,,BBWM Foliage3,C9,"13C, 15N",yes,,680867,5122,3,5133,21.9,23.21910109,SPENCER BBWM-FOLIAGE3 0314,,,,,,,,
,5134,East Bear,P19,sugar maple,Tree Foliage,2013,3.9,-28.13020659,1818.899713,,-0.958202613,82.83248979,,BBWM Foliage3,C10,"13C, 15N",yes,,680868,5123,4,5134,21.2,21.95877146,SPENCER BBWM-FOLIAGE3 0314,,,,,,,,
,5135,East Bear,P21,american beech,Tree Foliage,2013,4,-29.87914658,1862.580399,,3.862800396,91.86095294,,BBWM Foliage3,C11,"13C, 15N",yes,,680869,5124,1,5135,23,20.27608401,SPENCER BBWM-FOLIAGE3 0314,A. Foliage1,,,,,,,
,5136,East Bear,P21,american beech,Tree Foliage,2013,4.5,-29.49785385,2134.696551,,14.49943311,115.5982609,,BBWM Foliage3,C12,"13C, 15N",yes,,680870,5125,2,5136,25.7,18.46651096,SPENCER BBWM-FOLIAGE3 0314,,,,,,,,
,5137,East Bear,P22,yellow birch,Tree Foliage,2013,4.23,-31.00424266,2368.681974,,7.801697359,100.0927626,,BBWM Foliage3,D1,"13C, 15N",yes,,680871,5128,17,5137,23.7,23.66486761,SPENCER BBWM-FOLIAGE3 0314,,,,,,,,
,5138,East Bear,P24,red spruce,Tree Foliage,2013,4.5,-28.95240021,2212.964283,,3.68185772,54.72019653,,BBWM Foliage3,D2,"13C, 15N",yes,,680872,5129,10,5138,12.2,40.4414535,SPENCER BBWM-FOLIAGE3 0314,,,,,,,,
,5139,East Bear,P24,american beech,Tree Foliage,2013,4.15,-30.17430048,2075.816865,,2.893025532,106.6429446,,BBWM Foliage3,D3,"13C, 15N",yes,,680873,5130,1,5139,25.7,19.46511203,SPENCER BBWM-FOLIAGE3 0314,,,,,,,,
,5140,East Bear,P24,american beech,Tree Foliage,2013,3.8,-30.22407869,1701.348957,,4.745499551,95.15955439,,BBWM Foliage3,D4,"13C, 15N",yes,,680874,5131,2,5140,25,17.87890841,SPENCER BBWM-FOLIAGE3 0314,,,,,,,,
,5141,East Bear,Q18,red maple,Tree Foliage,2013,4.53,-28.04925878,2290.959424,,0.018470739,93.51123326,,BBWM Foliage3,D5,"13C, 15N",yes,,680875,5132,3,5141,20.6,24.49929644,SPENCER BBWM-FOLIAGE3 0314,,,,,,,,
,5142,East Bear,Q18,yellow birch,Tree Foliage,2013,4.04,-30.22202915,1953.646285,,8.533361256,100.0927626,,BBWM Foliage3,D6,"13C, 15N",yes,,680876,5133,5,5142,24.8,19.51835712,SPENCER BBWM-FOLIAGE3 0314,,,,,,,,
,5143,East Bear,Q18,yellow birch,Tree Foliage,2013,4.2,-29.03246405,1997.072098,,3.593436286,105.0083379,,BBWM Foliage3,D7,"13C, 15N",yes,,680877,5134,1,5143,25,19.01822406,SPENCER BBWM-FOLIAGE3 0314,,,,,,,,
,5144,East Bear,Q19,sugar maple,Tree Foliage,2013,4.56,-29.17486286,2232.488624,,0.218427381,95.15955439,,BBWM Foliage3,D8,"13C, 15N",yes,,680878,5135,6,5144,20.9,23.46047791,SPENCER BBWM-FOLIAGE3 0314,,,,,,,,
,5145,East Bear,Q19,red maple,Tree Foliage,2013,3.91,-28.23150273,1862.580399,,1.059704055,66.03107521,,BBWM Foliage3,D9,"13C, 15N",yes,,680879,5136,7,5145,16.9,28.20763395,SPENCER BBWM-FOLIAGE3 0314,,,,,,,,
,5146,East Bear,R15,sugar maple,Tree Foliage,2013,4.13,-28.30340662,1874.479002,,-0.196440123,67.96365135,,BBWM Foliage3,D10,"13C, 15N",yes,,680880,5137,13,5146,16.5,27.58061059,SPENCER BBWM-FOLIAGE3 0314,,,,,,,,
,5147,East Bear,R20,red spruce,Tree Foliage,2013,4.49,-27.3833314,2310.415617,,5.039999483,42.89433793,,BBWM Foliage3,D11,"13C, 15N",yes,,680881,5138,31,5147,9.6,53.86295089,SPENCER BBWM-FOLIAGE3 0314,,,,,,,,
,5148,East Bear,S12,sugar maple,Tree Foliage,2013,4.34,-28.01424458,2173.864491,,-0.607114516,88.5545147,,BBWM Foliage3,D12,"13C, 15N",yes,,680882,5139,12,5148,20.4,24.54831918,SPENCER BBWM-FOLIAGE3 0314,,,,,,,,
,5149,East Bear,S22,red spruce,Tree Foliage,2013,4.59,-29.24084462,2561.795762,,-0.18056084,50.56216877,,BBWM Foliage3,E1,"13C, 15N",yes,,680883,5143,11,5149,11,50.66625552,SPENCER BBWM-FOLIAGE3 0314,,,,,,,,
,5200,West Bear,D20,red spruce,Tree Foliage,2014,4.14,-28.42,2120.68,,3.46,46.71,,BBWMFoliage4,A1,"13C, 15N",yes,,764185,146233,20,5200,,,SPENCER BBWMFOLIAGE4 1014-2,A. Foliage2,,,,,,,done
,5201,West Bear,D20,yellow birch,Tree Foliage,2014,4.21,-30.35,1978.82,,5.4,94.57,,BBWMFoliage4,A2,"13C, 15N",yes,,764186,146234,17,5201,,,SPENCER BBWMFOLIAGE4 1014-2,,,,,,,,
,5202,West Bear,E20,american beech,Tree Foliage,2014,4.14,-32.16,2043.28,,3.52,117.94,,BBWMFoliage4,A3,"13C, 15N",yes,,764187,146235,7,5202,,,SPENCER BBWMFOLIAGE4 1014-2,,,,,,,,
,5203,West Bear,E20,yellow birch,Tree Foliage,2014,4.09,-28.51,2017.49,,10.16,93.67,,BBWMFoliage4,A4,"13C, 15N",yes,,764188,146236,1,5203,,,SPENCER BBWMFOLIAGE4 1014-2,,,,,,,,
,5204,West Bear,E20,yellow birch,Tree Foliage,2014,4.34,-31.41,2017.49,,10.76,114.36,,BBWMFoliage4,A5,"13C, 15N",yes,,764189,146237,11,5204,,,SPENCER BBWMFOLIAGE4 1014-2,,,,,,,,
,5205,West Bear,F23,red spruce,Tree Foliage,2014,4.18,-27.47,1940.16,,4.93,40.2,,BBWMFoliage4,A6,"13C, 15N",yes,,764190,146238,14,5205,,,SPENCER BBWMFOLIAGE4 1014-2,,,,,,,,
,5206,West Bear,F23,red maple,Tree Foliage,2014,4.14,-28.82,1759.94,,2.01,80.55,,BBWMFoliage4,A7,"13C, 15N",yes,,764191,146239,8,5206,,,SPENCER BBWMFOLIAGE4 1014-2,,,,,,,,
,5207,West Bear,F24,red spruce,Tree Foliage,2014,3.95,-25.88,1965.93,,10.39,38.73,,BBWMFoliage4,A8,"13C, 15N",yes,,764192,146240,7,5207,,,SPENCER BBWMFOLIAGE4 1014-2,,,,,,,,
,5208,West Bear,F24,yellow birch,Tree Foliage,2014,4.18,-28.92,1991.71,,14.78,123.31,,BBWMFoliage4,A9,"13C, 15N",yes,,764193,146241,11,5208,,,SPENCER BBWMFOLIAGE4 1014-2,,,,,,,,
,5209,West Bear,F24,yellow birch,Tree Foliage,2014,4.23,-29.45,2017.49,,6.42,125.99,,BBWMFoliage4,A10,"13C, 15N",yes,,764194,146242,6,5209,,,SPENCER BBWMFOLIAGE4 1014-2,,,,,,,,
,5210,West Bear,H13,red spruce,Tree Foliage,2014,4.17,-28.05,2094.88,,14.48,52.03,,BBWMFoliage4,A11,"13C, 15N",yes,,764195,146243,22,5210,,,SPENCER BBWMFOLIAGE4 1014-2,,,,,,,,
,5211,West Bear,H13,red maple,Tree Foliage,2014,3.96,-28.98,1875.76,,6.56,70.92,,BBWMFoliage4,A12,"13C, 15N",yes,,764196,146244,6,5211,,,SPENCER BBWMFOLIAGE4 1014-2,,,,,,,,
,5212,West Bear,I15,sugar maple,Tree Foliage,2014,4.04,-29.85,1940.16,,8.85,97.28,,BBWMFoliage4,B1,"13C, 15N",yes,,764197,146248,3,5212,,,SPENCER BBWMFOLIAGE4 1014-2,,,,,,,,
,5213,West Bear,K15,american beech,Tree Foliage,2014,4,-28.29,1862.88,,9.41,107.18,,BBWMFoliage4,B2,"13C, 15N",yes,,764198,146249,3,5213,,,SPENCER BBWMFOLIAGE4 1014-2,,,,,,,,
,5214,West Bear,K15,american beech,Tree Foliage,2014,4.25,-27.74,2146.5,,16.38,108.97,,BBWMFoliage4,B3,"13C, 15N",yes,,764199,146250,1,5214,,,SPENCER BBWMFOLIAGE4 1014-2,,,,,,,,
,5215,West Bear,L13,sugar maple,Tree Foliage,2014,3.96,-28.88,1901.51,,3.1,95.47,,BBWMFoliage4,B4,"13C, 15N",yes,,764200,146251,6,5215,,,SPENCER BBWMFOLIAGE4 1014-2,,,,,,,,
,5216,West Bear,N10,sugar maple,Tree Foliage,2014,3.97,-25.74,1940.16,,5.23,87.52,,BBWMFoliage4,B5,"13C, 15N",yes,,764201,146252,5,5216,,,SPENCER BBWMFOLIAGE4 1014-2,,,,,,,,
,5217,West Bear,N11,red maple,Tree Foliage,2014,4.07,-26.31,1991.71,,10.44,81.91,,BBWMFoliage4,B6,"13C, 15N",yes,,764202,146253,10,5217,,,SPENCER BBWMFOLIAGE4 1014-2,,,,,,,,
,5218,West Bear,N12,sugar maple,Tree Foliage,2014,3.97,-28.48,1914.39,,5.18,79.01,,BBWMFoliage4,B7,"13C, 15N",yes,,764203,146254,6,5218,,,SPENCER BBWMFOLIAGE4 1014-2,,,,,,,,
,5219,West Bear,P11,red maple,Tree Foliage,2014,4.07,-28.12,1978.82,,2.45,86.16,,BBWMFoliage4,B8,"13C, 15N",yes,,764204,146255,2,5219,,,SPENCER BBWMFOLIAGE4 1014-2,,,,,,,,
,5220,West Bear,Q10,red spruce,Tree Foliage,2014,4.29,-30.38,2133.59,,5.44,58.16,,BBWMFoliage4,B9,"13C, 15N",yes,,764205,146256,2,5220,,,SPENCER BBWMFOLIAGE4 1014-2,,,,,,,,
,5221,West Bear,Q10,american beech,Tree Foliage,2014,4.13,-28.66,1862.88,,3.26,74.92,,BBWMFoliage4,B10,"13C, 15N",yes,,764206,146257,13,5221,,,SPENCER BBWMFOLIAGE4 1014-2,,,,,,,,
,5222,West Bear,Q10,american beech,Tree Foliage,2014,4.12,-28.54,1965.93,,4.26,101.78,,BBWMFoliage4,B11,"13C, 15N",yes,,764207,146258,5,5222,,,SPENCER BBWMFOLIAGE4 1014-2,,,,,,,,
,5223,West Bear,Q9,sugar maple,Tree Foliage,2014,4.04,-29.63,1772.8,,3.19,76.1,,BBWMFoliage4,B12,"13C, 15N",yes,,764208,146259,2,5223,,,SPENCER BBWMFOLIAGE4 1014-2,,,,,,,,
,5224,West Bear,Q9,red maple,Tree Foliage,2014,3.91,-28.82,1875.76,,2.03,93.67,,BBWMFoliage4,C1,"13C, 15N",yes,,764209,146266,1,5224,,,SPENCER BBWMFOLIAGE4 1014-2,,,,,,,,
,5225,East Bear,K23,red spruce,Tree Foliage,2014,4.01,-26.79,2004.6,,8.24,34.49,,BBWMFoliage4,C2,"13C, 15N",yes,,764210,146267,12,5225,,,SPENCER BBWMFOLIAGE4 1014-2,,,,,,,,
,5226,East Bear,M16,sugar maple,Tree Foliage,2014,4.25,-27.86,2030.38,,2.41,76.92,,BBWMFoliage4,C3,"13C, 15N",yes,,764211,146268,5,5226,,,SPENCER BBWMFOLIAGE4 1014-2,,,,,,,,
,5227,East Bear,M16,red maple,Tree Foliage,2014,4.16,-29.78,1991.71,,2.42,78.01,,BBWMFoliage4,C4,"13C, 15N",yes,,764212,146269,1,5227,,,SPENCER BBWMFOLIAGE4 1014-2,,,,,,,,
,5228,East Bear,N21,red spruce,Tree Foliage,2014,3.96,-27.2,1991.71,,8.57,34.03,,BBWMFoliage4,C5,"13C, 15N",yes,,764213,146270,8,5228,,,SPENCER BBWMFOLIAGE4 1014-2,,,,,,,,
,5229,East Bear,N21,american beech,Tree Foliage,2014,4.09,-30.07,1965.93,,4.61,101.78,,BBWMFoliage4,C6,"13C, 15N",yes,,764214,146271,11,5229,,,SPENCER BBWMFOLIAGE4 1014-2,,,,,,,,
,5230,East Bear,N21,yellow birch,Tree Foliage,2014,4.22,-28.66,1953.04,,15.79,107.18,,BBWMFoliage4,C7,"13C, 15N",yes,,764215,146272,9,5230,,,SPENCER BBWMFOLIAGE4 1014-2,,,,,,,,
,5231,East Bear,N21,yellow birch,Tree Foliage,2014,4,-29.93,1850.01,,7.29,95.47,,BBWMFoliage4,C8,"13C, 15N",yes,,764216,146273,12,5231,,,SPENCER BBWMFOLIAGE4 1014-2,,,,,,,,
,5232,East Bear,O14,red maple,Tree Foliage,2014,4.23,-26.07,2043.28,,4.53,76.01,,BBWMFoliage4,C9,"13C, 15N",yes,,764217,146274,2,5232,,,SPENCER BBWMFOLIAGE4 1014-2,,,,,,,,
,5233,East Bear,O20,red maple,Tree Foliage,2014,4.29,-27.4,2120.68,,0.18,89.78,,BBWMFoliage4,C10,"13C, 15N",yes,,764218,146275,3,5233,,,SPENCER BBWMFOLIAGE4 1014-2,,,,,,,,
,5234,East Bear,P19,sugar maple,Tree Foliage,2014,3.94,-28.12,1850.01,,-0.06,85.8,,BBWMFoliage4,C11,"13C, 15N",yes,,764219,146276,4,5234,,,SPENCER BBWMFOLIAGE4 1014-2,,,,,,,,
,5235,East Bear,P21,american beech,Tree Foliage,2014,3.95,-29.97,1862.88,,6.64,65.27,,BBWMFoliage4,C12,"13C, 15N",yes,,764220,146277,1,5235,,,SPENCER BBWMFOLIAGE4 1014-2,,,,,,,,
,5236,East Bear,P21,american beech,Tree Foliage,2014,4.17,-30.34,1837.14,,8.84,91.86,,BBWMFoliage4,D1,"13C, 15N",yes,,764221,146281,2,5236,,,SPENCER BBWMFOLIAGE4 1014-2,,,,,,,,
,5237,East Bear,P22,yellow birch,Tree Foliage,2014,4.33,-30,2030.38,,8.65,90.96,,BBWMFoliage4,D2,"13C, 15N",yes,,764222,146282,17,5237,,,SPENCER BBWMFOLIAGE4 1014-2,,,,,,,,
,5238,East Bear,P24,red spruce,Tree Foliage,2014,4.28,-29,2185.23,,6.94,51.85,,BBWMFoliage4,D3,"13C, 15N",yes,,764223,146283,10,5238,,,SPENCER BBWMFOLIAGE4 1014-2,,,,,,,,
,5239,East Bear,P24,american beech,Tree Foliage,2014,3.93,-28.3,1798.53,,3.34,89.87,,BBWMFoliage4,D4,"13C, 15N",yes,,764224,146284,1,5239,,,SPENCER BBWMFOLIAGE4 1014-2,,,,,,,,
,5240,East Bear,P24,american beech,Tree Foliage,2014,4.15,-28.62,1991.71,,6.56,101.78,,BBWMFoliage4,D5,"13C, 15N",yes,,764225,146285,2,5240,,,SPENCER BBWMFOLIAGE4 1014-2,,,,,,,,
,5241,East Bear,Q18,red maple,Tree Foliage,2014,4.01,-28.35,2056.18,,-0.46,80.09,,BBWMFoliage4,D6,"13C, 15N",yes,,764226,146286,3,5241,,,SPENCER BBWMFOLIAGE4 1014-2,,,,,,,,
,5242,East Bear,Q18,yellow birch,Tree Foliage,2014,3.94,-29.65,1888.64,,8.11,85.44,,BBWMFoliage4,D7,"13C, 15N",yes,,764227,146287,5,5242,,,SPENCER BBWMFOLIAGE4 1014-2,,,,,,,,
,5243,East Bear,Q18,yellow birch,Tree Foliage,2014,3.98,-29.52,1862.88,,8.65,89.33,,BBWMFoliage4,D8,"13C, 15N",yes,,764228,146288,1,5243,,,SPENCER BBWMFOLIAGE4 1014-2,,,,,,,,
,5244,East Bear,Q19,sugar maple,Tree Foliage,2014,3.93,-29.23,1888.64,,1.45,79.28,,BBWMFoliage4,D9,"13C, 15N",yes,,764229,146289,6,5244,,,SPENCER BBWMFOLIAGE4 1014-2,,,,,,,,
,5245,East Bear,Q19,red maple,Tree Foliage,2014,4.15,-29.01,2081.97,,0.99,75.19,,BBWMFoliage4,D10,"13C, 15N",yes,,764230,146290,7,5245,,,SPENCER BBWMFOLIAGE4 1014-2,,,,,,,,
,5246,East Bear,R15,sugar maple,Tree Foliage,2014,4.03,-28.24,1914.39,,0.77,63.82,,BBWMFoliage4,D11,"13C, 15N",yes,,764231,146291,13,5246,,,SPENCER BBWMFOLIAGE4 1014-2,,,,,,,,
,5247,East Bear,R20,red spruce,Tree Foliage,2014,4.18,-26.68,2094.88,,12.48,48.92,,BBWMFoliage4,D12,"13C, 15N",yes,,764232,146292,31,5247,,,SPENCER BBWMFOLIAGE4 1014-2,,,,,,,,
,5248,East Bear,S12,sugar maple,Tree Foliage,2014,4.35,-26.33,2094.88,,-0.31,87.52,,BBWMFoliage4,E1,"13C, 15N",yes,,764233,146296,12,5248,,,SPENCER BBWMFOLIAGE4 1014-2,,,,,,,,
,5249,East Bear,S22,red spruce,Tree Foliage,2014,3.93,-28.77,1965.93,,0.01,35.23,,BBWMFoliage4,E2,"13C, 15N",yes,,764234,146297,11,5249,,,SPENCER BBWMFOLIAGE4 1014-2,,,,,,,,
,5250,West Bear,D20,red spruce,Tree Foliage,2013,4.01,-28.9,2030.38,,2.34,34.4,,BBWMFoliage4,E3,"13C, 15N",yes,,764235,146298,20,5250,,,SPENCER BBWMFOLIAGE4 1014-2,,,,,,,,
,5251,West Bear,D20,red spruce,Tree Foliage,2012,4.13,-28.97,2081.97,,1.54,38.73,,BBWMFoliage4,E4,"13C, 15N",yes,,764236,146299,20,5251,,,SPENCER BBWMFOLIAGE4 1014-2,,,,,,,,
,5252,West Bear,F23,red spruce,Tree Foliage,2013,3.92,-28.26,2004.6,,4.12,47.82,,BBWMFoliage4,E5,"13C, 15N",yes,,764237,146300,14,5252,,,SPENCER BBWMFOLIAGE4 1014-2,,,,,,,,
,5253,West Bear,F23,red spruce,Tree Foliage,2012,4.1,-28.2,2107.78,,3.36,43.32,,BBWMFoliage4,E6,"13C, 15N",yes,,764238,146301,14,5253,,,SPENCER BBWMFOLIAGE4 1014-2,,,,,,,,
,5254,West Bear,F24,red spruce,Tree Foliage,2013,4.04,-26.92,2094.88,,9.85,42.68,,BBWMFoliage4,E7,"13C, 15N",yes,,764239,146302,7,5254,,,SPENCER BBWMFOLIAGE4 1014-2,,,,,,,,
,5255,West Bear,F24,red spruce,Tree Foliage,2012,4.16,-26.7,2133.59,,6.82,39.55,,BBWMFoliage4,E8,"13C, 15N",yes,,764240,146303,7,5255,,,SPENCER BBWMFOLIAGE4 1014-2,,,,,,,,
,5256,West Bear,H13,red spruce,Tree Foliage,2013,4,-28.14,2017.49,,12.06,47.63,,BBWMFoliage4,E9,"13C, 15N",yes,,764241,146304,22,5256,,,SPENCER BBWMFOLIAGE4 1014-2,,,,,,,,
,5257,West Bear,H13,red spruce,Tree Foliage,2012,4.06,-27.7,2094.88,,9.62,45.8,,BBWMFoliage4,E10,"13C, 15N",yes,,764242,146305,22,5257,,,SPENCER BBWMFOLIAGE4 1014-2,,,,,,,,
,5258,West Bear,Q10,red spruce,Tree Foliage,2013,4.18,-31.01,2133.59,,3.84,50.29,,BBWMFoliage4,E11,"13C, 15N",yes,,764243,146306,2,5258,,,SPENCER BBWMFOLIAGE4 1014-2,,,,,,,,
,5259,West Bear,Q10,red spruce,Tree Foliage,2012,3.93,-30.41,2030.38,,2.55,42.95,,BBWMFoliage4,E12,"13C, 15N",yes,,764244,146307,2,5259,,,SPENCER BBWMFOLIAGE4 1014-2,,,,,,,,
,5260,East Bear,K23,red spruce,Tree Foliage,2013,4.24,-27.56,2159.41,,7.44,39.65,,BBWMFoliage4,F1,"13C, 15N",yes,,764245,146310,12,5260,,,SPENCER BBWMFOLIAGE4 1014-2,,,,,,,,
,5261,East Bear,K23,red spruce,Tree Foliage,2012,4.03,-27.5,2069.07,,5.98,37.25,,BBWMFoliage4,F2,"13C, 15N",yes,,764246,146311,12,5261,,,SPENCER BBWMFOLIAGE4 1014-2,,,,,,,,
,5262,East Bear,N21,red spruce,Tree Foliage,2013,4.29,-28.5,2198.15,,6.55,36.43,,BBWMFoliage4,F3,"13C, 15N",yes,,764247,146312,8,5262,,,SPENCER BBWMFOLIAGE4 1014-2,,,,,,,,
,5263,East Bear,N21,red spruce,Tree Foliage,2012,3.93,-28.35,2030.38,,3.98,25.73,,BBWMFoliage4,F4,"13C, 15N",yes,,764248,146313,8,5263,,,SPENCER BBWMFOLIAGE4 1014-2,,,,,,,,
,5264,East Bear,P24,red spruce,Tree Foliage,2013,4.2,-30.56,2133.59,,4.94,42.95,,BBWMFoliage4,F5,"13C, 15N",yes,,764249,146314,10,5264,,,SPENCER BBWMFOLIAGE4 1014-2,,,,,,,,
,5265,East Bear,P24,red spruce,Tree Foliage,2012,3.99,-30.35,2043.28,,3.28,37.25,,BBWMFoliage4,F6,"13C, 15N",yes,,764250,146315,10,5265,,,SPENCER BBWMFOLIAGE4 1014-2,,,,,,,,
,5266,East Bear,R20,red spruce,Tree Foliage,2013,4.11,-27.47,2120.68,,9.2,44.15,,BBWMFoliage4,F7,"13C, 15N",yes,,764251,146316,31,5266,,,SPENCER BBWMFOLIAGE4 1014-2,,,,,,,,
,5267,East Bear,R20,red spruce,Tree Foliage,2012,3.92,-27.44,2030.38,,6.84,35.51,,BBWMFoliage4,F8,"13C, 15N",yes,,764252,146317,31,5267,,,SPENCER BBWMFOLIAGE4 1014-2,,,,,,,,
,5268,East Bear,S22,red spruce,Tree Foliage,2013,3.94,-29.73,2030.38,,-0.79,34.59,,BBWMFoliage4,F9,"13C, 15N",yes,,764253,146318,11,5268,,,SPENCER BBWMFOLIAGE4 1014-2,,,,,,,,
,5269,East Bear,S22,red spruce,Tree Foliage,2012,4.16,-29.65,2133.59,,-1.32,35.32,,BBWMFoliage4,F10,"13C, 15N",yes,,764254,146319,11,5269,,,SPENCER BBWMFOLIAGE4 1014-2,,,,,,,,
??,50121,,,,Tree Foliage,,4.03,-27.07,2032.93,,-0.72,41.52,,BBWM Foliage2,A8,"13C, 15N",yes,,634785,100467,,,,,SPENCER BBWMFOLIAGE2 1213,,,,,,,,
skip,HFL001,EB,,SM,litter,2000,4.66,-29.64,2308.51,,-3.08,29.35,,BBWM HFL,B1,"13C,15N",NO,,734902,138295,EB-T-SM 5 P14,,6.3,,SPENCER BBWM-HFL-0814,,,,,,,,
skip,HFL002,EB,,SM,litter,2000,4.76,-28.44,2308.51,,-3.78,32.57,,BBWM HFL,B2,"13C,15N",NO,,734903,138296,EB-T-SM-2 R13,,6.8,,SPENCER BBWM-HFL-0814,,,,,,,,
skip,HFL003,EB,,SM,litter,2000,4.63,-28.82,2357.11,,-3.26,36.05,,BBWM HFL,B3,"13C,15N",NO,,734904,138297,EB-T-SM-18 M16,,7.8,,SPENCER BBWM-HFL-0814,,,,,,,,
skip,HFL004,EB,,SM,litter,2000,4.42,-29.18,2146.35,,-3.8,27.32,,BBWM HFL,B4,"13C,15N",NO,,734905,138298,EB-T-SM-15 R13,,6.2,,SPENCER BBWM-HFL-0814,,,,,,,,
,HFL031,WB,,SM,Tree foliage,2003,4.75,-27.89,2340.91,,0.58,80.88,,BBWM HFL,B5,"13C,15N",NO,,734906,138299,N11 T6 sun leaves,,17,,SPENCER BBWM-HFL-0814,,,,,,,,
,HFL032,EB,,SM,Tree foliage,2003,4.48,-29.55,2276.09,,-4.95,69.03,,BBWM HFL,B6,"13C,15N",NO,,734907,138300,R15 T13 sun leaves,,15.4,,SPENCER BBWM-HFL-0814,,,,,,,,
,HFL033,WB,,SM,Tree foliage,2003,4.81,-28.76,2389.5,,0.97,89.81,,BBWM HFL,B7,"13C,15N",NO,,734908,138301,I15 T3 sun leaves,,18.7,,SPENCER BBWM-HFL-0814,,,,,,,,
,HFL034,EB,,SM,Tree foliage,2003,4.69,-28.07,2324.71,,-3.52,75.45,,BBWM HFL,B8,"13C,15N",NO,,734909,138302,N25 T6 sun leaves,,16.1,,SPENCER BBWM-HFL-0814,,,,,,,,
,HFL035,WB,,SM,Tree foliage,2003,4.45,-29.47,2276.09,,2.77,94.56,,BBWM HFL,B9,"13C,15N",NO,,734910,138303,F18 T13 sun leaves,,21.2,,SPENCER BBWM-HFL-0814,,,,,,,,
,HFL036,WB,,SM,Tree foliage,2003,4.73,-27.45,2438.08,,3.02,87.78,,BBWM HFL,B10,"13C,15N",NO,,734911,138304,J11 T8 sun leaves,,18.6,,SPENCER BBWM-HFL-0814,,,,,,,,
,HFL037,EB,,SM,Tree foliage,2003,4.42,-29.38,2195.02,,-3.05,77.23,,BBWM HFL,B11,"13C,15N",NO,,734912,138305,Q19 T2 sun leaves,,17.5,,SPENCER BBWM-HFL-0814,,,,,,,,
,HFL038,EB,,SM,Tree foliage,2003,4.49,-28.89,2243.67,,-5.34,64.54,,BBWM HFL,B12,"13C,15N",NO,,734913,138306,R15 T6 sun leaves,,14.4,,SPENCER BBWM-HFL-0814,,,,,,,,
,HFL981,WB,,SM,Tree foliage,1998,4.66,-29.25,2211.24,,0.57,87.07,,BBWM HFL,A1,"13C,15N",NO,,734890,138277,WB-T-SM-6 Q10,,18.7,,SPENCER BBWM-HFL-0814,A. Foliage7,,,,,,,done
,HFL982,EB,,SM,Tree foliage,1998,4.67,-28.03,2227.46,,-4.57,85.66,,BBWM HFL,A2,"13C,15N",NO,,734891,138278,EB-T-SM-2 R13,,18.3,,SPENCER BBWM-HFL-0814,,,,,,,,
,HFL983,WB,,SM,Tree foliage,1998,4.66,-28.59,2308.51,,5.48,115.46,,BBWM HFL,A3,"13C,15N",NO,,734892,138279,WB-T-SM-12 K10,,24.8,,SPENCER BBWM-HFL-0814,,,,,,,,
,HFL984,WB,,SM,Tree foliage,1998,4.6,-27.75,2211.24,,2.67,118.91,,BBWM HFL,A4,"13C,15N",NO,,734893,138280,WB-T-SM-13 J12,,25.8,,SPENCER BBWM-HFL-0814,,,,,,,,
,HFL985,EB,,SM,Tree foliage,1998,4.77,-28.14,2308.51,,-2.86,80.97,,BBWM HFL,A5,"13C,15N",NO,,734894,138281,EB-T-SM-5 P14,,17,,SPENCER BBWM-HFL-0814,,,,,,,,
,HFL986,EB,,SM,Tree foliage,1998,4.6,-28.03,2146.35,,-4.01,89.98,,BBWM HFL,A6,"13C,15N",NO,,734895,138282,EB-T-SM-15 R13,,19.6,,SPENCER BBWM-HFL-0814,,,,,,,,
,HFL987,WB,,SM,Tree foliage,1998,4.75,-27.87,2308.51,,0.7,100.69,,BBWM HFL,A7,"13C,15N",NO,,734896,138283,WB-T-SM-19 P11,,21.2,,SPENCER BBWM-HFL-0814,,,,,,,,
,HFL988,EB,,SM,Tree foliage,1998,4.78,-28.3,2340.91,,-4.85,83.54,,BBWM HFL,A8,"13C,15N",NO,,734897,138284,EB-T-SM-18 M16,,17.5,,SPENCER BBWM-HFL-0814,,,,,,,,
skip,HFL991,WB,,SM,litter,1999,4.69,-28.44,2308.51,,0.65,49.46,,BBWM HFL,A9,"13C,15N",NO,,734898,138285,799/WB/T/SM/19 P11,,10.5,,SPENCER BBWM-HFL-0814,,,,,,,,
skip,HFL992,WB,,SM,litter,1999,4.65,-27.76,2211.24,,2.82,50.37,,BBWM HFL,A10,"13C,15N",NO,,734899,138286,793/WB/T/SM/13 J12,,10.8,,SPENCER BBWM-HFL-0814,,,,,,,,
skip,HFL993,WB,,SM,litter,1999,4.56,-28.14,2195.02,,-0.46,36.97,,BBWM HFL,A11,"13C,15N",NO,,734900,138287,786/WB/T/SM/6 Q10,,8.1,,SPENCER BBWM-HFL-0814,,,,,,,,
skip,HFL994,WB,,SM,litter,1999,4.66,-28.63,2357.11,,3.97,47.65,,BBWM HFL,A12,"13C,15N",NO,,734901,138288,792/WB/T/SM/12 K10,,10.2,,SPENCER BBWM-HFL-0814,,,,,,,,
skip,R5069,,,,Tree Foliage,,4.01,-29.5,2052.8,,-0.89,42.51,,BBWM Foliage2,C9,"13C, 15N",yes,,634810,100501,,,,,,,,,,,,,
skip,R5107,West Bear,F24,red spruce,Tree Foliage,2013,4.23,-24.52383281,2753.205856,,12.12185518,53.44857988,,BBWM Foliage3,F11,"13C, 15N",yes,,680905,5168,7,5107,12.6,51.51130044,SPENCER BBWM-FOLIAGE3 0314,,,,,,,,
skip,R5131,East Bear,N21,yellow birch,Tree Foliage,2013,4.15,-30.86562024,1840.750363,,6.652034822,100.0927626,,BBWM Foliage3,F12,"13C, 15N",yes,,680906,5169,12,5131,24.1,18.39044419,SPENCER BBWM-FOLIAGE3 0314,,,,,,,,
,V1,WB,D20,Yellow birch,Foliage,2010,4.66,-28.82980859,2374.4654,,0.652337351,111.2478129,,,,,NO,,,,T17,,23.9,21.34392883,COPY OF SPENCER BBWMSOIL1&VEG1 0312,A. Foliage6,,,PWBYB10,D20T17,V1,HW,done
,V10,WB,Q10,American beech,Foliage,2010,4.56,-28.46684591,2260.12533,,-1.642633681,104.9121683,,,,,NO,,,,T13,,23,21.54302371,COPY OF SPENCER BBWMSOIL1&VEG1 0312,,,,PWBAB10,Q10T13,V10,HW,
,V11 mean,WB,F23,Red Maple,Foliage,2010,4.33,-27.10348765,2488.474893,,-0.452289724,103.5535113,,,,,NO,,,,T8,,23.9,24.03081134,COPY OF SPENCER BBWMSOIL1&VEG1 0312,,,,PWBRM10,F23T08,V11,HW,
,V12,WB,F25,Red Maple,Foliage,2010,4.55,-27.31997641,2608.671636,,-1.437889959,93.48425244,,,,,NO,,,,T11,,20.5,27.90493124,COPY OF SPENCER BBWMSOIL1&VEG1 0312,,,,PWBRM10,F25T11,V12,HW,
,V13,WB,Q9,Red Maple,Foliage,2010,4.48,-28.86401085,2584.059804,,-1.963373478,108.4342921,,,,,NO,,,,T1,,24.2,23.8306513,COPY OF SPENCER BBWMSOIL1&VEG1 0312,,,,PWBRM10,Q09T01,V13,HW,
,V14,WB,F24,Red Maple,Foliage,2010,4.3,-27.32276514,2374.4654,,-0.668829548,84.84385303,,,,,NO,,,,T8,,19.7,27.98629854,COPY OF SPENCER BBWMSOIL1&VEG1 0312,,,,PWBRM10,F24T08,V14,HW,
,V15,WB,N11,Red Maple,Foliage,2010,4.56,-26.71306069,2463.937436,,-0.499536057,88.87242359,,,,,NO,,,,T10,,19.5,27.72443168,COPY OF SPENCER BBWMSOIL1&VEG1 0312,,,,PWBRM10,,V15,HW,
,V16,WB,L13,Sugar Maple,Foliage,2010,4.38,-28.28235806,2365.202356,,0.434247293,95.96348273,,,,,NO,,,,T6,,21.9,24.64689994,COPY OF SPENCER BBWMSOIL1&VEG1 0312,,,,PWBSM10,L13T06,V16,HW,
,V17,WB,J12,Sugar Maple,Foliage,2010,4.1,-30.38729118,2046.339188,,0.453867644,103.0313295,,,,,NO,,,,T3,,25.1,19.86132954,COPY OF SPENCER BBWMSOIL1&VEG1 0312,,,,PWBSM10,J12T03,V17,HW,
,V18,WB,G16,Sugar Maple,Foliage,2010,4.55,-31.18748219,2697.807761,,1.666383276,121.065888,,,,,NO,,,,T2,,26.6,22.28379774,COPY OF SPENCER BBWMSOIL1&VEG1 0312,,,,PWBSM10,G16T02,V18,HW,
,V19,WB,N10,Sugar Maple,Foliage,2010,4.5,-28.52474166,2210.616354,,-0.440062006,92.30266716,,,,,NO,,,,T5,,20.5,23.94964763,COPY OF SPENCER BBWMSOIL1&VEG1 0312,,,,PWBSM10,N10T05,V19,HW,
,V2,WB,E20,Yellow birch,Foliage,2010,4.13,-30.26594607,2086.673214,,1.868330959,108.9034701,,,,,NO,,,,T11,,26.4,19.16075963,COPY OF SPENCER BBWMSOIL1&VEG1 0312,,,,PWBYB10,E20T11,V2,HW,
,V20,WB,E16,Sugar Maple,Foliage,2010,4.35,-27.700577,2114.581682,,1.759700198,81.28304198,,,,,NO,,,,T4,,18.7,26.01504115,COPY OF SPENCER BBWMSOIL1&VEG1 0312,,,,PWBSM10,E16T04,V20,HW,
,V21,WB,G21,Red Spruce,Foliage,2010,4.24,-26.89586569,2139.378844,,3.149690191,46.56268686,,,,,NO,,,,T5,,11,45.9462069,COPY OF SPENCER BBWMSOIL1&VEG1 0312,,,,PWBRS10,2010,V21,SW,
,V22,WB,D20,Red Spruce,Foliage,2010,4.13,-26.29076017,2114.581682,,-0.294910308,41.73111635,,,,,NO,,,,T20,,10.1,50.67158194,COPY OF SPENCER BBWMSOIL1&VEG1 0312,,,,PWBRS10,2010,V22,SW,
,V23,WB,F24,Red Spruce,Foliage,2010,4.09,-26.59624882,2139.378844,,-0.178047861,43.42333954,,,,,NO,,,,T7,,10.6,49.26794823,COPY OF SPENCER BBWMSOIL1&VEG1 0312,,,,PWBRS10,2010,V23,SW,
,V26,WB,G21,Red Spruce,Foliage,2009,4.15,-27.28091348,2198.233013,,1.959328037,51.14312309,,,,,NO,,,,T5,,12.3,42.98198625,COPY OF SPENCER BBWMSOIL1&VEG1 0312,,,,PWBRS09,2009,V26,SW,
,V27,WB,D20,Red Spruce,Foliage,2009,3.99,-26.51448306,2052.5461,,-0.259406436,41.6101949,,,,,NO,,,,T20,,10.4,49.32796168,COPY OF SPENCER BBWMSOIL1&VEG1 0312,,,,PWBRS09,2009,V27,SW,
,V28,WB,F24,Red Spruce,Foliage,2009,3.91,-26.92379848,2021.505447,,-0.293430835,36.16205635,,,,,NO,,,,T7,,9.2,55.9012858,COPY OF SPENCER BBWMSOIL1&VEG1 0312,,,,PWBRS09,2009,V28,SW,
,V3,WB,F24,Yellow birch,Foliage,2010,4.07,-28.85822042,2043.235504,,0.79377631,87.80676265,,,,,NO,,,,T11,,21.6,23.26968268,COPY OF SPENCER BBWMSOIL1&VEG1 0312,,,,PWBYB10,F24T11,V3,HW,
,V31,WB,G21,Red Spruce,Foliage,2008,4.21,-26.85015539,2238.469954,,1.722545896,52.46730113,,,,,NO,,,,T5,,12.5,42.66409565,COPY OF SPENCER BBWMSOIL1&VEG1 0312,,,,PWBRS08,2008,V31,SW,
,V32,WB,D20,Red Spruce,Foliage,2008,4.42,-26.22042645,2260.12533,,-0.316987915,48.01014627,,,,,NO,,,,T20,,10.9,47.07599342,COPY OF SPENCER BBWMSOIL1&VEG1 0312,,,,PWBRS08,2008,V32,SW,
,V33,WB,F24,Red Spruce,Foliage,2008,4.22,-26.77840982,2222.997256,,-0.273772126,49.33616841,,,,,NO,,,,T7,,11.7,45.05816579,COPY OF SPENCER BBWMSOIL1&VEG1 0312,,,,PWBRS08,2008,V33,SW,
,V36,EB,M22,Yellow birch,Foliage,2010,4.35,-28.83255648,2099.078501,,-2.648001252,100.2069763,,,,,NO,,,,T1,,23,20.94742881,COPY OF SPENCER BBWMSOIL1&VEG1 0312,,,,PEBYB10,2010,V36,HW,
,V37,EB,N21,Yellow birch,Foliage,2010,4.27,-29.0016673,2071.163175,,-2.715510541,108.1996644,,,,,NO,,,,T19,,25.3,19.14204806,COPY OF SPENCER BBWMSOIL1&VEG1 0312,,,,PEBYB10,2010,V37,HW,
,V38,EB,P16,Yellow birch,Foliage,2010,4.41,-30.78041285,2179.65343,,-2.706292253,95.60948106,,,,,NO,,,,T8,,21.7,22.79746115,COPY OF SPENCER BBWMSOIL1&VEG1 0312,,,,PEBYB10,2010,V38,HW,
,V39,EB,P22,Yellow birch,Foliage,2010,4.51,-29.99408941,2325.04665,,-2.322108831,110.7791507,,,,,NO,,,,T3,,24.6,20.9881249,COPY OF SPENCER BBWMSOIL1&VEG1 0312,,,,PEBYB10,2010,V39,HW,
,V4,WB,F25,Yellow birch,Foliage,2010,4.41,-27.91080615,2201.329077,,-1.382872772,98.3220108,,,,,NO,,,,T3,,22.3,22.38897536,COPY OF SPENCER BBWMSOIL1&VEG1 0312,,,,PWBYB10,F25T03,V4,HW,
,V40,EB,Q12,Yellow birch,Foliage,2010,4.43,-30.06482351,2182.750408,,-1.945216168,118.9658448,,,,,NO,,,,T1,,26.9,18.34770654,COPY OF SPENCER BBWMSOIL1&VEG1 0312,,,,PEBYB10,2010,V40,HW,
,V41,EB,N21,American beech,Foliage,2010,4.29,-30.33887087,2247.751744,,-0.900673614,109.372545,,,,,NO,,,,T11,,25.5,20.55133437,COPY OF SPENCER BBWMSOIL1&VEG1 0312,,,,PEBAB10,2010,V41,HW,
,V42,EB,P21,American beech,Foliage,2010,4.21,-30.09475506,2061.855323,,-1.011637528,95.72748807,,,,,NO,,,,T1,,22.7,21.53880108,COPY OF SPENCER BBWMSOIL1&VEG1 0312,,,,PEBAB10,2010,V42,HW,
,V43,EB,P21,American beech,Foliage,2010,4.55,-29.54424352,2269.403919,,-1.633089784,125.7251712,,,,,NO,,,,T3,,27.6,18.05051366,COPY OF SPENCER BBWMSOIL1&VEG1 0312,,,,PEBAB10,2010,V43,HW,
,V44,EB,P24,American beech,Foliage,2010,4.23,-28.78978533,2148.675266,,1.002547853,104.9121683,,,,,NO,,,,T1,,24.8,20.48070591,COPY OF SPENCER BBWMSOIL1&VEG1 0312,,,,PEBAB10,2010,V44,HW,
,V45,EB,P24,American beech,Foliage,2010,4.6,-28.77272807,2374.4654,,-0.096208241,116.3962883,,,,,NO,,,,T2,,25.3,20.39983779,COPY OF SPENCER BBWMSOIL1&VEG1 0312,,,,PEBAB10,2010,V45,HW,
,V46,EB,P15,Red Maple,Foliage,2010,4.38,-29.58729645,2315.776291,,-3.892163052,85.31818938,,,,,NO,,,,T3,,19.5,27.1428204,COPY OF SPENCER BBWMSOIL1&VEG1 0312,,,,PEBRM10,2010,V46,HW,
,V47 mean,EB,L21,Red Maple,Foliage,2010,4.25,-29.23679221,2212.163928,,-4.709204554,90.1741759,,,,,NO,,,,T29,,21.2,24.53212249,COPY OF SPENCER BBWMSOIL1&VEG1 0312,,,,PEBRM10,2010,V47,HW,
,V48,EB,O14,Red Maple,Foliage,2010,4.22,-27.38816525,2123.881761,,-4.363639802,76.76435066,,,,,NO,,,,T2,,18.2,27.66755326,COPY OF SPENCER BBWMSOIL1&VEG1 0312,,,,PEBRM10,2010,V48,HW,
,V49,EB,M19,Red Maple,Foliage,2010,4.09,-28.29978216,2030.819243,,-3.426579921,68.77450396,,,,,NO,,,,T10,,16.8,29.52866435,COPY OF SPENCER BBWMSOIL1&VEG1 0312,,,,PEBRM10,2010,V49,HW,
,V5,WB,G18,Yellow birch,Foliage,2010,4.67,-30.48296974,2383.727072,,1.61185001,131.5347674,,,,,NO,,,,T2,,28.2,18.12241067,COPY OF SPENCER BBWMSOIL1&VEG1 0312,,,,PWBYB10,G18T02,V5,HW,
,V50,EB,M16,Red Maple,Foliage,2010,4.25,-28.24578237,2250.845369,,-4.045672293,79.5004603,,,,,NO,,,,T1,,18.7,28.31235644,COPY OF SPENCER BBWMSOIL1&VEG1 0312,,,,PEBRM10,2010,V50,HW,
,V51,EB,O22,Sugar Maple,Foliage,2010,4.43,-30.4251731,2195.136797,,-5.366349065,73.90564313,,,,,NO,,,,T1,,16.7,29.70188343,COPY OF SPENCER BBWMSOIL1&VEG1 0312,,,,PEBSM10,2010,V51,HW,
,V52,EB,Q19,Sugar Maple,Foliage,2010,4.23,-30.36545237,2423.845133,,-3.822645512,93.12984456,,,,,NO,,,,T6,,22,26.02651324,COPY OF SPENCER BBWMSOIL1&VEG1 0312,,,,PEBSM10,2010,V52,HW,
,V53,EB,P19,Sugar Maple,Foliage,2010,4.25,-28.2073262,2092.876162,,-3.828801894,76.05002196,,,,,NO,,,,T4,,17.9,27.5197312,COPY OF SPENCER BBWMSOIL1&VEG1 0312,,,,PEBSM10,2010,V53,HW,
,V54,EB,M16,Sugar Maple,Foliage,2010,4.51,-29.7847899,2232.281332,,-3.737369318,89.46423177,,,,,NO,,,,T5,,19.8,24.95166267,COPY OF SPENCER BBWMSOIL1&VEG1 0312,,,,PEBSM10,2010,V54,HW,
,V55,EB,P26,Sugar Maple,Foliage,2010,4.61,-30.22761,2337.404995,,-3.467348211,81.87691348,,,,,NO,,,,T4,,17.8,28.54779078,COPY OF SPENCER BBWMSOIL1&VEG1 0312,,,,PEBSM10,2010,V55,HW,
,V56,EB,K22,Red Spruce,Foliage,2010,4.15,-28.25071252,2105.280231,,-2.553053804,41.12644465,,,,,NO,,,,T12,,9.9,51.19042623,COPY OF SPENCER BBWMSOIL1&VEG1 0312,,,,PEBRS10,2010,V56,SW,
,V57,EB,N21,Red Spruce,Foliage,2010,4.42,-29.43188903,2269.403919,,-2.558727877,47.52776297,,,,,NO,,,,T8,,10.8,47.7490161,COPY OF SPENCER BBWMSOIL1&VEG1 0312,,,,PEBRS10,2010,V57,SW,
,V58,EB,L24,Red Spruce,Foliage,2010,3.94,-28.35489497,2043.235504,,-1.745962487,28.6343445,,,,,NO,,,,T2,,7.3,71.35611238,COPY OF SPENCER BBWMSOIL1&VEG1 0312,,,,PEBRS10,2010,V58,SW,
,V6,WB,E20,American beech,Foliage,2010,4.43,-29.38462849,2250.845369,,1.693818997,108.1996644,,,,,NO,,,,T17,,24.4,20.80270195,COPY OF SPENCER BBWMSOIL1&VEG1 0312,,,,PWBAB10,E20T17,V6,HW,
,V61,EB,K22,Red Spruce,Foliage,2009,4.37,-28.50226183,2291.048627,,-2.354867807,45.83860897,,,,,NO,,,,T12,,10.5,49.98076248,COPY OF SPENCER BBWMSOIL1&VEG1 0312,,,,PEBRS09,2009,V61,SW,
,V62,EB,N21,Red Spruce,Foliage,2009,4.59,-29.82466874,2399.160143,,-2.928450527,41.73111635,,,,,NO,,,,T8,,9.1,57.49091693,COPY OF SPENCER BBWMSOIL1&VEG1 0312,,,,PEBRS09,2009,V62,SW,
,V63,EB,L24,Red Spruce,Foliage,2009,4.51,-28.91224125,2386.813991,,-1.522292842,36.5256718,,,,,NO,,,,T2,,8.1,65.34620373,COPY OF SPENCER BBWMSOIL1&VEG1 0312,,,,PEBRS09,2009,V63,SW,
,V66,EB,K22,Red Spruce,Foliage,2008,4.41,-28.40183418,2291.048627,,-2.160395466,51.98587211,,,,,NO,,,,T12,,11.8,44.07060099,COPY OF SPENCER BBWMSOIL1&VEG1 0312,,,,PEBRS08,2008,V66,SW,
,V67,EB,N21,Red Spruce,Foliage,2008,4.26,-28.24732738,2278.681137,,-1.526474752,32.2798807,,,,,NO,,,,T8,,7.6,70.59137418,COPY OF SPENCER BBWMSOIL1&VEG1 0312,,,,PEBRS08,2008,V67,SW,
,V68,EB,L24,Red Spruce,Foliage,2008,4.62,-29.33754185,2346.672154,,-2.875888942,43.78579437,,,,,NO,,,,T2,,9.5,53.59437205,COPY OF SPENCER BBWMSOIL1&VEG1 0312,,,,PEBRS08,2008,V68,SW,
,V7,WB,K15,American beech,Foliage,2010,4.14,-28.30537611,2111.48135,,1.028063964,122.231676,,,,,NO,,,,T1,,29.5,17.27442034,COPY OF SPENCER BBWMSOIL1&VEG1 0312,,,,PWBAB10,K15T1,V7,HW,
,V8,WB,K15,American beech,Foliage,2010,4.39,-28.45370404,2139.378844,,1.255973389,117.5646554,,,,,NO,,,,T3,,26.8,18.19746621,COPY OF SPENCER BBWMSOIL1&VEG1 0312,,,,PWBAB10,K15T03,V8,HW,
,V9,WB,Q10,American beech,Foliage,2010,4.39,-27.84148514,2306.50456,,-1.25065362,126.88838,,,,,NO,,,,T10,,28.9,18.17742933,COPY OF SPENCER BBWMSOIL1&VEG1 0312,,,,PWBAB10,Q10T10,V9,HW,
,,,,,,,,,,,,,,,,,,,,,,,,,,,,,,,,,
,,,,,,,,,,,,,,,,,,,,,,,,,,,,,,,,,
,,,,,,,,,,,,,,,,,,,,,,,,,,,,,,,,,
,,,,,,,,,,,,,,,,,,,,,,,,,,,,,,,,,
,,,,,,,,,,,,,,,,,,,,,,,,,,,,,,,,,
,,,,,,,,,,,,,,,,,,,,,,,,,,,,,,,,,
,,,,,,,,,,,,,,,,,,,,,,,,,,,,,,,,,
,,,,,,,,,,,,,,,,,,,,,,,,,,,,,,,,,
,,,,,,,,,,,,,,,,,,,,,,,,,,,,,,,,,
,,,,,,,,,,,,,,,,,,,,,,,,,,,,,,,,,
,,,,,,,,,,,,,,,,,,,,,,,,,,,,,,,,,
,,,,,,,,,,,,,,,,,,,,,,,,,,,,,,,,,
,,,,,,,,,,,,,,,,,,,,,,,,,,,,,,,,,
,,,,,,,,,,,,,,,,,,,,,,,,,,,,,,,,,
,,,,,,,,,,,,,,,,,,,,,,,,,,,,,,,,,
,,,,,,,,,,,,,,,,,,,,,,,,,,,,,,,,,
,,,,,,,,,,,,,,,,,,,,,,,,,,,,,,,,,
,,,,,,,,,,,,,,,,,,,,,,,,,,,,,,,,,
,,,,,,,,,,,,,,,,,,,,,,,,,,,,,,,,,
,,,,,,,,,,,,,,,,,,,,,,,,,,,,,,,,,
,,,,,,,,,,,,,,,,,,,,,,,,,,,,,,,,,
,,,,,,,,,,,,,,,,,,,,,,,,,,,,,,,,,
,,,,,,,,,,,,,,,,,,,,,,,,,FOLIAGE 2012,A. Foliage5,,,,,,,no