skip,sample_ID,material,amount_mg,d13C,C_amount_ug,d13C Comment,d15N,N_amount_ug,d15N Comment,Tray Name,Well Id,Analysis,Enriched?,Estimated Enrichment,OurLabID,Analysis Number,source_file,,,
skip,BLANK,Loose Litter,0,-33.24,2.28,Too small,,,Below detection,BBWM LL TRAY 2,E4,"13C, 15N",,,488656,50814,Copy of Spencer BBWMLLTray2 1112,,,
skip,BLANK,empty tin,0,-29.49,2.06,Too small,,,Below detection,BBWMLLTray3,D8,"13C, 15N",NO,,604105,88124,Spencer BBWM-LLTray3 0613,,,
skip,BLANK,EMPTY TIN,0,-32.38,1.88,Too small,,,Below detection,BBWMLLTray4,F9,"13C, 15N",NO,,604178,87895,Spencer BBWM-LLTray4 0613,,,
skip,Blank,BlankPellet,0,-31.42,34.76,Precision decreases for samples containing less than 100ugC,7.66,6.75,Too small,BBWMLL5,C2,"13C,15N",N/A,,604351,197500,Copy of Spencer BBWM-LL5 0913,,,
skip,Blank,BlankPellet,0,-26.88,7.2,Too small,-4.86,1.92,Too small,BBWMLL6,C2,"13C,15N",N/A,,621975,107854,Spencer BBWM-LL6 1113,,,
skip,Blank,,0,,,Below detection,173.67,2.01,Contains less nitrogen than smallest standard,Spencer Tray BBWMLL,G5,,,,,,Copy of Spencer BBWMLL1400-1900 0325 (sent),,,
,LL0611,Forest Floor litter,4.45,-26.74,2185.54,,54.32,63.65,,BBWMLLTray4,C1,"13C, 15N",Yes,,604134,87843,Spencer BBWM-LLTray4 0613,,,
,LL1001,Forest Floor litter,4.73,-26.97,2292.34,,118.29,64.85,,BBWMLLTray3,A1,"13C, 15N",Yes,,604062,88073,Spencer BBWM-LLTray3 0613,,,
,LL1002,Loose Litter,5.16,-28.73,2515.15,,114.77,89.1,,BBWM LL TRAY 2,A1,"13C, 15N",Yes,,488605,49702,Copy of Spencer BBWMLLTray2 1112,,,
,LL1003,Forest Floor litter,4.67,-29.01,2214.28,,160,70.87,,BBWMLLTray3,A2,"13C, 15N",Yes,,604063,88074,Spencer BBWM-LLTray3 0613,,,
,LL1004,Loose Litter,4.98,-29.12,2649.8,,179.65,86.14,,BBWM LL TRAY 2,A2,"13C, 15N",Yes,,488606,49703,Copy of Spencer BBWMLLTray2 1112,,,
,LL1005,Loose Litter,4.71,-28.35,2458.98,,154.69,90,,BBWM LL TRAY 2,A3,"13C, 15N",Yes,,488607,49704,Copy of Spencer BBWMLLTray2 1112,,,
,LL1011,Forest Floor litter,4.27,-26.53,2177.76,,87.51,59.42,,BBWMLLTray3,A3,"13C, 15N",Yes,,604064,88075,Spencer BBWM-LLTray3 0613,,,
,LL1012,Loose Litter,4.67,-26.42,2326.8,,58.63,60.11,,BBWM LL TRAY 2,A4,"13C, 15N",Yes,,488608,49705,Copy of Spencer BBWMLLTray2 1112,,,
,LL1013,Forest Floor litter,4.47,-26.93,2238.66,,131.52,53.82,,BBWMLLTray3,A4,"13C, 15N",Yes,,604065,88076,Spencer BBWM-LLTray3 0613,,,
,LL1014,Loose Litter,4.29,-26.43,2354.94,,48.23,60.01,,BBWM LL TRAY 2,A5,"13C, 15N",Yes,,488609,49706,Copy of Spencer BBWMLLTray2 1112,,,
,LL1015,Loose Litter,4.75,-25.75,2467.41,,106.31,37.58,,BBWM LL TRAY 2,A6,"13C, 15N",Yes,,488610,49707,Copy of Spencer BBWMLLTray2 1112,,,
,LL1021,Forest Floor litter,4.74,-28.51,1865.33,,267.29,82.41,,BBWMLLTray3,A5,"13C, 15N",Yes,,604066,88077,Spencer BBWM-LLTray3 0613,,,
,LL1022,Loose Litter,5.13,-28.14,2352.13,,71.81,95.28,,BBWM LL TRAY 2,A7,"13C, 15N",Yes,,488611,49708,Copy of Spencer BBWMLLTray2 1112,,,
,LL1023,Forest Floor litter,4.63,-28.88,2204.54,,216.81,88.99,,BBWMLLTray3,A6,"13C, 15N",Yes,,604067,88078,Spencer BBWM-LLTray3 0613,,,
,LL1024,Loose Litter,5.23,-28.08,2397.13,,61.73,104.19,,BBWM LL TRAY 2,A8,"13C, 15N",Yes,,488612,49709,Copy of Spencer BBWMLLTray2 1112,,,
,LL1025,Loose Litter,5.09,-28.29,2554.45,,83.54,113.05,,BBWM LL TRAY 2,A9,"13C, 15N",Yes,,488613,49710,Copy of Spencer BBWMLLTray2 1112,,,
,LL1031,Forest Floor litter,4.25,-26.85,2192.36,,84.02,54.58,,BBWMLLTray3,A7,"13C, 15N",Yes,,604068,88079,Spencer BBWM-LLTray3 0613,,,
,LL1032,Loose Litter,4.45,-26.99,2363.38,,69.79,59.65,,BBWM LL TRAY 2,A10,"13C, 15N",Yes,,488614,49711,Copy of Spencer BBWMLLTray2 1112,,,
,LL1033,Loose Litter,4.7,-27.66,2554.45,,124.04,57.19,,BBWM LL TRAY 2,A11,"13C, 15N",Yes,,488615,49712,Copy of Spencer BBWMLLTray2 1112,,,
,LL1034,Loose Litter,4.69,-27.11,2551.64,,47.37,71.54,,BBWM LL TRAY 2,A12,"13C, 15N",Yes,,488616,49713,Copy of Spencer BBWMLLTray2 1112,,,
,LL1035,Loose Litter,4.58,-26.87,2503.92,,80.24,52.53,,BBWM LL TRAY 2,B1,"13C, 15N",Yes,,488617,49717,Copy of Spencer BBWMLLTray2 1112,,,
,LL1041,Forest Floor litter,4.82,-28.33,2058.73,,142.11,72.22,,BBWMLLTray3,A8,"13C, 15N",Yes,,604069,88080,Spencer BBWM-LLTray3 0613,,,
,LL1042,Forest Floor litter,4.82,-27.79,1730.65,,162.84,67.26,,BBWMLLTray3,A9,"13C, 15N",Yes,,604070,88081,Spencer BBWM-LLTray3 0613,,,
,LL1043,Forest Floor litter,4.83,-29.03,2248.41,,65.74,82.71,,BBWMLLTray3,A10,"13C, 15N",Yes,,604071,88082,Spencer BBWM-LLTray3 0613,,,
,LL1047,Forest Floor litter,4.71,-28.43,2294.78,,215.3,73.42,,BBWMLLTray3,A11,"13C, 15N",Yes,,604072,88083,Spencer BBWM-LLTray3 0613,,,
,LL1048,Forest Floor litter,4.79,-28.65,2302.11,,105.3,83.76,,BBWMLLTray3,A12,"13C, 15N",Yes,,604073,88084,Spencer BBWM-LLTray3 0613,,,
,LL1101,Forest Floor litter,4.78,-27.25,2260.61,,135.14,68.91,,BBWMLLTray3,B1,"13C, 15N",Yes,,604074,88088,Spencer BBWM-LLTray3 0613,,,
,LL1102,Loose Litter,5.23,-28.69,2436.49,,253.41,86.32,,BBWM LL TRAY 2,B2,"13C, 15N",Yes,,488618,49718,Copy of Spencer BBWMLLTray2 1112,,,
,LL1103,Forest Floor litter,4.74,-28.81,2170.46,,158.34,64.54,,BBWMLLTray3,B2,"13C, 15N",Yes,,604075,88089,Spencer BBWM-LLTray3 0613,,,
,LL1104,Loose Litter,4.96,-27.67,2267.66,,246.03,72.36,,BBWM LL TRAY 2,B3,"13C, 15N",Yes,,488619,49719,Copy of Spencer BBWMLLTray2 1112,,,
,LL1105,Loose Litter,5.13,-29.13,2803.78,,164.27,75.07,,BBWM LL TRAY 2,B4,"13C, 15N",Yes,,488620,49720,Copy of Spencer BBWMLLTray2 1112,,,
,LL1111,Forest Floor litter,4.35,-25.96,2153.43,,94.7,36.21,,BBWMLLTray3,B3,"13C, 15N",Yes,,604076,88090,Spencer BBWM-LLTray3 0613,,,
,LL1112,Loose Litter,4.85,-27.18,2694.62,,39.81,84.79,,BBWM LL TRAY 2,B5,"13C, 15N",Yes,,488621,49721,Copy of Spencer BBWMLLTray2 1112,,,
,LL1113,Forest Floor litter,4.36,-26.8,2138.84,,178.65,42.14,,BBWMLLTray3,B4,"13C, 15N",Yes,,604077,88091,Spencer BBWM-LLTray3 0613,,,
,LL1114,Loose Litter,4.39,-26.46,2512.34,,73.19,55,,BBWM LL TRAY 2,B6,"13C, 15N",Yes,,488622,49722,Copy of Spencer BBWMLLTray2 1112,,,
,LL1115,Loose Litter,4.56,-26.51,2464.6,,99.37,57.01,,BBWM LL TRAY 2,B7,"13C, 15N",Yes,,488623,49723,Copy of Spencer BBWMLLTray2 1112,,,
,LL1121,Forest Floor litter,4.61,-27.19,2285.01,,54.74,79.72,,BBWMLLTray3,B5,"13C, 15N",Yes,,604078,88092,Spencer BBWM-LLTray3 0613,,,
,LL1122,Loose Litter,4.9,-28.52,2447.74,,79.31,99.74,,BBWM LL TRAY 2,B8,"13C, 15N",Yes,,488624,49724,Copy of Spencer BBWMLLTray2 1112,,,
,LL1123,Forest Floor litter,4.73,-28.44,2311.88,,160.11,90.48,,BBWMLLTray3,B6,"13C, 15N",Yes,,604079,88093,Spencer BBWM-LLTray3 0613,,,
,LL1124,Loose Litter,4.66,-27.98,2194.38,,87.16,85.78,,BBWM LL TRAY 2,B9,"13C, 15N",Yes,,488625,49725,Copy of Spencer BBWMLLTray2 1112,,,
,LL1125,Loose Litter,4.95,-28.35,2548.84,,230,87.4,,BBWM LL TRAY 2,B10,"13C, 15N",Yes,,488626,49726,Copy of Spencer BBWMLLTray2 1112,,,
,LL1131,Forest Floor litter,4.33,-26.57,2160.73,,103.79,67.71,,BBWMLLTray3,B7,"13C, 15N",Yes,,604080,88094,Spencer BBWM-LLTray3 0613,,,
,LL1132,Forest Floor litter,4.33,-27.25,2141.27,,192.1,69.51,,BBWMLLTray3,B8,"13C, 15N",Yes,,604081,88095,Spencer BBWM-LLTray3 0613,,,
,LL1133,Loose Litter,4.77,-27.05,2414.01,,269.08,53.45,,BBWM LL TRAY 2,B11,"13C, 15N",Yes,,488627,49727,Copy of Spencer BBWMLLTray2 1112,,,
,LL1134,Loose Litter,4.77,-27.09,2450.55,,41.99,77.68,,BBWM LL TRAY 2,B12,"13C, 15N",Yes,,488628,49728,Copy of Spencer BBWMLLTray2 1112,,,
,LL1135,Loose Litter,4.58,-26.96,2388.7,,66.51,60.65,,BBWM LL TRAY 2,C1,"13C, 15N",Yes,,488629,49732,Copy of Spencer BBWMLLTray2 1112,,,
,LL1201,Forest Floor litter,4.82,-26.71,2380.38,,124.02,70.26,,BBWMLLTray3,B9,"13C, 15N",Yes,,604082,88096,Spencer BBWM-LLTray3 0613,,,
,LL1202,Loose Litter,4.73,-28.98,1673.7,,190.57,53.9,,BBWM LL TRAY 2,C3,"13C, 15N",Yes,,488631,49734,Copy of Spencer BBWMLLTray2 1112,,,
,LL1203,Forest Floor litter,4.74,-28.47,2155.86,,144.61,82.86,,BBWMLLTray3,B10,"13C, 15N",Yes,,604083,88097,Spencer BBWM-LLTray3 0613,,,
,LL1204,Loose Litter,4.75,-29.57,2225.39,,261.57,62.65,,BBWM LL TRAY 2,C4,"13C, 15N",Yes,,488632,49735,Copy of Spencer BBWMLLTray2 1112,,,
,LL1205,Loose Litter,4.83,-28.31,2383.07,,259.12,79.4,,BBWM LL TRAY 2,C5,"13C, 15N",Yes,,488633,49736,Copy of Spencer BBWMLLTray2 1112,,,
,LL1211,Forest Floor litter,4.35,-26.2,2238.66,,61.52,65.75,,BBWMLLTray3,B11,"13C, 15N",Yes,,604084,88098,Spencer BBWM-LLTray3 0613,,,
,LL1212,Loose Litter,4.69,-25.95,2616.16,,70.01,52.9,,BBWM LL TRAY 2,C6,"13C, 15N",Yes,,488634,49737,Copy of Spencer BBWMLLTray2 1112,,,
,LL1213,Forest Floor litter,4.53,-26.99,2277.69,,135.04,56.7,,BBWMLLTray3,B12,"13C, 15N",Yes,,604085,88099,Spencer BBWM-LLTray3 0613,,,
,LL1214,Loose Litter,4.59,-26.37,2340.87,,193.81,45.12,,BBWM LL TRAY 2,C7,"13C, 15N",Yes,,488635,49738,Copy of Spencer BBWMLLTray2 1112,,,
,LL1215,Loose Litter,4.26,-25.92,2067.38,,127.69,45.3,,BBWM LL TRAY 2,C8,"13C, 15N",Yes,,488636,49739,Copy of Spencer BBWMLLTray2 1112,,,
,LL1221,Forest Floor litter,4.72,-28.22,1947.38,,188.26,73.87,,BBWMLLTray3,C1,"13C, 15N",Yes,,604086,88102,Spencer BBWM-LLTray3 0613,,,
,LL1222,Loose Litter,4.94,-27.65,2565.67,,57.89,92.59,,BBWM LL TRAY 2,C9,"13C, 15N",Yes,,488637,49740,Copy of Spencer BBWMLLTray2 1112,,,
,LL1223,Forest Floor litter,4.71,-28.64,2099.97,,299.28,74.32,,BBWMLLTray3,C2,"13C, 15N",Yes,,604087,88103,Spencer BBWM-LLTray3 0613,,,
,LL1224,Loose Litter,4.99,-28.41,2236.67,,24.46,93.49,,BBWM LL TRAY 2,C10,"13C, 15N",Yes,,488638,49741,Copy of Spencer BBWMLLTray2 1112,,,
,LL1225,Loose Litter,4.88,-27.29,2630.18,,85.01,74.34,,BBWM LL TRAY 2,C11,"13C, 15N",Yes,,488639,49742,Copy of Spencer BBWMLLTray2 1112,,,
,LL1231,Forest Floor litter,4.27,-26.28,2129.12,,113.09,48.22,,BBWMLLTray3,C3,"13C, 15N",Yes,,604088,88104,Spencer BBWM-LLTray3 0613,,,
,LL1232,Forest Floor litter,4.37,-26.87,2136.41,,85.8,62.58,,BBWMLLTray3,C4,"13C, 15N",Yes,,604089,88105,Spencer BBWM-LLTray3 0613,,,
,LL1233,Loose Litter,4.42,-27.63,2202.84,,71.06,62.02,,BBWM LL TRAY 2,C12,"13C, 15N",Yes,,488640,49743,Copy of Spencer BBWMLLTray2 1112,,,
,LL1234,Loose Litter,4.69,-27.22,2447.74,,78.84,64.2,,BBWM LL TRAY 2,D1,"13C, 15N",Yes,,488641,49746,Copy of Spencer BBWMLLTray2 1112,,,
,LL1235,Loose Litter,4.36,-26.58,2323.98,,154.97,41.07,,BBWM LL TRAY 2,D2,"13C, 15N",Yes,,488642,49747,Copy of Spencer BBWMLLTray2 1112,,,
,LL1241,Forest Floor litter,4.66,-28.36,1988.49,,285.73,72.97,,BBWMLLTray3,C5,"13C, 15N",Yes,,604090,88106,Spencer BBWM-LLTray3 0613,,,
,LL1242,Forest Floor litter,4.8,-28.05,2206.97,,164.79,86.3,,BBWMLLTray3,C7,"13C, 15N",Yes,,604092,88108,Spencer BBWM-LLTray3 0613,,,
,LL1243,Forest Floor litter,4.75,-28.15,2221.59,,162.11,61.83,,BBWMLLTray3,C8,"13C, 15N",Yes,,604093,88109,Spencer BBWM-LLTray3 0613,,,
,LL1247,Forest Floor litter,4.81,-28.35,2355.9,,167.35,83.31,,BBWMLLTray3,C9,"13C, 15N",Yes,,604094,88110,Spencer BBWM-LLTray3 0613,,,
,LL1248,Forest Floor litter,4.9,-28.31,2275.25,,53.11,83.76,,BBWMLLTray3,C10,"13C, 15N",Yes,,604095,88111,Spencer BBWM-LLTray3 0613,,,
,LL1249,Forest Floor litter,4.78,-29.12,1761.86,,452.52,60.02,,BBWMLLTray3,C11,"13C, 15N",Yes,,604096,88112,Spencer BBWM-LLTray3 0613,,,
,LL1301,Forest Floor litter,4.62,-27.51,2075.7,,128.96,58.96,,BBWMLLTray3,C12,"13C, 15N",Yes,,604097,88113,Spencer BBWM-LLTray3 0613,,,
,LL1302,Loose Litter,5.17,-28.76,2425.25,,159.11,70.46,,BBWM LL TRAY 2,D3,"13C, 15N",Yes,,488643,49748,Copy of Spencer BBWMLLTray2 1112,,,
,LL1303,Forest Floor litter,4.77,-28.79,2243.53,,131,77.92,,BBWMLLTray3,D1,"13C, 15N",Yes,,604098,88117,Spencer BBWM-LLTray3 0613,,,
,LL1304,Loose Litter,5.21,-28.93,2571.28,,363.93,57.92,,BBWM LL TRAY 2,D4,"13C, 15N",Yes,,488644,49749,Copy of Spencer BBWMLLTray2 1112,,,
,LL1305,Loose Litter,4.75,-29.62,2357.75,,108.86,78.77,,BBWM LL TRAY 2,D5,"13C, 15N",Yes,,488645,49750,Copy of Spencer BBWMLLTray2 1112,,,
,LL1311,Forest Floor litter,4.43,-26.47,2131.55,,40.27,61.53,,BBWMLLTray3,D2,"13C, 15N",Yes,,604099,88118,Spencer BBWM-LLTray3 0613,,,
,LL1312,Loose Litter,4.37,-27.17,2394.32,,9.95,76.78,,BBWM LL TRAY 2,D6,"13C, 15N",Yes,,488646,49751,Copy of Spencer BBWMLLTray2 1112,,,
,LL1313,Forest Floor litter,4.48,-26.69,1855.69,,30.39,55.03,,BBWMLLTray3,D3,"13C, 15N",Yes,,604100,88119,Spencer BBWM-LLTray3 0613,,,
,LL1314,Loose Litter,4.7,-26.05,2495.5,,51.34,67.65,,BBWM LL TRAY 2,D7,"13C, 15N",Yes,,488647,49752,Copy of Spencer BBWMLLTray2 1112,,,
,LL1315,Loose Litter,4.45,-26.36,2360.57,,12.29,79.76,,BBWM LL TRAY 2,D8,"13C, 15N",Yes,,488648,49753,Copy of Spencer BBWMLLTray2 1112,,,
,LL1321,Forest Floor litter,4.79,-27.97,2304.55,,272.52,90.03,,BBWMLLTray3,D4,"13C, 15N",Yes,,604101,88120,Spencer BBWM-LLTray3 0613,,,
,LL1322,Loose Litter,4.99,-28.18,2262.03,,198.66,76.06,,BBWM LL TRAY 2,D9,"13C, 15N",Yes,,488649,49754,Copy of Spencer BBWMLLTray2 1112,,,
,LL1323,Forest Floor litter,4.75,-28.67,2250.85,,364.74,79.87,,BBWMLLTray3,D5,"13C, 15N",Yes,,604102,88121,Spencer BBWM-LLTray3 0613,,,
,LL1324,Loose Litter,4.75,-28.52,2315.54,,168.06,94.38,,BBWM LL TRAY 2,D10,"13C, 15N",Yes,,488650,49755,Copy of Spencer BBWMLLTray2 1112,,,
,LL1325,Loose Litter,5.2,-28.6,2588.12,,202.93,106.85,,BBWM LL TRAY 2,D11,"13C, 15N",Yes,,488651,49756,Copy of Spencer BBWMLLTray2 1112,,,
,LL1331,Forest Floor litter,4.38,-26.51,2160.73,,67.3,64.24,,BBWMLLTray3,D6,"13C, 15N",Yes,,604103,88122,Spencer BBWM-LLTray3 0613,,,
,LL1332,Forest Floor litter,4.4,-26.88,2126.69,,56.77,71.32,,BBWMLLTray3,D7,"13C, 15N",Yes,,604104,88123,Spencer BBWM-LLTray3 0613,,,
,LL1333,Loose Litter,4.27,-26.58,2149.25,,64.83,48.78,,BBWM LL TRAY 2,D12,"13C, 15N",Yes,,488652,49757,Copy of Spencer BBWMLLTray2 1112,,,
,LL1334,Loose Litter,4.45,-26.98,2204.01,,46.63,66.62,,BBWM LL TRAY 2,E1,"13C, 15N",Yes,,488653,50811,Copy of Spencer BBWMLLTray2 1112,,,
,LL1335,Loose Litter,4.3,-26.73,2244.9,,160.54,53.19,,BBWM LL TRAY 2,E2,"13C, 15N",Yes,,488654,50812,Copy of Spencer BBWMLLTray2 1112,,,
,LL1401,Forest Floor litter,4.78,-26.99,2381.15,,185.18,59.5,,BBWMLLTray4,A1,"13C, 15N",Yes,,604110,87810,Spencer BBWM-LLTray4 0613,,,
,LL1402,,4.17,-27.15,2358.51,Contains more carbon than the largest standard,309.72,70.73,,Spencer Tray BBWMLL,A1,,,,,,Copy of Spencer BBWMLL1400-1900 0325 (sent),,,
,LL1403,Forest Floor litter,4.86,-28.14,2099.02,,143.56,82.33,,BBWMLLTray4,A2,"13C, 15N",Yes,,604111,87811,Spencer BBWM-LLTray4 0613,,,
,LL1404,,4.16,-26.43,2094.66,,186.38,71.76,,Spencer Tray BBWMLL,A2,,,,,,Copy of Spencer BBWMLL1400-1900 0325 (sent),,,
,LL1405,,4.17,-24.4,2143.91,,332.39,41.68,,Spencer Tray BBWMLL,A3,,,,,,Copy of Spencer BBWMLL1400-1900 0325 (sent),,,
,LL1411,Forest Floor litter,4.4,-29.8,10.84,Too small,,,Below detection,BBWMLLTray4,A3,"13C, 15N",Yes,,604112,87812,Spencer BBWM-LLTray4 0613,,,
,LL1412,,4.18,-23.9,2277,,79.01,50.31,,Spencer Tray BBWMLL,A4,,,,,,Copy of Spencer BBWMLL1400-1900 0325 (sent),,,
,LL1413,Forest Floor litter,4.42,-26.02,2294.05,,64.82,34.79,,BBWMLLTray4,A4,"13C, 15N",Yes,,604113,87813,Spencer BBWM-LLTray4 0613,,,
,LL1414,,4.12,-23.61,2139.94,,201.25,37.37,,Spencer Tray BBWMLL,A5,,,,,,Copy of Spencer BBWMLL1400-1900 0325 (sent),,,
,LL1415,,3.97,-24.32,2215.43,,229.79,49.23,,Spencer Tray BBWMLL,A6,,,,,,Copy of Spencer BBWMLL1400-1900 0325 (sent),,,
,LL1421,Forest Floor litter,4.67,-28.2,1928.9,,422.2,66.26,,BBWMLLTray4,A5,"13C, 15N",Yes,,604114,87814,Spencer BBWM-LLTray4 0613,,,
,LL1422,,4.35,-26.34,2292.48,,288.2,65.86,,Spencer Tray BBWMLL,A7,,,,,,Copy of Spencer BBWMLL1400-1900 0325 (sent),,,
,LL1423,Forest Floor litter,4.82,-28.59,2315.8,,194.57,87.66,,BBWMLLTray4,A6,"13C, 15N",Yes,,604115,87815,Spencer BBWM-LLTray4 0613,,,
,LL1424,,4.31,-26.51,2191.91,,160.26,80.14,,Spencer Tray BBWMLL,A8,,,,,,Copy of Spencer BBWMLL1400-1900 0325 (sent),,,
,LL1425,,4.41,-27.46,2134.07,,281.01,58.1,,Spencer Tray BBWMLL,A9,,,,,,Copy of Spencer BBWMLL1400-1900 0325 (sent),,,
,LL1431,Forest Floor litter,4.46,-26.82,2337.57,,50.84,71.93,,BBWMLLTray4,A7,"13C, 15N",Yes,,604116,87816,Spencer BBWM-LLTray4 0613,,,
,LL1432,Forest Floor litter,4.28,-27.13,2077.43,,73.76,42.84,,BBWMLLTray4,A8,"13C, 15N",Yes,,604117,87817,Spencer BBWM-LLTray4 0613,,,
,LL1433,,4.25,-26.15,2193.8,,269.71,53.24,,Spencer Tray BBWMLL,A10,,,,,,Copy of Spencer BBWMLL1400-1900 0325 (sent),,,
,LL1434,,4,-25.56,2077.67,,123.78,43.42,,Spencer Tray BBWMLL,A11,,,,,,Copy of Spencer BBWMLL1400-1900 0325 (sent),,,
,LL1435,,4.04,-25.6,2110.44,,51.44,48.23,,Spencer Tray BBWMLL,A12,,,,,,Copy of Spencer BBWMLL1400-1900 0325 (sent),,,
,LL1441,Forest Floor litter,4.72,-27.7,2040.76,,101.92,59.81,,BBWMLLTray4,A9,"13C, 15N",Yes,,604118,87818,Spencer BBWM-LLTray4 0613,,,
,LL1442,Forest Floor litter,4.82,-27.9,1815.33,,106.33,79.12,,BBWMLLTray4,A10,"13C, 15N",Yes,,604119,87819,Spencer BBWM-LLTray4 0613,,,
,LL1443,Forest Floor litter,4.85,-27.81,2294.05,,263.2,72.39,,BBWMLLTray4,A11,"13C, 15N",Yes,,604120,87820,Spencer BBWM-LLTray4 0613,,,
,LL1447,Forest Floor litter,4.75,-27.74,1604.42,,84.23,62.42,,BBWMLLTray4,A12,"13C, 15N",Yes,,604121,87821,Spencer BBWM-LLTray4 0613,,,
,LL1448,Forest Floor litter,4.83,-28.32,2272.31,,325.89,78.05,,BBWMLLTray4,B1,"13C, 15N",Yes,,604122,87825,Spencer BBWM-LLTray4 0613,,,
,LL1449,Forest Floor litter,4.78,-28.02,2250.6,,313.09,79.58,,BBWMLLTray4,B2,"13C, 15N",Yes,,604123,87826,Spencer BBWM-LLTray4 0613,,,
,LL1501,Forest Floor litter,4.64,-27.86,2250.6,,144.62,65.19,,BBWMLLTray4,B3,"13C, 15N",Yes,,604124,87827,Spencer BBWM-LLTray4 0613,,,
,LL1502,,4.28,-28.57,1962.7,,60.6,66.91,,Spencer Tray BBWMLL,B1,,,,,,Copy of Spencer BBWMLL1400-1900 0325 (sent),,,
,LL1503,Forest Floor litter,4.74,-28.5,2228.89,,102.49,68.56,,BBWMLLTray4,B4,"13C, 15N",Yes,,604125,87828,Spencer BBWM-LLTray4 0613,,,
,LL1504,,4.11,-29.16,1760.36,,184.94,38.68,,Spencer Tray BBWMLL,B2,,,,,,Copy of Spencer BBWMLL1400-1900 0325 (sent),,,
,LL1505,,4.07,-29.35,2061.87,,99.21,71.14,,Spencer Tray BBWMLL,B3,,,,,,Copy of Spencer BBWMLL1400-1900 0325 (sent),,,
,LL1511,Forest Floor litter,4.4,-26.46,2207.21,,29.05,49.8,,BBWMLLTray4,B5,"13C, 15N",Yes,,604126,87829,Spencer BBWM-LLTray4 0613,,,
,LL1512,,3.99,-26.66,2156.16,,99.6,48.1,,Spencer Tray BBWMLL,B4,,,,,,Copy of Spencer BBWMLL1400-1900 0325 (sent),,,
,LL1513,Forest Floor litter,4.34,-26.91,2185.54,,260.43,47.79,,BBWMLLTray4,B6,"13C, 15N",Yes,,604127,87830,Spencer BBWM-LLTray4 0613,,,
,LL1514,,4.18,-26.71,2115.81,,58.44,58.13,,Spencer Tray BBWMLL,B5,,,,,,Copy of Spencer BBWMLL1400-1900 0325 (sent),,,
,LL1515,,3.98,-27.87,2451.59,Contains more carbon than the largest standard,70.42,74.78,,Spencer Tray BBWMLL,B6,,,,,,Copy of Spencer BBWMLL1400-1900 0325 (sent),,,
,LL1521,Forest Floor litter,4.83,-27.18,2381.15,,52.67,79.73,,BBWMLLTray4,B7,"13C, 15N",Yes,,604128,87831,Spencer BBWM-LLTray4 0613,,,
,LL1522,,4.18,-28.05,2024.23,,45.22,86.07,,Spencer Tray BBWMLL,B7,,,,,,Copy of Spencer BBWMLL1400-1900 0325 (sent),,,
,LL1523,Forest Floor litter,4.8,-28.14,2120.62,,96.99,82.79,,BBWMLLTray4,B8,"13C, 15N",Yes,,604129,87832,Spencer BBWM-LLTray4 0613,,,
,LL1525,,4.07,-28.06,1921.37,,34.17,87.3,,Spencer Tray BBWMLL,B10,,,,,,Copy of Spencer BBWMLL1400-1900 0325 (sent),,,
,LL1531,Forest Floor litter,4.29,-26.84,2142.24,,78.36,63.04,,BBWMLLTray4,B9,"13C, 15N",Yes,,604130,87833,Spencer BBWM-LLTray4 0613,,,
,LL1532,Forest Floor litter,4.33,-27.22,2142.24,,66.91,68.1,,BBWMLLTray4,B10,"13C, 15N",Yes,,604131,87834,Spencer BBWM-LLTray4 0613,,,
,LL1533,,4.14,-27.02,2185.52,,68.55,54.96,,Spencer Tray BBWMLL,B11,,,,,,Copy of Spencer BBWMLL1400-1900 0325 (sent),,,
,LL1534,,4.03,-28.59,1998.28,,66.22,78.37,,Spencer Tray BBWMLL,B8,,,,,,Copy of Spencer BBWMLL1400-1900 0325 (sent),,,
,LL1534,,4.02,-26.94,2074.82,,59.82,54.81,,Spencer Tray BBWMLL,B12,,,,,,Copy of Spencer BBWMLL1400-1900 0325 (sent),,,
,LL1535,,3.88,-27.17,2142.63,,53.74,49.15,,Spencer Tray BBWMLL,C1,,,,,,Copy of Spencer BBWMLL1400-1900 0325 (sent),,,
,LL1601,Forest Floor litter,4.8,-26.08,2337.57,,250.74,47.64,,BBWMLLTray4,B11,"13C, 15N",Yes,,604132,87835,Spencer BBWM-LLTray4 0613,,,
,LL1602,,4.08,-29.02,1949.95,,147.88,59.78,,Spencer Tray BBWMLL,C2,,,,,,Copy of Spencer BBWMLL1400-1900 0325 (sent),,,
,LL1603,Forest Floor litter,4.73,-28.57,2038.61,,294.12,76.83,,BBWMLLTray4,B12,"13C, 15N",Yes,,604133,87836,Spencer BBWM-LLTray4 0613,,,
,LL1604,,4.19,-28.72,1966.19,,126.96,60.12,,Spencer Tray BBWMLL,C3,,,,,,Copy of Spencer BBWMLL1400-1900 0325 (sent),,,
,LL1605,,4.12,-28.39,1936.15,,132.53,64.83,,Spencer Tray BBWMLL,C4,,,,,,Copy of Spencer BBWMLL1400-1900 0325 (sent),,,
,LL1612,,3.94,-26.79,1978.81,,100.99,53.82,,Spencer Tray BBWMLL,C5,,,,,,Copy of Spencer BBWMLL1400-1900 0325 (sent),,,
,LL1613,Forest Floor litter,4.24,-26.6,2142.24,,40.94,46.86,,BBWMLLTray4,C2,"13C, 15N",Yes,,604135,87844,Spencer BBWM-LLTray4 0613,,,
,LL1614,,4.18,-26.6,2114.68,,121.66,48.09,,Spencer Tray BBWMLL,C6,,,,,,Copy of Spencer BBWMLL1400-1900 0325 (sent),,,
,LL1615,,4.16,-26.47,1976.06,,76.79,49.38,,Spencer Tray BBWMLL,C7,,,,,,Copy of Spencer BBWMLL1400-1900 0325 (sent),,,
,LL1621,Forest Floor litter,4.88,-28.35,2337.57,,251.5,92.69,,BBWMLLTray4,C3,"13C, 15N",Yes,,604136,87845,Spencer BBWM-LLTray4 0613,,,
,LL1622,,4.12,-28.61,1908.23,,80.96,76.85,,Spencer Tray BBWMLL,C8,,,,,,Copy of Spencer BBWMLL1400-1900 0325 (sent),,,
,LL1623,Forest Floor litter,4.68,-28.43,2272.31,,277.85,88.58,,BBWMLLTray4,C4,"13C, 15N",Yes,,604137,87846,Spencer BBWM-LLTray4 0613,,,
,LL1624,,4.35,-28.16,1869.41,,39.89,73.85,,Spencer Tray BBWMLL,C9,,,,,,Copy of Spencer BBWMLL1400-1900 0325 (sent),,,
,LL1625,,4.44,-28.84,1793.99,,46.93,72.25,,Spencer Tray BBWMLL,C10,,,,,,Copy of Spencer BBWMLL1400-1900 0325 (sent),,,
,LL1631,Forest Floor litter,4.44,-27.25,2250.6,,55.98,66.26,,BBWMLLTray4,C5,"13C, 15N",Yes,,604138,87847,Spencer BBWM-LLTray4 0613,,,
,LL1632,Forest Floor litter,4.38,-26.78,2163.88,,54.14,59.04,,BBWMLLTray4,C7,"13C, 15N",Yes,,604140,87849,Spencer BBWM-LLTray4 0613,,,
,LL1633,,4.08,-27.64,2075.82,,268.62,46.67,,Spencer Tray BBWMLL,C11,,,,,,Copy of Spencer BBWMLL1400-1900 0325 (sent),,,
,LL1634,,4.17,-27.08,1994.16,,50.08,54.98,,Spencer Tray BBWMLL,C12,,,,,,Copy of Spencer BBWMLL1400-1900 0325 (sent),,,
,LL1635,,3.9,-27.35,2111.83,,92.38,56.78,,Spencer Tray BBWMLL,D1,,,,,,Copy of Spencer BBWMLL1400-1900 0325 (sent),,,
,LL1641,Forest Floor litter,4.71,-28.02,2142.24,,94.71,69.64,,BBWMLLTray4,C8,"13C, 15N",Yes,,604141,87850,Spencer BBWM-LLTray4 0613,,,
,LL1642,Forest Floor litter,4.88,-28.06,2077.43,,193.53,74.08,,BBWMLLTray4,C9,"13C, 15N",Yes,,604142,87851,Spencer BBWM-LLTray4 0613,,,
,LL1643,Forest Floor litter,4.82,-29.26,2207.21,,142.75,85.38,,BBWMLLTray4,C10,"13C, 15N",Yes,,604143,87852,Spencer BBWM-LLTray4 0613,,,
,LL1647,Forest Floor litter,4.65,-27.89,2207.21,,53.65,86.9,,BBWMLLTray4,C11,"13C, 15N",Yes,,604144,87853,Spencer BBWM-LLTray4 0613,,,
,LL1648,Forest Floor litter,4.74,-28.39,2032.14,,166.42,75.61,,BBWMLLTray4,C12,"13C, 15N",Yes,,604145,87854,Spencer BBWM-LLTray4 0613,,,
,LL1649,Forest Floor litter,4.68,-28.45,2185.54,,353.68,82.33,,BBWMLLTray4,D1,"13C, 15N",Yes,,604146,87858,Spencer BBWM-LLTray4 0613,,,
,LL1701,Forest Floor litter,4.78,-27.24,2337.57,,165.57,76.83,,BBWMLLTray4,D2,"13C, 15N",Yes,,604147,87859,Spencer BBWM-LLTray4 0613,,,
,LL1702,,4.38,-29.2,2137.25,,27.1,77.52,,Spencer Tray BBWMLL,D2,,,,,,Copy of Spencer BBWMLL1400-1900 0325 (sent),,,
,LL1703,Forest Floor litter,4.66,-28.93,2228.89,,156.41,74.69,,BBWMLLTray4,D3,"13C, 15N",Yes,,604148,87860,Spencer BBWM-LLTray4 0613,,,
,LL1704,,4.06,-28.92,1770.01,,603.29,52.81,,Spencer Tray BBWMLL,D3,,,,,,Copy of Spencer BBWMLL1400-1900 0325 (sent),,,
,LL1705,,4.07,-29.44,2176.26,,169.34,90.79,,Spencer Tray BBWMLL,D4,,,,,,Copy of Spencer BBWMLL1400-1900 0325 (sent),,,
,LL1711,Forest Floor litter,4.36,-25.47,2142.24,,73.71,29.98,,BBWMLLTray4,D4,"13C, 15N",Yes,,604149,87861,Spencer BBWM-LLTray4 0613,,,
,LL1712,,3.9,-26.25,1600.84,,150.44,38.65,,Spencer Tray BBWMLL,D5,,,,,,Copy of Spencer BBWMLL1400-1900 0325 (sent),,,
,LL1713,Forest Floor litter,4.42,-24.84,2185.54,,201.54,20.8,,BBWMLLTray4,D5,"13C, 15N",Yes,,604150,87862,Spencer BBWM-LLTray4 0613,,,
,LL1714,,4.27,-27.06,2144.96,,114.14,40.19,,Spencer Tray BBWMLL,D6,,,,,,Copy of Spencer BBWMLL1400-1900 0325 (sent),,,
,LL1715,,4.01,-25.64,2117.72,,160.6,22.04,,Spencer Tray BBWMLL,D7,,,,,,Copy of Spencer BBWMLL1400-1900 0325 (sent),,,
,LL1721,Forest Floor litter,4.63,-28.15,2185.54,,116.45,95.12,,BBWMLLTray4,D6,"13C, 15N",Yes,,604151,87863,Spencer BBWM-LLTray4 0613,,,
,LL1722,,4.11,-28.44,1990.68,,58.24,88.25,,Spencer Tray BBWMLL,D9,,,,,,Copy of Spencer BBWMLL1400-1900 0325 (sent),,,
,LL1723,Forest Floor litter,4.91,-27.56,2359.35,,74.67,93.9,,BBWMLLTray4,D7,"13C, 15N",Yes,,604152,87864,Spencer BBWM-LLTray4 0613,,,
,LL1724,,4.35,-28.41,2058.22,,31.24,84.51,,Spencer Tray BBWMLL,D10,,,,,,Copy of Spencer BBWMLL1400-1900 0325 (sent),,,
,LL1725,,4.16,-27.5,2019.24,,75.6,95.19,,Spencer Tray BBWMLL,D11,,,,,,Copy of Spencer BBWMLL1400-1900 0325 (sent),,,
,LL1731,Forest Floor litter,4.41,-25.5,2142.24,,193.53,31.53,,BBWMLLTray4,D8,"13C, 15N",Yes,,604153,87865,Spencer BBWM-LLTray4 0613,,,
,LL1732,Forest Floor litter,4.53,-27.27,2142.24,,69.48,66.88,,BBWMLLTray4,D9,"13C, 15N",Yes,,604154,87866,Spencer BBWM-LLTray4 0613,,,
,LL1733,,4.13,-26.49,2213.57,,125.95,44.72,,Spencer Tray BBWMLL,D12,,,,,,Copy of Spencer BBWMLL1400-1900 0325 (sent),,,
,LL1734,,4.21,-26.72,1862.93,,57.53,51.3,,Spencer Tray BBWMLL,E1,,,,,,Copy of Spencer BBWMLL1400-1900 0325 (sent),,,
,LL1735,,3.96,-25.74,2160.12,,146.18,34.79,,Spencer Tray BBWMLL,E2,,,,,,Copy of Spencer BBWMLL1400-1900 0325 (sent),,,
,LL1801,Forest Floor litter,4.76,-27.72,2272.31,,128.18,52.26,,BBWMLLTray4,D10,"13C, 15N",Yes,,604155,87867,Spencer BBWM-LLTray4 0613,,,
,LL1802,,4.3,-29.4,1607.56,,161.75,39.71,,Spencer Tray BBWMLL,E3,,,,,,Copy of Spencer BBWMLL1400-1900 0325 (sent),,,
,LL1803,Forest Floor litter,4.67,-28.93,2142.24,,111.4,56.58,,BBWMLLTray4,D11,"13C, 15N",Yes,,604156,87868,Spencer BBWM-LLTray4 0613,,,
,LL1804,,4.26,-30.07,2149.61,,102.24,51.14,,Spencer Tray BBWMLL,E4,,,,,,Copy of Spencer BBWMLL1400-1900 0325 (sent),,,
,LL1805,,4.37,-28.69,2020,,176.34,50.3,,Spencer Tray BBWMLL,E5,,,,,,Copy of Spencer BBWMLL1400-1900 0325 (sent),,,
,LL1811,Forest Floor litter,4.49,-26.51,2142.24,,78.38,47.64,,BBWMLLTray4,D12,"13C, 15N",Yes,,604157,87869,Spencer BBWM-LLTray4 0613,,,
,LL1812,,4.05,-26.2,1896.54,,88.75,44.17,,Spencer Tray BBWMLL,E6,,,,,,Copy of Spencer BBWMLL1400-1900 0325 (sent),,,
,LL1813,Forest Floor litter,4.52,-26.81,2272.31,,105.11,34.79,,BBWMLLTray4,E1,"13C, 15N",Yes,,604158,87873,Spencer BBWM-LLTray4 0613,,,
,LL1814,,4.31,-26.72,2227,,106.38,43.48,,Spencer Tray BBWMLL,E7,,,,,,Copy of Spencer BBWMLL1400-1900 0325 (sent),,,
,LL1815,,4.33,-26.58,2211.83,,81.75,59.18,,Spencer Tray BBWMLL,E8,,,,,,Copy of Spencer BBWMLL1400-1900 0325 (sent),,,
,LL1821,Forest Floor litter,4.75,-29.56,2185.54,,123,62.73,,BBWMLLTray4,E2,"13C, 15N",Yes,,604159,87874,Spencer BBWM-LLTray4 0613,,,
,LL1822,,4.13,-28.49,1933.64,,69.03,65.56,,Spencer Tray BBWMLL,E9,,,,,,Copy of Spencer BBWMLL1400-1900 0325 (sent),,,
,LL1823,Forest Floor litter,4.76,-29.18,2099.02,,155.52,63.34,,BBWMLLTray4,E3,"13C, 15N",Yes,,604160,87875,Spencer BBWM-LLTray4 0613,,,
,LL1824,,4.07,-27.53,1618.17,,57.95,66.56,,Spencer Tray BBWMLL,E10,,,,,,Copy of Spencer BBWMLL1400-1900 0325 (sent),,,
,LL1825,,4.17,-28.53,1823.23,,69.55,69.99,,Spencer Tray BBWMLL,E11,,,,,,Copy of Spencer BBWMLL1400-1900 0325 (sent),,,
,LL1831,Forest Floor litter,4.39,-25.79,2250.6,,62.75,40.06,,BBWMLLTray4,E4,"13C, 15N",Yes,,604161,87876,Spencer BBWM-LLTray4 0613,,,
,LL1832,Forest Floor litter,4.31,-27.02,2163.88,,80.15,59.35,,BBWMLLTray4,E5,"13C, 15N",Yes,,604162,87877,Spencer BBWM-LLTray4 0613,,,
,LL1833,,4.27,-28.42,1962.21,,202.11,64.48,,Spencer Tray BBWMLL,E12,,,,,,Copy of Spencer BBWMLL1400-1900 0325 (sent),,,
,LL1834,,4.1,-26.38,2046.84,,80.22,40.58,,Spencer Tray BBWMLL,F1,,,,,,Copy of Spencer BBWMLL1400-1900 0325 (sent),,,
,LL1835,,4.18,-26.02,2170.37,,187.04,37.81,,Spencer Tray BBWMLL,F2,,,,,,Copy of Spencer BBWMLL1400-1900 0325 (sent),,,
,LL1841,Forest Floor litter,4.83,-28.74,2099.02,,18.23,47.64,,BBWMLLTray4,E6,"13C, 15N",Yes,,604163,87878,Spencer BBWM-LLTray4 0613,,,
,LL1842,Forest Floor litter,4.87,-29.07,2359.35,,83.16,37.74,,BBWMLLTray4,E7,"13C, 15N",Yes,,604164,87879,Spencer BBWM-LLTray4 0613,,,
,LL1843,Forest Floor litter,4.69,-28.73,2185.54,,97,60.89,,BBWMLLTray4,E8,"13C, 15N",Yes,,604165,87880,Spencer BBWM-LLTray4 0613,,,
,LL1847,Forest Floor litter,4.73,-27.65,2045.07,,25.99,59.81,,BBWMLLTray4,E9,"13C, 15N",Yes,,604166,87881,Spencer BBWM-LLTray4 0613,,,
,LL1848,Forest Floor litter,4.85,-29.29,2337.57,,39.1,54.42,,BBWMLLTray4,E10,"13C, 15N",Yes,,604167,87882,Spencer BBWM-LLTray4 0613,,,
,LL1849,Forest Floor litter,4.77,-30.43,2272.31,,74.96,56.42,,BBWMLLTray4,E11,"13C, 15N",Yes,,604168,87883,Spencer BBWM-LLTray4 0613,,,
,LL1901,Forest Floor litter,4.82,-26.98,2402.97,,277.99,55.35,,BBWMLLTray4,E12,"13C, 15N",Yes,,604169,87884,Spencer BBWM-LLTray4 0613,,,
,LL1902,,4.11,-28.25,1810.49,,168.33,54.31,,Spencer Tray BBWMLL,F4,,,,,,Copy of Spencer BBWMLL1400-1900 0325 (sent),,,
,LL1903,Forest Floor litter,4.88,-28.83,2381.15,,50,58.58,,BBWMLLTray4,F1,"13C, 15N",Yes,,604170,87887,Spencer BBWM-LLTray4 0613,,,0.47920955
,LL1904,,4.3,-28.54,2125.33,,219.8,45.33,,Spencer Tray BBWMLL,F5,,,,,,Copy of Spencer BBWMLL1400-1900 0325 (sent),,,0.434278943
,LL1905,,4.38,-29.77,2296.73,,38.5,68.63,,Spencer Tray BBWMLL,F6,,,,,,Copy of Spencer BBWMLL1400-1900 0325 (sent),,,0.487466966
,LL1911,Forest Floor litter,4.33,-26.12,2163.88,,63.02,35.26,,BBWMLLTray4,F2,"13C, 15N",Yes,,604171,87888,Spencer BBWM-LLTray4 0613,,,0.395130157
,LL1912,,4.25,-26.3,2076.05,,66.46,46.5,,Spencer Tray BBWMLL,F7,,,,,,Copy of Spencer BBWMLL1400-1900 0325 (sent),,,0.439699051
,LL1913,Forest Floor litter,4.45,-26.72,2250.6,,188.09,28.42,,BBWMLLTray4,F3,"13C, 15N",Yes,,604172,87889,Spencer BBWM-LLTray4 0613,,,0.450096085
,LL1914,,4.22,-26.48,2207.06,,147.22,36.69,,Spencer Tray BBWMLL,F8,,,,,,Copy of Spencer BBWMLL1400-1900 0325 (sent),,,0.471375781
,LL1915,,4.16,-25.7,2176.24,,71.82,34.41,,Spencer Tray BBWMLL,F9,,,,,,Copy of Spencer BBWMLL1400-1900 0325 (sent),,,0.424756061
,LL1921,Forest Floor litter,4.81,-28.55,2359.35,,117.95,64.27,,BBWMLLTray4,F4,"13C, 15N",Yes,,604173,87890,Spencer BBWM-LLTray4 0613,,,0.468754383
,LL1922,,4.33,-29.38,2259.26,,97.75,73.52,,Spencer Tray BBWMLL,F10,,,,,,Copy of Spencer BBWMLL1400-1900 0325 (sent),,,0.464639479
,LL1923,Forest Floor litter,4.82,-28.59,2294.05,,107.84,81.41,,BBWMLLTray4,F5,"13C, 15N",Yes,,604174,87891,Spencer BBWM-LLTray4 0613,,,0.411458279
,LL1924,,4.45,-28.59,1744.58,,47.59,56.76,,Spencer Tray BBWMLL,F11,,,,,,Copy of Spencer BBWMLL1400-1900 0325 (sent),,,0.385072247
,LL1925,,4.09,-27.78,1999.22,,75.49,67.51,,Spencer Tray BBWMLL,F12,,,,,,Copy of Spencer BBWMLL1400-1900 0325 (sent),,,0.388415733
,LL1931,Forest Floor litter,4.78,-25.04,2402.97,,174.18,36.81,,BBWMLLTray4,F6,"13C, 15N",Yes,,604175,87892,Spencer BBWM-LLTray4 0613,,,0.433752665
,LL1932,Forest Floor litter,4.27,-27.07,2047.23,,63.97,68.26,,BBWMLLTray4,F7,"13C, 15N",Yes,,604176,87893,Spencer BBWM-LLTray4 0613,,,0.402499154
,LL1933,,3.91,-26.46,1721.87,,54.6,28.85,,Spencer Tray BBWMLL,G1,,,,,,Copy of Spencer BBWMLL1400-1900 0325 (sent),,,0.402640957
,LL1934,,4.17,-26.68,1855.16,,31.21,60.58,,Spencer Tray BBWMLL,G2,,,,,,Copy of Spencer BBWMLL1400-1900 0325 (sent),,,0.387626429
,LL1935,,4.14,-26.42,2050.32,,71.34,53.66,,Spencer Tray BBWMLL,G3,,,,,,Copy of Spencer BBWMLL1400-1900 0325 (sent),,,0.39199813
,LL2002,Forest Floor Litter,4.84,-28.89,2276.82,,109.81,55.06,,BBWMLL5,A1,"13C,15N",YES,,604326,197472,Copy of Spencer BBWM-LL5 0913,,,0.382803014
,LL2004,Forest Floor Litter,4.88,-30.22,2132.63,,53.2,60.34,,BBWMLL5,A2,"13C,15N",YES,,604327,197473,Copy of Spencer BBWM-LL5 0913,,,0.390465764
,LL2005,Forest Floor Litter,4.85,-29.29,2158.91,,107.64,68.08,,BBWMLL5,A3,"13C,15N",YES,,604328,197474,Copy of Spencer BBWM-LL5 0913,,,0.390295702
,LL2012,Forest Floor Litter,4.31,-27.93,2093.15,,79.21,48.69,,BBWMLL5,A4,"13C,15N",YES,,604329,197475,Copy of Spencer BBWM-LL5 0913,,,0.378774207
,LL2014,Forest Floor Litter,4.43,-26.7,2132.63,,47.05,42.8,,BBWMLL5,A5,"13C,15N",YES,,604330,197476,Copy of Spencer BBWM-LL5 0913,,,0.391316695
,LL2015,Forest Floor Litter,4.47,-27.55,2172.04,,34.24,47.99,,BBWMLL5,A6,"13C,15N",YES,,604331,197477,Copy of Spencer BBWM-LL5 0913,,,0.388130753
,LL2022,Forest Floor Litter,4.93,-28.98,2237.58,,57.12,74.13,,BBWMLL5,A7,"13C,15N",YES,,604332,197478,Copy of Spencer BBWM-LL5 0913,,,0.385912474
,LL2024,Forest Floor Litter,4.85,-28.72,2224.49,,52.23,76.57,,BBWMLL5,A8,"13C,15N",YES,,604333,197479,Copy of Spencer BBWM-LL5 0913,,,0.420244608
,LL2025,Forest Floor Litter,4.83,-29.29,2185.17,,60.08,80.24,,BBWMLL5,A9,"13C,15N",YES,,604334,197480,Copy of Spencer BBWM-LL5 0913,,,0.412615597
,LL2033,Forest Floor Litter,4.31,-27.35,2106.32,,352.96,37.01,,BBWMLL5,A10,"13C,15N",YES,,604335,197481,Copy of Spencer BBWM-LL5 0913,,,0.414649523
,LL2034,Forest Floor Litter,4.34,-27.28,2185.17,,76.58,49.28,,BBWMLL5,A11,"13C,15N",YES,,604336,197482,Copy of Spencer BBWM-LL5 0913,,,0.403147636
,LL2035,Forest Floor Litter,4.45,-27.36,2237.58,,48.35,53.75,,BBWMLL5,A12,"13C,15N",YES,,604337,197483,Copy of Spencer BBWM-LL5 0913,,,0.410685663
,LL2102,Forest Floor Litter,4.88,-29.83,2237.58,,159.71,61.48,,BBWMLL5,B1,"13C,15N",YES,,604338,197487,Copy of Spencer BBWM-LL5 0913,,,0.394319566
,LL2104,Forest Floor Litter,4.83,-29.89,2237.58,,64.05,55.88,,BBWMLL5,B2,"13C,15N",YES,,604339,197488,Copy of Spencer BBWM-LL5 0913,,,0.395841738
,LL2105,Forest Floor Litter,4.83,-29.89,2263.75,,108.38,65.07,,BBWMLL5,B3,"13C,15N",YES,,604340,197489,Copy of Spencer BBWM-LL5 0913,,,0.380858723
,LL2112,Forest Floor Litter,4.41,-27.25,2172.04,,54.76,40.77,,BBWMLL5,B4,"13C,15N",YES,,604341,197490,Copy of Spencer BBWM-LL5 0913,,,0.38342906
,LL2114,Forest Floor Litter,4.33,-26.77,2185.17,,19.5,39.55,,BBWMLL5,B5,"13C,15N",YES,,604342,197491,Copy of Spencer BBWM-LL5 0913,,,0.464241822
,LL2115,Forest Floor Litter,4.34,-26.97,2172.04,,44.53,43.09,,BBWMLL5,B6,"13C,15N",YES,,604343,197492,Copy of Spencer BBWM-LL5 0913,,,0.384576425
,LL2122,Forest Floor Litter,4.7,-29.3,2158.91,,95.06,78.4,,BBWMLL5,B7,"13C,15N",YES,,604344,197493,Copy of Spencer BBWM-LL5 0913,,,0.400007151
,LL2124,Forest Floor Litter,4.73,-28.89,2198.28,,73.54,66.27,,BBWMLL5,B8,"13C,15N",YES,,604345,197494,Copy of Spencer BBWM-LL5 0913,,,0.376194028
,LL2125,Forest Floor Litter,4.79,-28.71,2106.32,,38.36,86.4,,BBWMLL5,B9,"13C,15N",YES,,604346,197495,Copy of Spencer BBWM-LL5 0913,,,0.585996941
,LL2133,Forest Floor Litter,4.26,-26.86,2106.32,,122.28,40.71,,BBWMLL5,B10,"13C,15N",YES,,604347,197496,Copy of Spencer BBWM-LL5 0913,,,0.428067515
,LL2134,Forest Floor Litter,4.32,-26.64,2145.78,,104.53,27.29,,BBWMLL5,B11,"13C,15N",YES,,604348,197497,Copy of Spencer BBWM-LL5 0913,,,0.421179084
,LL2135,Forest Floor Litter,4.48,-26.27,2224.49,,40.82,36.38,,BBWMLL5,B12,"13C,15N",YES,,604349,197498,Copy of Spencer BBWM-LL5 0913,,,0.407944307
,LL2202,Forest Floor Litter,4.86,-29.26,2185.82,,126.13,68.3,,BBWMLL6,A1,"13C,15N",YES,,621950,107824,Spencer BBWM-LL6 1113,,,0.424882414
,LL2204,Forest Floor Litter,4.78,-29.08,2312.43,,65.07,78.07,,BBWMLL6,A2,"13C,15N",YES,,621951,107825,Spencer BBWM-LL6 1113,,,0.424763124
,LL2205,Forest Floor Litter,4.78,-29.3,2169.99,,75.07,75.17,,BBWMLL6,A3,"13C,15N",YES,,621952,107826,Spencer BBWM-LL6 1113,,,0.387554294
,LL2212,Forest Floor Litter,4.39,-26.09,2154.15,,28.44,43,,BBWMLL6,A4,"13C,15N",YES,,621953,107827,Spencer BBWM-LL6 1113,,,0.377702842
,LL2214,Forest Floor Litter,4.31,-26.95,2154.15,,76.73,49.45,,BBWMLL6,A5,"13C,15N",YES,,621954,107828,Spencer BBWM-LL6 1113,,,0.393885698
,LL2215,Forest Floor Litter,4.48,-26.15,2233.31,,29.53,41.11,,BBWMLL6,A6,"13C,15N",YES,,621955,107829,Spencer BBWM-LL6 1113,,,0.412247321
,LL2222,Forest Floor Litter,4.87,-29.43,2312.43,,27.4,91.95,,BBWMLL6,A7,"13C,15N",YES,,621956,107830,Spencer BBWM-LL6 1113,,,0.38729691
,LL2224,Forest Floor Litter,4.78,-29.61,2280.79,,54.11,80,,BBWMLL6,A8,"13C,15N",YES,,621957,107831,Spencer BBWM-LL6 1113,,,0.419625908
,LL2225,Forest Floor Litter,4.74,-29.07,2328.25,,79.31,88.82,,BBWMLL6,A9,"13C,15N",YES,,621958,107832,Spencer BBWM-LL6 1113,,,0.425302303
,LL2233,Forest Floor Litter,4.41,-27.13,1995.75,,99.42,51.95,,BBWMLL6,A10,"13C,15N",YES,,621959,107833,Spencer BBWM-LL6 1113,,,0.403604434
,LL2234,Forest Floor Litter,4.28,-26.71,2074.97,,43.24,51.69,,BBWMLL6,A11,"13C,15N",YES,,621960,107834,Spencer BBWM-LL6 1113,,,0.430620716
,LL2235,Forest Floor Litter,4.35,-26.88,1853.07,,20.18,55.79,,BBWMLL6,A12,"13C,15N",YES,,621961,107835,Spencer BBWM-LL6 1113,,,0.398684327
,LL2302,Forest Floor Litter,4.67,-28.61,2043.28,,129.71,62.9,,BBWMLL6,B1,"13C,15N",YES,,621962,107839,Spencer BBWM-LL6 1113,,,0.405111912
,LL2304,Forest Floor Litter,4.79,-29.47,2185.82,,42.62,59.97,,BBWMLL6,B2,"13C,15N",YES,,621963,107840,Spencer BBWM-LL6 1113,,,0.396130649
,LL2305,Forest Floor Litter,4.89,-29.66,2264.96,,72.3,74.03,,BBWMLL6,B3,"13C,15N",YES,,621964,107841,Spencer BBWM-LL6 1113,,,0.391489242
,LL2312,Forest Floor Litter,4.41,-26.77,1837.21,,41.26,41.38,,BBWMLL6,B4,"13C,15N",YES,,621965,107842,Spencer BBWM-LL6 1113,,,0.387449307
,LL2314,Forest Floor Litter,4.46,-26.95,2059.12,,49.64,48.2,,BBWMLL6,B5,"13C,15N",YES,,621966,107843,Spencer BBWM-LL6 1113,,,0.3916814
,LL2315,Forest Floor Litter,4.45,-27.26,2217.48,,49.33,41.38,,BBWMLL6,B6,"13C,15N",YES,,621967,107844,Spencer BBWM-LL6 1113,,,0.440011242
,LL2322,Forest Floor Litter,4.92,-29.12,1964.05,,20.2,67.94,,BBWMLL6,B7,"13C,15N",YES,,621968,107845,Spencer BBWM-LL6 1113,,,0.395570203
,LL2324,Forest Floor Litter,4.72,-29.38,2328.25,,32.87,83.76,,BBWMLL6,B8,"13C,15N",YES,,621969,107846,Spencer BBWM-LL6 1113,,,0.434520068
,LL2325,Forest Floor Litter,4.79,-29.09,2233.31,,131.79,82.01,,BBWMLL6,B9,"13C,15N",YES,,621970,107847,Spencer BBWM-LL6 1113,,,0.435284398
,LL2333,Forest Floor Litter,4.35,-26.66,2011.59,,41.72,47.75,,BBWMLL6,B10,"13C,15N",YES,,621971,107848,Spencer BBWM-LL6 1113,,,0.427701119
,LL2334,Forest Floor Litter,4.43,-27.21,2059.12,,29.79,61.12,,BBWMLL6,B11,"13C,15N",YES,,621972,107849,Spencer BBWM-LL6 1113,,,0.446458002
,LL2335,Forest Floor Litter,4.25,-26.64,2011.59,,38.59,45.24,,BBWMLL6,B12,"13C,15N",YES,,621973,107850,Spencer BBWM-LL6 1113,,,0.38035313
skip,RLL1135,Loose Litter,4.35,-26.87,2312.72,,67.06,58.65,,BBWM LL TRAY 2,C2,"13C, 15N",Yes,,488630,49733,Copy of Spencer BBWMLLTray2 1112,,,0.390551092
skip,RLL1241,Forest Floor litter,4.72,-28.38,2044.18,,285.97,74.62,,BBWMLLTray3,C6,"13C, 15N",Yes,,604091,88107,Spencer BBWM-LLTray3 0613,,,0.420004167
skip,RLL1335,Loose Litter,4.35,-26.68,2512.54,,158.86,60.22,,BBWM LL TRAY 2,E3,"13C, 15N",Yes,,488655,50813,Copy of Spencer BBWMLLTray2 1112,,,0.392508199
skip,RLL1524,,4.33,-28.7,2077.94,,65.76,82.07,,Spencer Tray BBWMLL,B9,,,,,,Copy of Spencer BBWMLL1400-1900 0325 (sent),,,0.401966913
skip,RLL1631,Forest Floor litter,4.54,-27.17,2315.8,,55.52,67.64,,BBWMLLTray4,C6,"13C, 15N",Yes,,604139,87848,Spencer BBWM-LLTray4 0613,,,0.383668673
skip,RLL1715,,4.26,-25.92,2324.74,Contains more carbon than the largest standard,160.27,23.88,,Spencer Tray BBWMLL,D8,,,,,,Copy of Spencer BBWMLL1400-1900 0325 (sent),,,0.393847602
skip,RLL1835,,4.14,-25.98,2150.09,,189.14,37.59,,Spencer Tray BBWMLL,F3,,,,,,Copy of Spencer BBWMLL1400-1900 0325 (sent),,,0.386224762
skip,RLL1932,Forest Floor litter,4.52,-27.06,2120.62,,64.02,71.47,,BBWMLLTray4,F8,"13C, 15N",Yes,,604177,87894,Spencer BBWM-LLTray4 0613,,,0.377693296
skip,RLL1935,,4.19,-26.52,2179.22,,71.41,56.6,,Spencer Tray BBWMLL,G4,,,,,,Copy of Spencer BBWMLL1400-1900 0325 (sent),,,0.39233217
skip,RLL2135,Forest Floor Litter,4.32,-26.27,2145.78,,40.94,35.51,,BBWMLL5,C1,"13C,15N",YES,,604350,197499,Copy of Spencer BBWM-LL5 0913,,,0.392357784
skip,RLL2335,Forest Floor Litter,4.24,-26.77,2106.64,,38.27,47.57,,BBWMLL6,C1,"13C,15N",YES,,621974,107853,Spencer BBWM-LL6 1113,,,0.429646132